{"type":"FeatureCollection","meta":{"source":"CapMetro static GTFS via data.texas.gov","version":"260826_0956 (20260826\u201320270109)"},"features":[{"type":"Feature","geometry":{"type":"MultiLineString","coordinates":[[[-97.76788,30.18943],[-97.76795,30.18927],[-97.76861,30.18952],[-97.77096,30.19077],[-97.77338,30.19156],[-97.77497,30.1919],[-97.77796,30.19297],[-97.77878,30.1931],[-97.77819,30.19456],[-97.77809,30.19453],[-97.77819,30.19456],[-97.77702,30.19742],[-97.77691,30.19739],[-97.77702,30.19742],[-97.77565,30.20217],[-97.77552,30.20214],[-97.77599,30.2009],[-97.77536,30.20329],[-97.77405,30.20669],[-97.77383,30.20712],[-97.77373,30.20711],[-97.77382,30.20714],[-97.77324,30.2082],[-97.7727,30.20909],[-97.7726,30.20904],[-97.7727,30.20909],[-97.77083,30.21207],[-97.77068,30.212],[-97.77083,30.21207],[-97.77008,30.21327],[-97.7693,30.21445],[-97.76915,30.21438],[-97.7693,30.21445],[-97.76713,30.21786],[-97.76696,30.21777],[-97.76712,30.21787],[-97.76488,30.22142],[-97.76729,30.22255],[-97.76645,30.22372],[-97.76597,30.22333],[-97.76667,30.22226],[-97.76488,30.22142],[-97.763,30.22451],[-97.76287,30.22445],[-97.763,30.22451],[-97.7615,30.22748],[-97.76104,30.22829],[-97.76094,30.22825],[-97.76104,30.22829],[-97.75962,30.23062],[-97.75951,30.23056],[-97.75962,30.23062],[-97.75826,30.23281],[-97.75815,30.23276],[-97.75826,30.23281],[-97.7574,30.23417],[-97.75294,30.23959],[-97.75283,30.23955],[-97.75294,30.23959],[-97.75283,30.23955],[-97.75294,30.23959],[-97.75256,30.2417],[-97.75243,30.24169],[-97.75256,30.2417],[-97.75244,30.24215],[-97.75136,30.24506],[-97.75121,30.24502],[-97.75136,30.24506],[-97.74996,30.24881],[-97.74983,30.24877],[-97.74996,30.24881],[-97.74895,30.25154],[-97.74879,30.25153],[-97.74893,30.25157],[-97.74753,30.25537],[-97.74739,30.25534],[-97.74753,30.25538],[-97.74739,30.25534],[-97.74753,30.25538],[-97.74686,30.25718],[-97.74848,30.25865],[-97.74932,30.25976],[-97.74882,30.26068],[-97.74769,30.26362],[-97.74744,30.2639],[-97.74698,30.26407],[-97.74606,30.26622],[-97.74459,30.27045],[-97.74444,30.27042],[-97.74459,30.27045],[-97.74387,30.27231],[-97.74377,30.27228],[-97.74387,30.27231],[-97.74266,30.27561],[-97.74248,30.27556],[-97.74244,30.27567],[-97.74262,30.27572],[-97.74089,30.2803],[-97.74198,30.28063],[-97.74178,30.28131],[-97.74211,30.28234],[-97.74178,30.28575],[-97.74162,30.28573],[-97.74178,30.28575],[-97.74136,30.29029],[-97.74124,30.29028],[-97.74136,30.29029],[-97.74118,30.29213],[-97.74281,30.29539],[-97.74125,30.29783],[-97.74115,30.29778],[-97.74125,30.29783],[-97.74049,30.2991],[-97.73948,30.30067],[-97.73939,30.30064],[-97.73948,30.30067],[-97.73825,30.30256],[-97.73815,30.30252],[-97.73825,30.30256],[-97.73815,30.30252],[-97.73825,30.30257],[-97.73814,30.30274],[-97.73705,30.30446],[-97.73695,30.30442],[-97.73705,30.30446],[-97.7359,30.30628],[-97.73579,30.30623],[-97.7359,30.30628],[-97.73444,30.30855],[-97.73434,30.3085],[-97.73444,30.30855],[-97.73315,30.3106],[-97.73303,30.31078],[-97.73293,30.31073],[-97.73303,30.31078],[-97.73264,30.31192],[-97.73218,30.31625],[-97.73194,30.31694],[-97.73117,30.31824],[-97.73104,30.31845],[-97.73095,30.31841],[-97.73104,30.31845],[-97.72921,30.32137],[-97.7291,30.32132],[-97.72921,30.32137],[-97.72828,30.32282],[-97.72819,30.32278],[-97.72828,30.32282],[-97.72747,30.32413],[-97.72737,30.32409],[-97.72747,30.32413],[-97.72669,30.32544],[-97.72606,30.32634],[-97.72595,30.32631],[-97.72601,30.32643],[-97.72364,30.33023],[-97.72353,30.33018],[-97.72364,30.33023],[-97.72132,30.33392],[-97.72121,30.33387],[-97.72128,30.33398],[-97.71945,30.33701],[-97.71927,30.33692],[-97.71945,30.33701],[-97.71819,30.33898],[-97.71778,30.33954],[-97.71764,30.33948],[-97.71778,30.33954],[-97.71742,30.34013],[-97.71675,30.34118],[-97.71661,30.34111],[-97.71675,30.34118],[-97.71522,30.34362],[-97.7135,30.34553],[-97.71195,30.34774],[-97.71262,30.34851],[-97.71303,30.35012],[-97.71263,30.35022],[-97.71216,30.35014],[-97.71153,30.34998],[-97.71125,30.34974],[-97.71126,30.34961],[-97.71253,30.34834],[-97.71312,30.34756],[-97.71244,30.34701],[-97.71135,30.34867],[-97.7094,30.3505],[-97.70581,30.3532],[-97.70573,30.35312],[-97.70581,30.3532],[-97.70272,30.35547],[-97.70232,30.35575],[-97.70225,30.35567],[-97.70232,30.35575],[-97.7014,30.35643],[-97.70124,30.3564],[-97.70132,30.35649],[-97.70047,30.3572],[-97.69978,30.35819],[-97.69963,30.35814],[-97.69974,30.35826],[-97.69858,30.36031],[-97.69848,30.36026],[-97.69858,30.36031],[-97.69727,30.36267],[-97.69714,30.36262],[-97.69727,30.36267],[-97.69706,30.36306],[-97.6952,30.36628],[-97.69508,30.36623],[-97.6952,30.36628],[-97.69412,30.36822],[-97.69398,30.36816],[-97.69412,30.36822],[-97.69192,30.37212],[-97.69182,30.37208],[-97.69192,30.37212],[-97.69056,30.37454],[-97.69043,30.37448],[-97.69056,30.37454],[-97.68779,30.37943],[-97.68769,30.37938],[-97.68779,30.37943],[-97.68649,30.38173],[-97.68636,30.38168],[-97.68649,30.38173],[-97.68435,30.38588],[-97.68424,30.38584],[-97.68435,30.38588],[-97.68279,30.38965],[-97.68267,30.38962],[-97.68279,30.38965],[-97.68145,30.3929],[-97.68113,30.39366],[-97.68101,30.39363],[-97.68113,30.39366],[-97.67977,30.39711],[-97.67947,30.39847],[-97.67911,30.40247],[-97.67897,30.40246],[-97.67911,30.40247],[-97.67897,30.40246],[-97.67911,30.40248],[-97.67907,30.4028],[-97.67861,30.4056],[-97.67849,30.40559],[-97.67861,30.4056],[-97.67835,30.40719],[-97.67815,30.40754],[-97.6778,30.40775],[-97.67585,30.40801],[-97.6743,30.40784],[-97.6734,30.40761],[-97.66971,30.40587],[-97.66852,30.40546],[-97.66741,30.40528],[-97.66486,30.40524],[-97.6639,30.40511],[-97.66315,30.40826],[-97.66321,30.40923],[-97.66375,30.4115],[-97.66331,30.41432],[-97.66724,30.41495],[-97.66681,30.41628],[-97.6665,30.41782],[-97.66716,30.41793],[-97.66762,30.41831],[-97.66945,30.41861],[-97.66955,30.41855],[-97.66941,30.41835],[-97.66923,30.41841],[-97.66868,30.41827]],[[-97.66868,30.41827],[-97.66761,30.41818],[-97.66651,30.41785],[-97.66633,30.41893],[-97.66662,30.41999],[-97.66576,30.42189],[-97.67008,30.42401],[-97.67187,30.42457],[-97.67737,30.41441],[-97.67776,30.41295],[-97.67801,30.40944],[-97.67907,30.40275],[-97.67939,30.3991],[-97.67965,30.39753],[-97.67999,30.39646],[-97.6845,30.38555],[-97.68602,30.38256],[-97.70023,30.3575],[-97.70109,30.35667],[-97.70913,30.3508],[-97.7095,30.35069],[-97.71097,30.34981],[-97.71251,30.34838],[-97.71308,30.35017],[-97.71275,30.3503],[-97.71137,30.34999],[-97.71113,30.34966],[-97.71251,30.34838],[-97.71294,30.34783],[-97.71539,30.34326],[-97.71895,30.3378],[-97.73079,30.31887],[-97.73218,30.31688],[-97.73236,30.31598],[-97.73235,30.31494],[-97.73265,30.31181],[-97.73282,30.31115],[-97.74279,30.29542],[-97.74277,30.29513],[-97.7412,30.29196],[-97.74208,30.28218],[-97.74181,30.28117],[-97.74798,30.26454],[-97.74771,30.26365],[-97.74872,30.26096],[-97.74934,30.25971],[-97.74849,30.25868],[-97.74689,30.25716],[-97.75248,30.24203],[-97.75289,30.23975],[-97.75308,30.23932],[-97.75637,30.23551],[-97.75757,30.2339],[-97.76126,30.22796],[-97.76288,30.22472],[-97.76481,30.22152],[-97.76732,30.22256],[-97.76659,30.22372],[-97.76644,30.22372],[-97.76616,30.22355],[-97.76601,30.22328],[-97.76668,30.22226],[-97.76481,30.22152],[-97.77265,30.20921],[-97.77404,30.20674],[-97.77517,30.2039],[-97.77693,30.19765],[-97.77888,30.19294],[-97.77712,30.19257],[-97.77518,30.19182],[-97.77345,30.19142],[-97.77094,30.19065],[-97.77016,30.19023],[-97.76723,30.19381],[-97.76565,30.19291],[-97.76513,30.19278],[-97.76529,30.19221],[-97.7657,30.19149],[-97.76706,30.19039],[-97.7676,30.18972]]]},"properties":{"id":"1","short":"1","name":"1-North Lamar/South Congress","color":"#004A97","type":3}},{"type":"Feature","geometry":{"type":"MultiLineString","coordinates":[[[-97.79135,30.16337],[-97.79163,30.16341],[-97.79093,30.16728],[-97.79267,30.16751],[-97.79345,30.16777],[-97.7946,30.16838],[-97.79947,30.17253],[-97.79892,30.17326],[-97.79893,30.17457],[-97.79875,30.17519],[-97.79583,30.17979],[-97.79182,30.185],[-97.79076,30.18655],[-97.79041,30.18984],[-97.79063,30.18723],[-97.7904,30.1925],[-97.79009,30.19356],[-97.78467,30.20215],[-97.78154,30.20844],[-97.77933,30.21119],[-97.77861,30.21275],[-97.77678,30.21485],[-97.76001,30.24161],[-97.7596,30.24214],[-97.7587,30.24292],[-97.75581,30.24746],[-97.75495,30.25002],[-97.75416,30.25185],[-97.75162,30.25576],[-97.74934,30.25971],[-97.74872,30.26096],[-97.74771,30.26365],[-97.74686,30.26426],[-97.74486,30.26966],[-97.739,30.26803],[-97.73503,30.27862],[-97.73469,30.27914],[-97.73439,30.2801],[-97.73372,30.28063],[-97.73329,30.28133],[-97.73335,30.28198],[-97.73393,30.28295],[-97.73405,30.28341],[-97.73355,30.28608],[-97.73356,30.28735],[-97.73445,30.28859],[-97.73461,30.28931],[-97.73299,30.28911],[-97.73114,30.28919],[-97.73013,30.28898],[-97.72977,30.28882],[-97.729,30.28814],[-97.72678,30.28712],[-97.72659,30.28781],[-97.72661,30.28828],[-97.72722,30.29033],[-97.72718,30.29096],[-97.72618,30.29237],[-97.7234,30.29561],[-97.72236,30.29968],[-97.72098,30.30267],[-97.71961,30.30481],[-97.71727,30.30372],[-97.71647,30.30357],[-97.716,30.30362],[-97.71553,30.30226],[-97.71439,30.30111],[-97.71081,30.29929],[-97.70977,30.29852],[-97.70911,30.29781],[-97.70752,30.29801],[-97.70712,30.29791],[-97.70695,30.29803],[-97.70716,30.29839],[-97.70715,30.29886],[-97.7049,30.30259],[-97.70382,30.3041],[-97.69986,30.3022],[-97.69895,30.30385],[-97.69367,30.31219],[-97.69331,30.31296],[-97.68893,30.32005],[-97.68884,30.32068],[-97.68895,30.32213],[-97.68961,30.32385],[-97.68932,30.32459],[-97.69225,30.32603],[-97.68996,30.32949],[-97.68937,30.32991],[-97.68801,30.33049],[-97.68745,30.33099],[-97.68612,30.3328],[-97.68322,30.3373],[-97.69204,30.34148],[-97.69242,30.34103],[-97.69163,30.34019],[-97.69088,30.34067],[-97.69055,30.34055],[-97.69135,30.3402]],[[-97.69135,30.3402],[-97.6914,30.34005],[-97.69177,30.34028],[-97.69242,30.34103],[-97.69204,30.34148],[-97.68332,30.33735],[-97.686,30.33321],[-97.68764,30.33097],[-97.68804,30.3306],[-97.6896,30.32994],[-97.69006,30.3296],[-97.69238,30.32608],[-97.68932,30.32459],[-97.68961,30.32385],[-97.68921,30.32273],[-97.68912,30.32194],[-97.68902,30.32049],[-97.6892,30.31959],[-97.69331,30.31296],[-97.69367,30.31219],[-97.69994,30.30238],[-97.70368,30.30417],[-97.70382,30.3041],[-97.7055,30.30173],[-97.70709,30.29917],[-97.70728,30.29877],[-97.70727,30.2982],[-97.70735,30.29811],[-97.7089,30.2979],[-97.70975,30.29879],[-97.71069,30.29945],[-97.71476,30.30145],[-97.71553,30.30226],[-97.716,30.30362],[-97.71647,30.30357],[-97.71727,30.30372],[-97.71961,30.30481],[-97.72098,30.30267],[-97.72236,30.29968],[-97.7234,30.29561],[-97.72618,30.29237],[-97.72718,30.29096],[-97.72722,30.29033],[-97.72661,30.28828],[-97.72672,30.28725],[-97.72887,30.2882],[-97.7297,30.28892],[-97.73025,30.28916],[-97.73116,30.28933],[-97.73341,30.28921],[-97.73461,30.28931],[-97.73445,30.28859],[-97.73356,30.28735],[-97.73355,30.28608],[-97.73405,30.28341],[-97.73393,30.28295],[-97.73335,30.28198],[-97.73329,30.28133],[-97.73372,30.28063],[-97.73438,30.28033],[-97.73544,30.2802],[-97.73573,30.27997],[-97.73973,30.26926],[-97.74559,30.27092],[-97.74798,30.26454],[-97.74771,30.26365],[-97.74872,30.26096],[-97.75145,30.25604],[-97.75416,30.25185],[-97.75495,30.25002],[-97.75581,30.24746],[-97.7587,30.24292],[-97.7596,30.24214],[-97.76001,30.24161],[-97.77678,30.21485],[-97.77861,30.21275],[-97.77933,30.21119],[-97.78154,30.20844],[-97.78467,30.20215],[-97.79009,30.19356],[-97.7904,30.1925],[-97.79063,30.18723],[-97.79076,30.18655],[-97.79182,30.185],[-97.79583,30.17979],[-97.79875,30.17519],[-97.79893,30.17457],[-97.79892,30.17326],[-97.79955,30.17238],[-97.79529,30.16871],[-97.79367,30.16772],[-97.79254,30.16734],[-97.7916,30.16717],[-97.78755,30.16702],[-97.78719,30.16686],[-97.78715,30.16666],[-97.78908,30.16221],[-97.79135,30.16337]]]},"properties":{"id":"10","short":"10","name":"10-South 1st/Red River","color":"#004A97","type":3}},{"type":"Feature","geometry":{"type":"MultiLineString","coordinates":[[[-97.82688,30.174],[-97.82593,30.17375],[-97.82661,30.17387],[-97.82731,30.17416],[-97.82888,30.17527],[-97.83102,30.17615],[-97.83099,30.17622],[-97.83102,30.17615],[-97.83192,30.17644],[-97.83399,30.17661],[-97.83388,30.17754],[-97.83353,30.17835],[-97.8335,30.17992],[-97.83286,30.18135],[-97.83275,30.1823],[-97.83218,30.18312],[-97.83167,30.18443],[-97.82889,30.18871],[-97.82767,30.18808],[-97.82715,30.18788],[-97.82691,30.1879],[-97.82542,30.1903],[-97.82528,30.19035],[-97.82531,30.19047],[-97.82449,30.19183],[-97.82336,30.19269],[-97.81922,30.19907],[-97.82017,30.1995],[-97.82012,30.19956],[-97.82019,30.19951],[-97.82062,30.19985],[-97.81906,30.20098],[-97.81652,30.20483],[-97.81541,30.20709],[-97.81173,30.20534],[-97.80923,30.20366],[-97.80806,30.20308],[-97.80688,30.20283],[-97.80669,30.20338],[-97.80645,30.20551],[-97.80609,30.20656],[-97.80256,30.21215],[-97.80198,30.21281],[-97.80118,30.21345],[-97.79816,30.21494],[-97.79678,30.21625],[-97.79339,30.22193],[-97.78919,30.22861],[-97.78908,30.22856],[-97.78919,30.22861],[-97.78908,30.22856],[-97.78919,30.22861],[-97.78855,30.22963],[-97.78552,30.23405],[-97.78314,30.23802],[-97.78227,30.23987],[-97.78216,30.24038],[-97.78226,30.24169],[-97.7816,30.24283],[-97.78136,30.24408],[-97.78145,30.24423],[-97.77876,30.2462],[-97.77756,30.2468],[-97.77638,30.24714],[-97.77285,30.24763],[-97.76875,30.24879],[-97.76739,30.24946],[-97.76559,30.25079],[-97.76332,30.25318],[-97.76095,30.25685],[-97.75936,30.25831],[-97.75849,30.26095],[-97.75741,30.26344],[-97.75688,30.26512],[-97.75454,30.27027],[-97.7526,30.26962],[-97.75263,30.26952],[-97.7526,30.26962],[-97.75056,30.26921],[-97.74556,30.26778],[-97.74524,30.26864],[-97.74511,30.26861],[-97.74524,30.26864],[-97.74485,30.26967],[-97.74302,30.26915],[-97.7431,30.26903],[-97.74284,30.26908],[-97.73902,30.26791],[-97.73855,30.26929],[-97.73855,30.26916],[-97.73845,30.26921],[-97.73866,30.26897],[-97.73609,30.27588],[-97.73527,30.27779],[-97.73536,30.27781],[-97.73527,30.27779],[-97.73536,30.27781],[-97.73508,30.27865],[-97.73477,30.27905],[-97.73431,30.28032],[-97.7336,30.28079],[-97.73331,30.28137],[-97.73334,30.28198],[-97.73406,30.28321],[-97.73373,30.2852],[-97.73353,30.28555],[-97.73358,30.28734],[-97.73443,30.28847],[-97.73455,30.28874],[-97.7344,30.28877]],[[-97.73365,30.28671],[-97.73354,30.28668],[-97.73355,30.28608],[-97.73405,30.28341],[-97.73393,30.28295],[-97.73335,30.28198],[-97.73329,30.28133],[-97.73372,30.28063],[-97.73438,30.28033],[-97.73544,30.2802],[-97.73573,30.27997],[-97.73973,30.26926],[-97.74559,30.27092],[-97.7463,30.26902],[-97.75058,30.27023],[-97.754,30.27156],[-97.75761,30.26356],[-97.75857,30.26098],[-97.75906,30.25895],[-97.7593,30.2584],[-97.76102,30.25674],[-97.76326,30.25323],[-97.76552,30.25083],[-97.767,30.24967],[-97.76869,30.24883],[-97.77294,30.2476],[-97.77616,30.24716],[-97.77775,30.24672],[-97.77875,30.24617],[-97.78131,30.24434],[-97.78162,30.24274],[-97.78222,30.24172],[-97.78215,30.24029],[-97.78225,30.23989],[-97.78364,30.23717],[-97.79293,30.22271],[-97.79469,30.21967],[-97.79684,30.21632],[-97.79761,30.21544],[-97.79827,30.21495],[-97.80144,30.2133],[-97.80272,30.21196],[-97.80615,30.20649],[-97.80647,30.20554],[-97.80687,30.20296],[-97.80788,30.20316],[-97.81147,30.20541],[-97.81542,30.2073],[-97.81588,30.20654],[-97.81619,30.20566],[-97.8192,30.20102],[-97.82071,30.19994],[-97.82028,30.19957],[-97.81923,30.19904],[-97.8233,30.19277],[-97.8244,30.19194],[-97.8253,30.19049],[-97.82546,30.19045],[-97.82542,30.19031],[-97.82567,30.18988],[-97.82694,30.18792],[-97.82721,30.18793],[-97.82888,30.18872],[-97.83169,30.18442],[-97.83193,30.18365],[-97.83277,30.18222],[-97.83295,30.18109],[-97.83346,30.17997],[-97.83351,30.17839],[-97.83384,30.17751],[-97.83397,30.17651],[-97.83192,30.17635],[-97.83143,30.17622],[-97.82906,30.17524],[-97.82749,30.17411]]]},"properties":{"id":"103","short":"103","name":"103-Manchaca Flyer","color":"#555555","type":3}},{"type":"Feature","geometry":{"type":"MultiLineString","coordinates":[[[-97.79881,30.22946],[-97.80046,30.22903],[-97.79921,30.22924],[-97.79811,30.23014],[-97.79767,30.23014],[-97.79705,30.22976],[-97.79667,30.22968],[-97.79462,30.23041],[-97.79418,30.23044],[-97.79358,30.2303],[-97.78704,30.22712],[-97.78561,30.22517],[-97.78219,30.22345],[-97.77963,30.22746],[-97.77787,30.22996],[-97.77715,30.23023],[-97.77638,30.23027],[-97.77418,30.22922],[-97.77063,30.23487],[-97.76958,30.23557],[-97.76938,30.23582],[-97.77082,30.23668],[-97.76856,30.24086],[-97.76605,30.23984],[-97.76481,30.24202],[-97.76473,30.24289],[-97.7643,30.24401],[-97.76417,30.24494],[-97.76312,30.24671],[-97.7615,30.24921],[-97.75979,30.24868],[-97.75911,30.24982],[-97.75838,30.25144],[-97.75653,30.2543],[-97.75596,30.25562],[-97.75348,30.25955],[-97.75011,30.25842],[-97.74934,30.25971],[-97.74872,30.26096],[-97.74771,30.26365],[-97.74686,30.26426],[-97.74053,30.28133],[-97.74193,30.28172],[-97.74208,30.28218],[-97.74173,30.28581]],[[-97.74177,30.28623],[-97.74168,30.28631],[-97.74208,30.28218],[-97.74181,30.28139],[-97.74183,30.2811],[-97.74798,30.26454],[-97.74771,30.26365],[-97.74872,30.26096],[-97.74934,30.25971],[-97.75011,30.25842],[-97.75348,30.25955],[-97.75596,30.25562],[-97.75653,30.2543],[-97.75838,30.25144],[-97.75911,30.24982],[-97.75979,30.24868],[-97.7615,30.24921],[-97.76312,30.24671],[-97.76417,30.24494],[-97.7643,30.24401],[-97.76473,30.24289],[-97.76481,30.24202],[-97.76605,30.23984],[-97.76856,30.24086],[-97.77082,30.23668],[-97.76938,30.23582],[-97.76958,30.23557],[-97.77063,30.23487],[-97.77418,30.22922],[-97.77638,30.23027],[-97.77715,30.23023],[-97.77787,30.22996],[-97.77963,30.22746],[-97.78219,30.22345],[-97.78561,30.22517],[-97.78704,30.22712],[-97.79385,30.23039],[-97.79462,30.23041],[-97.79667,30.22968],[-97.79705,30.22976],[-97.79767,30.23014],[-97.79811,30.23014],[-97.79921,30.22924],[-97.80046,30.22903]]]},"properties":{"id":"105","short":"105","name":"105-South 5th Flyer","color":"#555555","type":3}},{"type":"Feature","geometry":{"type":"MultiLineString","coordinates":[[[-97.89471,30.18552],[-97.89246,30.18888],[-97.89138,30.19003],[-97.8904,30.19085],[-97.88745,30.1928],[-97.88546,30.1937],[-97.88267,30.19464],[-97.88166,30.19522],[-97.88063,30.19604],[-97.87987,30.19687],[-97.87933,30.19768],[-97.87887,30.19863],[-97.87844,30.19999],[-97.87818,30.20031],[-97.87771,30.20042],[-97.87622,30.20028],[-97.87393,30.2003],[-97.87244,30.20048],[-97.87087,30.20082],[-97.87113,30.20191],[-97.87044,30.20581],[-97.86936,30.20793],[-97.86867,30.2091],[-97.86826,30.20954],[-97.86641,30.21066],[-97.8657,30.21123],[-97.86155,30.21769],[-97.86104,30.2182],[-97.85882,30.21915],[-97.85836,30.21961],[-97.8578,30.22048],[-97.85102,30.2172],[-97.85062,30.21721],[-97.84824,30.21799],[-97.84588,30.21692],[-97.8417,30.2233],[-97.8398,30.22271],[-97.83861,30.22204],[-97.83729,30.2209],[-97.8363,30.21959],[-97.83439,30.22261],[-97.83299,30.22442],[-97.82872,30.22884],[-97.8279,30.22982],[-97.82463,30.23531],[-97.82367,30.2365],[-97.82219,30.2375],[-97.81826,30.23901],[-97.80988,30.24322],[-97.80793,30.24441],[-97.8062,30.24589],[-97.8051,30.24712],[-97.80374,30.24905],[-97.80304,30.2504],[-97.80111,30.2552],[-97.80036,30.25627],[-97.79952,30.25708],[-97.79796,30.25807],[-97.78763,30.26377],[-97.78581,30.26457],[-97.78171,30.26602],[-97.77886,30.26749],[-97.77514,30.26989],[-97.77399,30.27077],[-97.77313,30.27165],[-97.77154,30.27377],[-97.77039,30.27482],[-97.76953,30.2751],[-97.76895,30.2751],[-97.76778,30.27487],[-97.76664,30.27435],[-97.76552,30.27341],[-97.76225,30.26979],[-97.76185,30.26951],[-97.75856,30.26807],[-97.75654,30.26662],[-97.75606,30.26645],[-97.75445,30.26626],[-97.74708,30.26405],[-97.74684,30.26431],[-97.74486,30.26966],[-97.739,30.26803],[-97.73503,30.27862],[-97.73469,30.27914],[-97.73439,30.2801],[-97.73372,30.28063],[-97.73329,30.28133],[-97.73335,30.28198],[-97.73393,30.28295],[-97.73405,30.28341],[-97.73355,30.28608],[-97.73356,30.28735],[-97.73453,30.28878]],[[-97.73378,30.28551],[-97.73363,30.28563],[-97.73405,30.28341],[-97.73393,30.28295],[-97.73335,30.28198],[-97.73329,30.28133],[-97.73372,30.28063],[-97.73438,30.28033],[-97.73544,30.2802],[-97.73573,30.27997],[-97.73973,30.26926],[-97.74559,30.27092],[-97.74798,30.26454],[-97.74795,30.26432],[-97.75445,30.26626],[-97.75628,30.26651],[-97.75711,30.26695],[-97.75856,30.26807],[-97.76166,30.26945],[-97.76239,30.27002],[-97.76615,30.27431],[-97.76781,30.27729],[-97.76829,30.27759],[-97.76894,30.27774],[-97.76971,30.27742],[-97.77044,30.27656],[-97.77206,30.27357],[-97.77365,30.27152],[-97.77472,30.27052],[-97.77811,30.26824],[-97.7798,30.26722],[-97.78197,30.26616],[-97.78354,30.26552],[-97.78668,30.26448],[-97.78824,30.26377],[-97.80095,30.2568],[-97.80277,30.25572],[-97.80361,30.25509],[-97.80465,30.25403],[-97.80561,30.25254],[-97.8062,30.25086],[-97.80694,30.24689],[-97.80739,30.24589],[-97.80814,30.24488],[-97.80893,30.24416],[-97.80992,30.24355],[-97.81959,30.23881],[-97.8224,30.23761],[-97.8237,30.23677],[-97.82485,30.2354],[-97.82783,30.2303],[-97.82855,30.22928],[-97.83063,30.22709],[-97.83377,30.22449],[-97.83574,30.22236],[-97.83671,30.22106],[-97.83717,30.22103],[-97.83829,30.22204],[-97.83969,30.22285],[-97.84159,30.22346],[-97.84588,30.21692],[-97.84824,30.21799],[-97.85062,30.21721],[-97.85102,30.2172],[-97.8578,30.22048],[-97.85836,30.21961],[-97.85882,30.21915],[-97.86104,30.2182],[-97.86155,30.21769],[-97.8657,30.21123],[-97.86641,30.21066],[-97.86826,30.20954],[-97.86867,30.2091],[-97.86936,30.20793],[-97.87044,30.20581],[-97.87108,30.20246],[-97.87113,30.20179],[-97.8709,30.20099],[-97.87286,30.2006],[-97.87494,30.20042],[-97.87666,30.20047],[-97.87843,30.20073],[-97.87915,30.19803],[-97.87987,30.19687],[-97.88063,30.19604],[-97.88152,30.19534],[-97.88242,30.19486],[-97.88561,30.1938],[-97.88753,30.19293],[-97.8905,30.19097],[-97.8915,30.19014],[-97.89257,30.18901],[-97.89461,30.18599]]]},"properties":{"id":"111","short":"111","name":"111-South Mopac Flyer","color":"#555555","type":3}},{"type":"Feature","geometry":{"type":"MultiLineString","coordinates":[[[-97.70948,30.25986],[-97.7096,30.25982],[-97.70947,30.2601],[-97.70479,30.25801],[-97.70168,30.25604],[-97.69552,30.26564],[-97.69813,30.27417],[-97.6985,30.27477],[-97.70034,30.27687],[-97.70638,30.28628],[-97.70698,30.28805],[-97.70803,30.29588],[-97.70851,30.29723],[-97.70905,30.29809],[-97.71001,30.29899],[-97.71069,30.29945],[-97.71419,30.30122],[-97.71433,30.30154],[-97.71437,30.30257],[-97.71236,30.30581],[-97.71167,30.30731],[-97.70971,30.31029],[-97.70812,30.31374],[-97.70751,30.31629],[-97.7058,30.32812],[-97.70523,30.33024],[-97.70437,30.3322],[-97.67871,30.37288],[-97.67585,30.3772],[-97.67494,30.37886],[-97.67441,30.38019],[-97.6718,30.39084],[-97.67148,30.3931],[-97.67177,30.3956],[-97.67236,30.39727],[-97.67385,30.40024],[-97.67461,30.40286],[-97.67477,30.40394],[-97.67476,30.4051],[-97.67424,30.40683],[-97.67375,30.40749],[-97.67311,30.40752],[-97.66945,30.40575],[-97.66836,30.40541],[-97.6672,30.40526],[-97.6639,30.40513],[-97.66317,30.40819],[-97.66317,30.409],[-97.66372,30.4111],[-97.66376,30.41194],[-97.6631,30.41532],[-97.66262,30.41663],[-97.6608,30.41945],[-97.66576,30.42189],[-97.66662,30.41999],[-97.66633,30.41893],[-97.66651,30.41785],[-97.66723,30.41801],[-97.66763,30.41835],[-97.66842,30.41844]],[[-97.66828,30.41844],[-97.66955,30.41855],[-97.66941,30.41835],[-97.66787,30.41821],[-97.66712,30.41792],[-97.6665,30.41782],[-97.66681,30.41628],[-97.66724,30.41495],[-97.66331,30.41432],[-97.66303,30.41555],[-97.66265,30.41655],[-97.66081,30.41946],[-97.67007,30.42398],[-97.67188,30.42456],[-97.67427,30.41181],[-97.67511,30.40965],[-97.67531,30.40785],[-97.67543,30.40461],[-97.67511,30.40275],[-97.67448,30.40107],[-97.67225,30.39642],[-97.67181,30.39477],[-97.67168,30.39329],[-97.67182,30.39165],[-97.67267,30.38787],[-97.67418,30.38144],[-97.67485,30.37947],[-97.67595,30.37738],[-97.70452,30.33239],[-97.70552,30.33011],[-97.70602,30.32822],[-97.70776,30.31595],[-97.70851,30.31323],[-97.7092,30.31168],[-97.71031,30.30971],[-97.71329,30.3051],[-97.71427,30.30389],[-97.71544,30.30208],[-97.7144,30.30114],[-97.71023,30.29892],[-97.70943,30.29822],[-97.70862,30.29706],[-97.70818,30.29572],[-97.70723,30.2884],[-97.7068,30.28691],[-97.70594,30.28568],[-97.70608,30.28556],[-97.70593,30.28559],[-97.7041,30.28275],[-97.70422,30.28269],[-97.70409,30.28273],[-97.70016,30.27659],[-97.69861,30.2749],[-97.69813,30.27414],[-97.69774,30.27298],[-97.69802,30.27292],[-97.69789,30.27249],[-97.69761,30.27255],[-97.69635,30.26835],[-97.69643,30.26833],[-97.69635,30.26835],[-97.69551,30.26557],[-97.70167,30.25604],[-97.70407,30.25763],[-97.70566,30.25841],[-97.70949,30.2601],[-97.70973,30.25973]]]},"properties":{"id":"135","short":"135","name":"135-Dell Limited","color":"#555555","type":3}},{"type":"Feature","geometry":{"type":"MultiLineString","coordinates":[[[-97.74546,30.25587],[-97.74554,30.25581],[-97.74848,30.25865],[-97.74932,30.25976],[-97.74882,30.26068],[-97.74769,30.26362],[-97.74744,30.2639],[-97.74692,30.26417],[-97.74621,30.26579],[-97.74524,30.26864],[-97.74511,30.26861],[-97.74524,30.26864],[-97.74485,30.26967],[-97.74302,30.26915],[-97.74305,30.26906],[-97.7438,30.26936],[-97.739,30.26803],[-97.73744,30.27196],[-97.73774,30.27135],[-97.73503,30.27862],[-97.73454,30.27948],[-97.73442,30.27959],[-97.73094,30.27864],[-97.72955,30.27849],[-97.72699,30.28315],[-97.71779,30.29736],[-97.71462,30.3027],[-97.70971,30.31029],[-97.70884,30.31199],[-97.70798,30.31416],[-97.7076,30.31576],[-97.70574,30.32841],[-97.70515,30.33047],[-97.70437,30.3322],[-97.69949,30.3399],[-97.69818,30.34152],[-97.69005,30.35448],[-97.68747,30.35794],[-97.69308,30.3607],[-97.69526,30.36234],[-97.69849,30.36394],[-97.70404,30.36657],[-97.70544,30.36708],[-97.7074,30.36801],[-97.70847,30.36832],[-97.71061,30.36934],[-97.70947,30.3712],[-97.7123,30.37259],[-97.7126,30.37308],[-97.7125,30.37355],[-97.7118,30.37445],[-97.71095,30.37589],[-97.71084,30.37588],[-97.71093,30.37592],[-97.71009,30.37718],[-97.70825,30.37794],[-97.708,30.37801],[-97.70795,30.37788],[-97.708,30.37801],[-97.70637,30.37849],[-97.70653,30.37889],[-97.70701,30.37939],[-97.70887,30.38109],[-97.7092,30.3817],[-97.70973,30.38227],[-97.7114,30.38328],[-97.71189,30.38319],[-97.71334,30.38388],[-97.71183,30.38596],[-97.71098,30.38738],[-97.71059,30.38836],[-97.70996,30.38932],[-97.70964,30.39006],[-97.70712,30.394],[-97.70571,30.39575],[-97.7052,30.3969],[-97.70222,30.40162],[-97.7015,30.40232],[-97.69874,30.404],[-97.69799,30.4049],[-97.69649,30.40956],[-97.69602,30.4102],[-97.6954,30.41066],[-97.69657,30.41212],[-97.69681,30.41286],[-97.69674,30.4144],[-97.69585,30.41587],[-97.7016,30.41875],[-97.70505,30.42098],[-97.71107,30.42395],[-97.71354,30.42487],[-97.71576,30.4213],[-97.71586,30.42116],[-97.71596,30.42121],[-97.71586,30.42116],[-97.71815,30.41772],[-97.7196,30.41523],[-97.72083,30.4136]],[[-97.72153,30.41231],[-97.72154,30.41246],[-97.71961,30.41522],[-97.71653,30.42022],[-97.71353,30.42465],[-97.71119,30.42377],[-97.70781,30.42217],[-97.70464,30.42055],[-97.70166,30.4186],[-97.69596,30.41577],[-97.69677,30.41441],[-97.69683,30.41281],[-97.69657,30.41212],[-97.69552,30.41074],[-97.69617,30.41024],[-97.69667,30.40949],[-97.6981,30.40492],[-97.6987,30.40419],[-97.70164,30.40239],[-97.7024,30.40165],[-97.70977,30.39015],[-97.71125,30.38716],[-97.71342,30.38394],[-97.71194,30.38319],[-97.71137,30.38327],[-97.70974,30.38224],[-97.70929,30.38178],[-97.70892,30.3811],[-97.70689,30.37925],[-97.7064,30.37848],[-97.70897,30.3776],[-97.70973,30.37721],[-97.7101,30.37722],[-97.71252,30.37348],[-97.71259,30.37309],[-97.71238,30.37264],[-97.71212,30.37246],[-97.70945,30.37118],[-97.71067,30.36922],[-97.70871,30.36827],[-97.70738,30.36786],[-97.70574,30.36707],[-97.7046,30.36666],[-97.6965,30.3628],[-97.69528,30.36217],[-97.69345,30.3608],[-97.68863,30.3584],[-97.69102,30.35415],[-97.6953,30.34732],[-97.69837,30.34292],[-97.6998,30.34052],[-97.70126,30.33855],[-97.70222,30.33637],[-97.70431,30.33306],[-97.70527,30.33112],[-97.70645,30.32797],[-97.7065,30.325],[-97.70796,30.31491],[-97.7084,30.3135],[-97.70936,30.31139],[-97.71017,30.30995],[-97.71611,30.30081],[-97.71972,30.29491],[-97.72499,30.28667],[-97.72743,30.28299],[-97.72962,30.28035],[-97.73,30.27978],[-97.7305,30.27856],[-97.73573,30.27997],[-97.73973,30.26926],[-97.74559,30.27092],[-97.74798,30.26454],[-97.74771,30.26365],[-97.74872,30.26096],[-97.74934,30.25971],[-97.74793,30.2581],[-97.74604,30.25634]]]},"properties":{"id":"142","short":"142","name":"142-Metric Flyer","color":"#555555","type":3}},{"type":"Feature","geometry":{"type":"MultiLineString","coordinates":[[[-97.668,30.41816],[-97.66844,30.41832],[-97.66651,30.41785],[-97.66633,30.41893],[-97.66662,30.41999],[-97.66576,30.42189],[-97.67008,30.42401],[-97.67118,30.42435],[-97.66912,30.43517],[-97.66886,30.43788],[-97.66637,30.45074],[-97.66611,30.45265],[-97.66618,30.45503],[-97.66644,30.45666],[-97.66753,30.46103],[-97.67251,30.47704],[-97.67308,30.47932],[-97.67291,30.47984],[-97.66797,30.48068],[-97.66021,30.48239],[-97.66069,30.48396],[-97.66171,30.48582],[-97.66337,30.48541]],[[-97.6639,30.48524],[-97.6639,30.48536],[-97.66182,30.48579],[-97.66084,30.48386],[-97.66076,30.48359],[-97.66088,30.48324],[-97.66371,30.48258],[-97.67012,30.48133],[-97.67461,30.48074],[-97.67332,30.477],[-97.6725,30.47385],[-97.6716,30.47221],[-97.67088,30.47035],[-97.667,30.45804],[-97.66637,30.45514],[-97.66631,30.45293],[-97.66659,30.45063],[-97.66904,30.438],[-97.66982,30.4352],[-97.6719,30.42441],[-97.67057,30.42401],[-97.66586,30.4217],[-97.66662,30.41999],[-97.66633,30.41893],[-97.66651,30.41785],[-97.66723,30.41801],[-97.66763,30.41835],[-97.66938,30.41864],[-97.66954,30.41854],[-97.66941,30.41844],[-97.66774,30.41819]]]},"properties":{"id":"152","short":"152","name":"152-Round Rock Tech Ridge Limited","color":"#555555","type":3}},{"type":"Feature","geometry":{"type":"MultiLineString","coordinates":[[[-97.88155,30.23176],[-97.88149,30.23167],[-97.88251,30.23116],[-97.88309,30.23121],[-97.88374,30.2315],[-97.88393,30.23146],[-97.88536,30.22902],[-97.88367,30.22912],[-97.88175,30.22957],[-97.88025,30.23024],[-97.87723,30.23198],[-97.87512,30.23306],[-97.87219,30.23392],[-97.86766,30.23407],[-97.86488,30.23396],[-97.86247,30.23466],[-97.86148,30.23508],[-97.85994,30.23538],[-97.85912,30.2353],[-97.85832,30.23501],[-97.85777,30.23494],[-97.85603,30.23512],[-97.85219,30.23522],[-97.84569,30.23621],[-97.84136,30.23648],[-97.83146,30.23645],[-97.82625,30.23577],[-97.82517,30.23586],[-97.82424,30.2361],[-97.81996,30.23841],[-97.81743,30.23949],[-97.80979,30.24326],[-97.80792,30.24438],[-97.80577,30.2463],[-97.80414,30.24833],[-97.80288,30.25062],[-97.80105,30.25526],[-97.80039,30.25623],[-97.79928,30.25725],[-97.79845,30.25779],[-97.78718,30.26398],[-97.78202,30.26588],[-97.77859,30.26762],[-97.77433,30.27049],[-97.77318,30.27163],[-97.77141,30.27398],[-97.77045,30.27479],[-97.76967,30.27508],[-97.76814,30.27501],[-97.76658,30.27432],[-97.76547,30.27337],[-97.76219,30.26975],[-97.76164,30.26939],[-97.75842,30.26802],[-97.75664,30.26666],[-97.75602,30.26646],[-97.75409,30.26619],[-97.75079,30.26516],[-97.75083,30.26506],[-97.75079,30.26516],[-97.74698,30.26407],[-97.74621,30.26579],[-97.74524,30.26864],[-97.74511,30.26861],[-97.74524,30.26864],[-97.74485,30.26967],[-97.74302,30.26915],[-97.7431,30.26903],[-97.74284,30.26908],[-97.73902,30.26791],[-97.73855,30.26929],[-97.73855,30.26916],[-97.73845,30.26921],[-97.73866,30.26897],[-97.73609,30.27588],[-97.73527,30.27779],[-97.73536,30.27781],[-97.73527,30.27779],[-97.73536,30.27781],[-97.73508,30.27865],[-97.73477,30.27905],[-97.73431,30.28032],[-97.7336,30.28079],[-97.73331,30.28137],[-97.73334,30.28198],[-97.73406,30.28321],[-97.73373,30.2852],[-97.73353,30.28555],[-97.73358,30.28734],[-97.73438,30.2884],[-97.7344,30.28877]],[[-97.73378,30.28551],[-97.73365,30.28551],[-97.73405,30.28341],[-97.73393,30.28295],[-97.73335,30.28198],[-97.73329,30.28133],[-97.73372,30.28063],[-97.73438,30.28033],[-97.73544,30.2802],[-97.73573,30.27997],[-97.73973,30.26926],[-97.74559,30.27092],[-97.74798,30.26454],[-97.74795,30.26432],[-97.75445,30.26626],[-97.75628,30.26651],[-97.75711,30.26695],[-97.75856,30.26807],[-97.76166,30.26945],[-97.76239,30.27002],[-97.76615,30.27431],[-97.7677,30.27717],[-97.76811,30.27751],[-97.76894,30.27774],[-97.76971,30.27742],[-97.7701,30.27707],[-97.77206,30.27357],[-97.77385,30.2713],[-97.77491,30.27038],[-97.77811,30.26824],[-97.7798,30.26722],[-97.78197,30.26616],[-97.78354,30.26552],[-97.78668,30.26448],[-97.78824,30.26377],[-97.80032,30.25715],[-97.80318,30.25543],[-97.80465,30.25403],[-97.80561,30.25254],[-97.8062,30.25086],[-97.80694,30.24689],[-97.80749,30.24572],[-97.80825,30.24477],[-97.80971,30.24366],[-97.81959,30.23881],[-97.8247,30.23701],[-97.82621,30.23671],[-97.82944,30.23684],[-97.83164,30.23674],[-97.84317,30.23672],[-97.84636,30.23645],[-97.85213,30.23557],[-97.86001,30.23543],[-97.86095,30.23528],[-97.86317,30.2346],[-97.86384,30.23454],[-97.8663,30.2346],[-97.8702,30.23502],[-97.87136,30.23501],[-97.87274,30.23473],[-97.87371,30.23432],[-97.87513,30.23352],[-97.8779,30.23161],[-97.87931,30.23078],[-97.88053,30.23218],[-97.88155,30.23176]]]},"properties":{"id":"171","short":"171","name":"171-Oak Hill Flyer","color":"#555555","type":3}},{"type":"Feature","geometry":{"type":"MultiLineString","coordinates":[[[-97.775,30.28579],[-97.77509,30.28584],[-97.77389,30.28769],[-97.77382,30.28766],[-97.77389,30.28769],[-97.77221,30.29039],[-97.77209,30.29041],[-97.77209,30.29058],[-97.76683,30.28741],[-97.76322,30.28561],[-97.76216,30.28487],[-97.76224,30.28478],[-97.76216,30.28487],[-97.76028,30.28352],[-97.75808,30.28284],[-97.75811,30.28277],[-97.75808,30.28284],[-97.75657,30.28244],[-97.75349,30.28016],[-97.75298,30.28004],[-97.75087,30.27998],[-97.74986,30.27982],[-97.74195,30.27754],[-97.74136,30.27883],[-97.7405,30.28131],[-97.73604,30.28007],[-97.73634,30.28001],[-97.73604,30.28007],[-97.7335,30.27935],[-97.73354,30.27926],[-97.7335,30.27935],[-97.73354,30.27926],[-97.7335,30.27935],[-97.73144,30.27877],[-97.73147,30.27869],[-97.73144,30.27877],[-97.73147,30.27869],[-97.73144,30.27877],[-97.72931,30.27854],[-97.72723,30.27868],[-97.71831,30.28029],[-97.71814,30.28023],[-97.71816,30.28031],[-97.71595,30.28058],[-97.71348,30.28105],[-97.71346,30.28097],[-97.71348,30.28105],[-97.71152,30.28137],[-97.70983,30.28163],[-97.70982,30.28155],[-97.70983,30.28163],[-97.70782,30.28195],[-97.7078,30.28187],[-97.70772,30.28197],[-97.70348,30.28265],[-97.70346,30.28253],[-97.70348,30.28265],[-97.69933,30.28328],[-97.69822,30.28343],[-97.6982,30.28332],[-97.69822,30.28343],[-97.69574,30.28382],[-97.69571,30.2837],[-97.69574,30.28382],[-97.69442,30.28403],[-97.69319,30.28421],[-97.69316,30.28409],[-97.69399,30.28408],[-97.68263,30.28585],[-97.68063,30.28492],[-97.67656,30.2825],[-97.67101,30.2842],[-97.66944,30.28632],[-97.65784,30.28439],[-97.65638,30.284],[-97.65321,30.28281],[-97.65265,30.28374],[-97.65258,30.28418],[-97.65272,30.28463],[-97.65342,30.28538],[-97.6537,30.28591],[-97.65445,30.28941],[-97.65429,30.29061],[-97.654,30.29125],[-97.64827,30.30019],[-97.64421,30.29831],[-97.64066,30.29738],[-97.62799,30.29123],[-97.63123,30.28623],[-97.62762,30.28453],[-97.62787,30.28417],[-97.62845,30.2837],[-97.62786,30.28307],[-97.62717,30.28359],[-97.62679,30.28414],[-97.62309,30.28248],[-97.62315,30.28199],[-97.62284,30.28179],[-97.62275,30.28142],[-97.62268,30.28148],[-97.62284,30.28179],[-97.62315,30.28199],[-97.62309,30.28248],[-97.63123,30.28623],[-97.62602,30.29427],[-97.62403,30.29316],[-97.62375,30.29371],[-97.62484,30.2943]],[[-97.62459,30.29386],[-97.62495,30.29413],[-97.62375,30.29371],[-97.62403,30.29316],[-97.62602,30.29427],[-97.63123,30.28623],[-97.62762,30.28453],[-97.62787,30.28417],[-97.62845,30.2837],[-97.62786,30.28307],[-97.62717,30.28359],[-97.62679,30.28414],[-97.62309,30.28248],[-97.62315,30.28199],[-97.62284,30.28179],[-97.62275,30.28142],[-97.62268,30.28148],[-97.62284,30.28179],[-97.62315,30.28199],[-97.62309,30.28248],[-97.63123,30.28623],[-97.62799,30.29123],[-97.62812,30.29136],[-97.6405,30.29743],[-97.64216,30.29797],[-97.64414,30.2984],[-97.64822,30.30028],[-97.654,30.29125],[-97.65429,30.29061],[-97.65445,30.28941],[-97.6537,30.28591],[-97.65342,30.28538],[-97.65272,30.28463],[-97.65258,30.28418],[-97.65265,30.28374],[-97.65321,30.28281],[-97.65638,30.284],[-97.65837,30.28449],[-97.66317,30.28528],[-97.666,30.2859],[-97.66806,30.28609],[-97.67172,30.28673],[-97.67267,30.2868],[-97.6745,30.28666],[-97.67451,30.28674],[-97.6745,30.28666],[-97.6788,30.28631],[-97.68223,30.28588],[-97.68225,30.28599],[-97.68223,30.28588],[-97.69293,30.28425],[-97.69295,30.28434],[-97.69293,30.28425],[-97.69677,30.28366],[-97.69679,30.28376],[-97.69677,30.28366],[-97.70153,30.28294],[-97.70154,30.28302],[-97.70153,30.28294],[-97.7045,30.28246],[-97.70452,30.28255],[-97.7045,30.28246],[-97.7049,30.28239],[-97.70768,30.28203],[-97.71712,30.28047],[-97.71714,30.28055],[-97.71712,30.28047],[-97.7211,30.27988],[-97.72024,30.27996],[-97.72537,30.27902],[-97.7256,30.27907],[-97.72558,30.27898],[-97.72908,30.27855],[-97.72995,30.27855],[-97.7313,30.27874],[-97.73299,30.27921],[-97.73295,30.27931],[-97.73299,30.27921],[-97.73434,30.27958],[-97.73431,30.27967],[-97.73434,30.27958],[-97.73736,30.28043],[-97.73732,30.28054],[-97.73736,30.28043],[-97.74157,30.28162],[-97.74262,30.27893],[-97.74271,30.27896],[-97.74262,30.27893],[-97.74297,30.27796],[-97.74988,30.2799],[-97.75313,30.28019],[-97.75389,30.28045],[-97.75664,30.28247],[-97.75912,30.28309],[-97.76028,30.28352],[-97.76322,30.28561],[-97.76616,30.28708],[-97.77243,30.29075],[-97.77239,30.29082],[-97.77243,30.29075],[-97.77569,30.29241],[-97.77985,30.29427],[-97.77981,30.29434],[-97.77985,30.29427],[-97.78381,30.29608],[-97.78354,30.29289],[-97.78308,30.29156],[-97.78081,30.28858],[-97.7809,30.28853],[-97.78081,30.28858],[-97.77676,30.28317],[-97.77614,30.28416],[-97.77605,30.28412],[-97.77614,30.28416],[-97.77531,30.28548],[-97.775,30.28579]]]},"properties":{"id":"18","short":"18","name":"18-Martin Luther King","color":"#004A97","type":3}},{"type":"Feature","geometry":{"type":"MultiLineString","coordinates":[[[-97.69739,30.25157],[-97.69746,30.25162],[-97.69724,30.25148],[-97.69737,30.25131],[-97.69813,30.25132],[-97.70404,30.25192],[-97.70517,30.25194],[-97.70838,30.25168],[-97.70932,30.25182],[-97.73581,30.26103],[-97.74708,30.26405],[-97.74684,30.26431],[-97.74486,30.26966],[-97.739,30.26803],[-97.73761,30.27175],[-97.73181,30.27012],[-97.72716,30.26842],[-97.71128,30.27098],[-97.71058,30.27113],[-97.70906,30.27195],[-97.70796,30.27235],[-97.70486,30.27243],[-97.69629,30.27383],[-97.69046,30.27352],[-97.70168,30.25604],[-97.6976,30.25332],[-97.69829,30.25215],[-97.69785,30.25185]],[[-97.69763,30.2517],[-97.69785,30.25185],[-97.69727,30.25153],[-97.69737,30.25131],[-97.6986,30.25139],[-97.69808,30.25257],[-97.6976,30.25332],[-97.70168,30.25604],[-97.69046,30.27352],[-97.69629,30.27383],[-97.70486,30.27243],[-97.70796,30.27235],[-97.70906,30.27195],[-97.71058,30.27113],[-97.71128,30.27098],[-97.72716,30.26842],[-97.73181,30.27012],[-97.73868,30.27204],[-97.73973,30.26926],[-97.74559,30.27092],[-97.74798,30.26454],[-97.74795,30.26432],[-97.73878,30.26176],[-97.73581,30.26103],[-97.70932,30.25182],[-97.70838,30.25168],[-97.70431,30.25193],[-97.70309,30.25384],[-97.69829,30.25215],[-97.69785,30.25185]]]},"properties":{"id":"2","short":"2","name":"2- Rosewood/Cesar Chavez","color":"#004A97","type":3}},{"type":"Feature","geometry":{"type":"MultiLineString","coordinates":[[[-97.66566,30.20274],[-97.66581,30.20275],[-97.66528,30.20281],[-97.66495,30.20303],[-97.66299,30.20505],[-97.66268,30.20585],[-97.66268,30.20788],[-97.66246,30.20857],[-97.66208,30.20912],[-97.6609,30.21017],[-97.66509,30.21365],[-97.66424,30.21447],[-97.66341,30.21591],[-97.67402,30.22121],[-97.67742,30.22274],[-97.67898,30.22315],[-97.67994,30.22318],[-97.68098,30.22306],[-97.6834,30.22234],[-97.68706,30.2209],[-97.69122,30.21882],[-97.69206,30.21944],[-97.69687,30.22221],[-97.70442,30.22543],[-97.70898,30.22759],[-97.7136,30.2301],[-97.71734,30.23166],[-97.71998,30.2323],[-97.72063,30.23257],[-97.72274,30.23404],[-97.72426,30.23543],[-97.72524,30.23686],[-97.72602,30.23884],[-97.72646,30.23961],[-97.72804,30.24158],[-97.73084,30.24546],[-97.73354,30.24756],[-97.73605,30.24819],[-97.73786,30.24959],[-97.73984,30.25029],[-97.74018,30.2505],[-97.74117,30.25178],[-97.74365,30.25337],[-97.74462,30.25477],[-97.74604,30.25634],[-97.74878,30.25902],[-97.74934,30.25971],[-97.74872,30.26096],[-97.74771,30.26365],[-97.74686,30.26426],[-97.74053,30.28133],[-97.74193,30.28172],[-97.74208,30.28218],[-97.74141,30.28979],[-97.73592,30.28943]],[[-97.73607,30.28929],[-97.73592,30.28943],[-97.73461,30.28931],[-97.73449,30.29005],[-97.73474,30.29098],[-97.73585,30.29227],[-97.73602,30.29316],[-97.73654,30.29257],[-97.73679,30.28949],[-97.74141,30.28979],[-97.74208,30.28218],[-97.74181,30.28117],[-97.74798,30.26454],[-97.74771,30.26365],[-97.74872,30.26096],[-97.74934,30.25971],[-97.74878,30.25902],[-97.74649,30.25681],[-97.74462,30.25477],[-97.74379,30.25351],[-97.74315,30.25294],[-97.74132,30.25179],[-97.74036,30.25055],[-97.73957,30.25009],[-97.73757,30.24926],[-97.73624,30.24812],[-97.7337,30.24744],[-97.73112,30.24547],[-97.72649,30.23941],[-97.72462,30.23523],[-97.72347,30.23363],[-97.72287,30.23322],[-97.72002,30.23219],[-97.71767,30.23165],[-97.71308,30.2297],[-97.71056,30.22825],[-97.70487,30.22549],[-97.70225,30.22446],[-97.697,30.22212],[-97.69122,30.21882],[-97.69059,30.21806],[-97.68347,30.22189],[-97.68209,30.22235],[-97.68122,30.22251],[-97.67862,30.22242],[-97.67681,30.2221],[-97.67521,30.22149],[-97.66751,30.2176],[-97.66594,30.21651],[-97.66457,30.21577],[-97.66425,30.21538],[-97.66418,30.21486],[-97.66518,30.21372],[-97.662,30.21108],[-97.66285,30.21037],[-97.66426,30.20996],[-97.66765,30.21017],[-97.66916,30.20979],[-97.67003,30.20923],[-97.67053,30.20867],[-97.67097,30.20788],[-97.67115,30.20708],[-97.6711,30.20591],[-97.67081,30.20508],[-97.67023,30.20427],[-97.66899,30.20295],[-97.66836,30.20268],[-97.66581,30.20275]]]},"properties":{"id":"20","short":"20","name":"20-Riverside","color":"#004A97","type":3}},{"type":"Feature","geometry":{"type":"MultiLineString","coordinates":[[[-97.8032,30.14725],[-97.80332,30.14717],[-97.80252,30.1499],[-97.80049,30.15417],[-97.80019,30.15547],[-97.80043,30.16187],[-97.80134,30.16782],[-97.80133,30.17009],[-97.80115,30.17069],[-97.80078,30.17129],[-97.79955,30.17238],[-97.79529,30.16871],[-97.79403,30.16788],[-97.79305,30.16748],[-97.79207,30.16724],[-97.78852,30.16705],[-97.78854,30.16816],[-97.78823,30.16902],[-97.78626,30.17077],[-97.78577,30.17145],[-97.77888,30.19294],[-97.77712,30.19257],[-97.77518,30.19182],[-97.77345,30.19142],[-97.77094,30.19065],[-97.77016,30.19023],[-97.76723,30.19381],[-97.76565,30.19291],[-97.76513,30.19278],[-97.76529,30.19221],[-97.7657,30.19149],[-97.76706,30.19039],[-97.76758,30.18977]],[[-97.76759,30.18995],[-97.76739,30.19003],[-97.76786,30.18925],[-97.76885,30.18962],[-97.77085,30.19077],[-97.77369,30.19162],[-97.77485,30.19185],[-97.77693,30.19265],[-97.77882,30.19308],[-97.77953,30.19117],[-97.78577,30.17145],[-97.78626,30.17077],[-97.78797,30.16934],[-97.78844,30.16859],[-97.78852,30.16705],[-97.78755,30.16702],[-97.78723,30.1669],[-97.78715,30.16666],[-97.78908,30.16221],[-97.79163,30.16341],[-97.79095,30.16714],[-97.78755,30.16702],[-97.78723,30.1669],[-97.78715,30.16666],[-97.78853,30.16358],[-97.78976,30.16041],[-97.7933,30.14882],[-97.79635,30.14035],[-97.80157,30.14281],[-97.80485,30.14366],[-97.80326,30.14738]]]},"properties":{"id":"201","short":"201","name":"201-Southpark Meadows","color":"#004A97","type":3}},{"type":"Feature","geometry":{"type":"MultiLineString","coordinates":[[[-97.98714,30.45348],[-97.98742,30.4535],[-97.98714,30.45394],[-97.98544,30.4532],[-97.98279,30.45342],[-97.97972,30.45476],[-97.98061,30.45782],[-97.98047,30.45832],[-97.9794,30.45958],[-97.97922,30.46006],[-97.97934,30.46157],[-97.97972,30.46278],[-97.97967,30.46322],[-97.97938,30.46371],[-97.97786,30.46488],[-97.97731,30.46552],[-97.97722,30.46609],[-97.97761,30.46771],[-97.97689,30.47047],[-97.97683,30.47218],[-97.97656,30.47273],[-97.97522,30.47401],[-97.97445,30.47413],[-97.9741,30.47348],[-97.97359,30.47294],[-97.97131,30.47131],[-97.96996,30.47086],[-97.96875,30.47086],[-97.96259,30.47263],[-97.96134,30.47337],[-97.9595,30.47519],[-97.95867,30.47582],[-97.957,30.47652],[-97.94303,30.47978],[-97.94027,30.4805],[-97.93671,30.48178],[-97.9355,30.48197],[-97.93355,30.482],[-97.93272,30.48225],[-97.93216,30.4826],[-97.93106,30.48389],[-97.92989,30.4858],[-97.92914,30.48777],[-97.92875,30.48834],[-97.92823,30.48883],[-97.92757,30.48917],[-97.92476,30.49024],[-97.92423,30.49067],[-97.92393,30.49109],[-97.92371,30.49168],[-97.92372,30.49235],[-97.92302,30.49235],[-97.92281,30.49336],[-97.92205,30.49485],[-97.92434,30.4955],[-97.92296,30.49845],[-97.92039,30.50229],[-97.91984,30.50276],[-97.91879,30.50308],[-97.91662,30.50303],[-97.91558,30.50338],[-97.91481,30.50256],[-97.91429,30.50295],[-97.91413,30.50294],[-97.9139,30.5027],[-97.91375,30.50292],[-97.91365,30.50311],[-97.91369,30.50376],[-97.91234,30.5058],[-97.91261,30.50593],[-97.91275,30.50629],[-97.91298,30.50643],[-97.91241,30.50815],[-97.91196,30.51051],[-97.90964,30.51568],[-97.90887,30.51627],[-97.90569,30.51802],[-97.90097,30.51914],[-97.8984,30.51994],[-97.89739,30.51987],[-97.89451,30.51865],[-97.89054,30.51786],[-97.88962,30.51748],[-97.88792,30.516],[-97.88743,30.51527],[-97.88683,30.5138],[-97.88609,30.51288],[-97.88481,30.51206],[-97.88368,30.51178],[-97.88257,30.51174],[-97.88137,30.512],[-97.87123,30.51537],[-97.87015,30.5156],[-97.869,30.51559],[-97.86734,30.51515],[-97.86626,30.51453],[-97.8639,30.5125],[-97.86252,30.51188],[-97.86135,30.51167],[-97.86029,30.51172],[-97.8594,30.5119],[-97.85114,30.51443],[-97.85036,30.51291],[-97.84892,30.50929],[-97.84862,30.50484],[-97.84757,30.50255],[-97.84734,30.50035],[-97.84709,30.49964],[-97.8462,30.49858],[-97.84342,30.49701],[-97.8424,30.49624],[-97.83831,30.49126],[-97.838,30.49028],[-97.8383,30.48608],[-97.83794,30.4851],[-97.83647,30.48352],[-97.83564,30.4828],[-97.83508,30.48247],[-97.83256,30.48145],[-97.83355,30.4795],[-97.83437,30.47984],[-97.83449,30.47959],[-97.83434,30.47949],[-97.83367,30.47929],[-97.83256,30.48145],[-97.83138,30.48103],[-97.83075,30.48095],[-97.82555,30.48117],[-97.82461,30.48082],[-97.8232,30.47974],[-97.82263,30.47947],[-97.82192,30.47927],[-97.81964,30.47894],[-97.81895,30.4787],[-97.81814,30.47811],[-97.81603,30.47579],[-97.81518,30.47531],[-97.81416,30.4751],[-97.81079,30.47531],[-97.80882,30.47596],[-97.80765,30.47652],[-97.80417,30.47884],[-97.80257,30.47974],[-97.80158,30.48004],[-97.79852,30.48007],[-97.79691,30.47983],[-97.79615,30.47985],[-97.78996,30.48172],[-97.78959,30.48182],[-97.78945,30.48173],[-97.78764,30.48228],[-97.78651,30.48042]],[[-97.78651,30.48042],[-97.78662,30.48069],[-97.78511,30.47942],[-97.78531,30.47932],[-97.78631,30.4801],[-97.7866,30.47987],[-97.78735,30.48044],[-97.78816,30.47988],[-97.789,30.48076],[-97.7895,30.48198],[-97.79557,30.48021],[-97.79445,30.47757],[-97.7943,30.47589],[-97.79406,30.47533],[-97.79608,30.47459],[-97.79853,30.47319],[-97.80202,30.47206],[-97.80277,30.47381],[-97.8032,30.47437],[-97.8039,30.47484],[-97.8058,30.47558],[-97.80723,30.47695],[-97.80843,30.47627],[-97.81055,30.4755],[-97.81393,30.47523],[-97.81463,30.47528],[-97.81586,30.47582],[-97.81805,30.47821],[-97.81872,30.47873],[-97.81951,30.47905],[-97.82198,30.47942],[-97.82273,30.47964],[-97.8249,30.48111],[-97.82597,30.48135],[-97.83079,30.48104],[-97.83149,30.48117],[-97.8325,30.48157],[-97.83355,30.4795],[-97.83418,30.4798],[-97.83437,30.47984],[-97.8345,30.47972],[-97.83434,30.47949],[-97.83367,30.47929],[-97.83452,30.47775],[-97.83534,30.47702],[-97.83708,30.47634],[-97.84635,30.47353],[-97.8469,30.47315],[-97.84764,30.47231],[-97.84854,30.47267],[-97.84987,30.47294],[-97.85058,30.47324],[-97.85124,30.47372],[-97.85168,30.47429],[-97.85197,30.47506],[-97.85215,30.47709],[-97.85207,30.47866],[-97.85187,30.48036],[-97.85132,30.48183],[-97.85123,30.48254],[-97.85162,30.48376],[-97.85251,30.48502],[-97.85394,30.48625],[-97.85881,30.48857],[-97.85931,30.4889],[-97.85999,30.48964],[-97.86037,30.49065],[-97.86039,30.49125],[-97.86012,30.49214],[-97.8573,30.49646],[-97.85707,30.49699],[-97.85709,30.49735],[-97.85835,30.50087],[-97.85829,30.50173],[-97.85681,30.50471],[-97.85662,30.50544],[-97.85676,30.50798],[-97.858,30.51234],[-97.86029,30.51172],[-97.86135,30.51167],[-97.86252,30.51188],[-97.86317,30.51211],[-97.86427,30.51276],[-97.8658,30.51443],[-97.86689,30.51518],[-97.8675,30.51547],[-97.86847,30.51573],[-97.86978,30.51582],[-97.87147,30.51552],[-97.8819,30.51209],[-97.88317,30.51194],[-97.88405,30.51205],[-97.88504,30.51242],[-97.8859,30.51302],[-97.88644,30.51362],[-97.88716,30.51512],[-97.88768,30.51583],[-97.88962,30.51748],[-97.89054,30.51786],[-97.89451,30.51865],[-97.89739,30.51987],[-97.8984,30.51994],[-97.90097,30.51914],[-97.90569,30.51802],[-97.90887,30.51627],[-97.90964,30.51568],[-97.91196,30.51051],[-97.91241,30.50815],[-97.91317,30.50595],[-97.91441,30.50428],[-97.91558,30.50338],[-97.91481,30.50256],[-97.91429,30.50295],[-97.91413,30.50294],[-97.9139,30.5027],[-97.91375,30.50292],[-97.91365,30.50311],[-97.91369,30.50376],[-97.91234,30.5058],[-97.91261,30.50593],[-97.91275,30.50629],[-97.91298,30.50643],[-97.91331,30.50571],[-97.91407,30.50465],[-97.91501,30.50375],[-97.9157,30.50331],[-97.91699,30.503],[-97.91903,30.50305],[-97.91984,30.50276],[-97.92039,30.50229],[-97.92296,30.49845],[-97.92434,30.4955],[-97.92205,30.49485],[-97.92281,30.49336],[-97.92302,30.49235],[-97.92372,30.49235],[-97.92371,30.49168],[-97.92393,30.49109],[-97.92423,30.49067],[-97.92476,30.49024],[-97.92757,30.48917],[-97.92823,30.48883],[-97.92875,30.48834],[-97.92914,30.48777],[-97.92989,30.4858],[-97.93106,30.48389],[-97.93216,30.4826],[-97.93272,30.48225],[-97.93355,30.482],[-97.9355,30.48197],[-97.93671,30.48178],[-97.94027,30.4805],[-97.94303,30.47978],[-97.957,30.47652],[-97.95867,30.47582],[-97.9595,30.47519],[-97.96134,30.47337],[-97.96259,30.47263],[-97.96875,30.47086],[-97.96996,30.47086],[-97.97131,30.47131],[-97.97359,30.47294],[-97.9741,30.47348],[-97.97445,30.47413],[-97.97522,30.47401],[-97.97656,30.47273],[-97.97683,30.47218],[-97.97689,30.47047],[-97.97761,30.46771],[-97.97722,30.46609],[-97.97731,30.46552],[-97.97786,30.46488],[-97.97938,30.46371],[-97.97967,30.46322],[-97.97972,30.46278],[-97.97934,30.46157],[-97.97922,30.46006],[-97.9794,30.45958],[-97.98047,30.45832],[-97.98061,30.45782],[-97.97978,30.45496],[-97.98323,30.45336],[-97.98557,30.45322],[-97.98714,30.45394],[-97.98751,30.45335],[-97.98608,30.45264],[-97.986,30.45277],[-97.98742,30.4535],[-97.98714,30.45394],[-97.98671,30.45374]]]},"properties":{"id":"214","short":"214","name":"214-Northwest Feeder","color":"#004A97","type":3}},{"type":"Feature","geometry":{"type":"MultiLineString","coordinates":[[[-97.70606,30.23004],[-97.7057,30.23003],[-97.70151,30.22803],[-97.7035,30.22491],[-97.70116,30.22396],[-97.69074,30.23796],[-97.6889,30.23929],[-97.6858,30.23539],[-97.68393,30.23182],[-97.68374,30.23122],[-97.68339,30.23106],[-97.68297,30.23137],[-97.68376,30.23361],[-97.68435,30.23481],[-97.68673,30.23766],[-97.68928,30.24171],[-97.68982,30.24328],[-97.6908,30.24878],[-97.69143,30.24998],[-97.69259,30.25084],[-97.6966,30.25266],[-97.6976,30.25332],[-97.69829,30.25215],[-97.69785,30.25185]],[[-97.69783,30.2518],[-97.69727,30.25153],[-97.69725,30.25141],[-97.69737,30.25131],[-97.69813,30.25132],[-97.70041,30.25157],[-97.69988,30.25272],[-97.69829,30.25215],[-97.6976,30.25332],[-97.69524,30.25167],[-97.69243,30.25045],[-97.69143,30.24965],[-97.69111,30.24864],[-97.69126,30.24663],[-97.6908,30.24295],[-97.69019,30.2413],[-97.6889,30.23929],[-97.69074,30.23796],[-97.70108,30.22407],[-97.70377,30.22513],[-97.70786,30.22706],[-97.70651,30.22919],[-97.70623,30.2301]]]},"properties":{"id":"217","short":"217","name":"217-Montopolis Feeder","color":"#004A97","type":3}},{"type":"Feature","geometry":{"type":"MultiLineString","coordinates":[[[-97.72149,30.23962],[-97.72134,30.23964],[-97.71958,30.23877],[-97.72198,30.23496],[-97.72255,30.23437],[-97.72379,30.23357],[-97.7243,30.23304],[-97.72783,30.22752],[-97.72505,30.2261],[-97.72361,30.22488],[-97.72131,30.22153],[-97.72074,30.22036],[-97.72022,30.21987],[-97.71038,30.21513],[-97.71105,30.21445],[-97.71666,30.20556],[-97.71252,30.2035],[-97.7112,30.20275],[-97.71027,30.20206],[-97.70902,30.2031],[-97.70825,30.20344],[-97.70664,30.20377],[-97.70488,30.20519],[-97.70329,30.20586],[-97.69714,30.20689],[-97.69484,30.20699],[-97.69057,30.20771]],[[-97.6905,30.20763],[-97.69057,30.20771],[-97.68859,30.20807],[-97.68782,30.20832],[-97.68589,30.20946],[-97.68449,30.20962],[-97.68344,30.20993],[-97.68341,30.20585],[-97.68361,30.2031],[-97.68496,30.19387],[-97.68554,30.1907],[-97.68775,30.18291],[-97.68828,30.18319],[-97.69701,30.19042],[-97.69752,30.19089],[-97.69834,30.19196],[-97.69477,30.19509],[-97.69463,30.19495],[-97.6937,30.19577],[-97.69398,30.19598],[-97.69842,30.19205],[-97.71054,30.20228],[-97.71171,30.20305],[-97.71394,30.20426],[-97.71657,30.20551],[-97.71082,30.21449],[-97.71018,30.21501],[-97.72022,30.21987],[-97.72074,30.22036],[-97.72131,30.22153],[-97.72361,30.22488],[-97.72505,30.2261],[-97.72769,30.22745],[-97.72417,30.23305],[-97.72369,30.23349],[-97.72274,30.23404],[-97.72402,30.23514],[-97.72477,30.23609],[-97.7254,30.23718],[-97.72615,30.23911],[-97.72704,30.24034],[-97.72619,30.24162],[-97.72579,30.24142],[-97.72524,30.24143],[-97.72468,30.24125],[-97.72181,30.23985]]]},"properties":{"id":"228","short":"228","name":"228-VA Clinic","color":"#004A97","type":3}},{"type":"Feature","geometry":{"type":"MultiLineString","coordinates":[[[-97.64584,30.29924],[-97.64822,30.30028],[-97.64318,30.30794],[-97.64272,30.3088],[-97.64138,30.3103],[-97.64086,30.3107],[-97.6402,30.31099],[-97.63796,30.31155],[-97.63739,30.31186],[-97.63683,30.31239],[-97.63064,30.32191],[-97.62599,30.31965],[-97.62587,30.31924],[-97.62625,30.31854],[-97.62619,30.31823],[-97.62317,30.31664],[-97.62259,30.31571],[-97.62216,30.31536],[-97.61476,30.31175],[-97.61902,30.30513],[-97.6208,30.30596],[-97.62144,30.30654],[-97.62203,30.30683],[-97.62223,30.30752],[-97.62221,30.30794],[-97.62252,30.30804],[-97.62269,30.30788],[-97.62268,30.30767],[-97.62223,30.30752],[-97.62203,30.30683],[-97.62144,30.30654],[-97.6208,30.30596],[-97.61902,30.30513],[-97.62602,30.29427],[-97.62403,30.29316],[-97.62378,30.29377],[-97.62449,30.29422],[-97.62465,30.29396]],[[-97.62433,30.29376],[-97.62408,30.29374],[-97.62403,30.29316],[-97.62602,30.29427],[-97.62799,30.29123],[-97.64029,30.29733],[-97.64167,30.29781],[-97.64131,30.29895],[-97.6402,30.30023],[-97.63927,30.30116],[-97.63749,30.3024],[-97.63694,30.3026],[-97.63658,30.30173],[-97.63727,30.30081],[-97.63725,30.30053],[-97.63713,30.3004],[-97.63681,30.3004],[-97.63604,30.3007],[-97.63601,30.30121],[-97.63658,30.30173],[-97.63694,30.3026],[-97.63786,30.30216],[-97.63812,30.30252],[-97.639,30.30407],[-97.63926,30.30558],[-97.64044,30.30536],[-97.64111,30.30497],[-97.64167,30.3044],[-97.64414,30.30073],[-97.64425,30.29931],[-97.64459,30.29859],[-97.64594,30.29922]]]},"properties":{"id":"233","short":"233","name":"233-Decker/Daffan Ln","color":"#004A97","type":3}},{"type":"Feature","geometry":{"type":"MultiLineString","coordinates":[[[-97.70124,30.43997],[-97.70206,30.4407],[-97.70191,30.44122],[-97.70031,30.44066],[-97.69738,30.43995],[-97.69656,30.4399],[-97.69541,30.44009],[-97.6937,30.44089],[-97.69152,30.44148],[-97.68981,30.44155],[-97.68878,30.44144],[-97.6876,30.44088],[-97.68616,30.43972],[-97.6846,30.43725],[-97.6838,30.43643],[-97.68219,30.43538],[-97.68131,30.43496],[-97.68021,30.43465],[-97.67888,30.43456],[-97.6777,30.43472],[-97.67672,30.43501],[-97.67445,30.43613],[-97.67161,30.43913],[-97.67066,30.43971],[-97.66934,30.44026],[-97.6666,30.44112],[-97.66494,30.44121],[-97.66387,30.44099],[-97.66303,30.44055],[-97.65541,30.43588],[-97.65429,30.43483],[-97.65302,30.43263],[-97.65554,30.43167],[-97.6561,30.43125],[-97.65673,30.43046],[-97.65713,30.42942],[-97.65719,30.42607],[-97.65736,30.42509],[-97.66093,30.41952],[-97.66576,30.42189],[-97.66662,30.41999],[-97.66633,30.41893],[-97.66651,30.41785],[-97.66723,30.41801],[-97.66763,30.41835],[-97.66911,30.41857]],[[-97.66911,30.41857],[-97.66938,30.41864],[-97.66954,30.41854],[-97.66941,30.41844],[-97.66761,30.41818],[-97.66651,30.41785],[-97.66633,30.41893],[-97.66662,30.41999],[-97.66637,30.42066],[-97.66568,30.42162],[-97.66091,30.41929],[-97.65723,30.42512],[-97.65707,30.42575],[-97.65701,30.42929],[-97.65662,30.43041],[-97.65614,30.43106],[-97.65553,30.43155],[-97.65282,30.4327],[-97.65344,30.43396],[-97.65413,30.43497],[-97.65513,30.43594],[-97.65572,30.43634],[-97.66305,30.44074],[-97.6636,30.44095],[-97.66494,30.44121],[-97.6666,30.44112],[-97.67082,30.43982],[-97.67214,30.43892],[-97.67358,30.43719],[-97.67456,30.43623],[-97.67617,30.43542],[-97.67791,30.43491],[-97.6789,30.4348],[-97.68014,30.43487],[-97.68108,30.4351],[-97.682,30.43549],[-97.6832,30.43626],[-97.6843,30.43723],[-97.6858,30.43953],[-97.68654,30.44031],[-97.68764,30.44123],[-97.68888,30.44172],[-97.69011,30.44178],[-97.69178,30.44168],[-97.69362,30.44117],[-97.69548,30.44023],[-97.69654,30.44004],[-97.69757,30.44014],[-97.70027,30.44077],[-97.70063,30.43949],[-97.70095,30.43949]]]},"properties":{"id":"243","short":"243","name":"243-Wells Branch","color":"#004A97","type":3}},{"type":"Feature","geometry":{"type":"MultiLineString","coordinates":[[[-97.70606,30.23004],[-97.70696,30.22848],[-97.70637,30.2295],[-97.70623,30.2301],[-97.7057,30.23003],[-97.70151,30.22803],[-97.7035,30.22491],[-97.70225,30.22446],[-97.697,30.22212],[-97.69122,30.21882],[-97.69059,30.21806],[-97.68958,30.21645],[-97.68845,30.21579],[-97.68759,30.21558],[-97.6869,30.21566],[-97.68636,30.21593],[-97.68528,30.2169],[-97.68742,30.21858],[-97.68809,30.21936],[-97.68475,30.22128],[-97.68302,30.22205],[-97.68122,30.22251],[-97.67795,30.22236],[-97.67681,30.2221],[-97.67471,30.22125],[-97.66751,30.2176],[-97.66594,30.21651],[-97.65967,30.21302],[-97.65675,30.21161],[-97.65395,30.21045],[-97.64627,30.20651],[-97.64255,30.20399],[-97.63986,30.20257],[-97.6407,30.20015],[-97.64142,30.19908],[-97.64227,30.19826],[-97.64323,30.19905],[-97.64227,30.19988],[-97.64217,30.20065],[-97.64276,30.20116],[-97.64327,30.20138],[-97.64395,30.20131],[-97.64453,30.20087],[-97.64474,30.20051],[-97.64474,30.20013],[-97.64449,30.19964],[-97.6441,30.19955],[-97.64414,30.19938],[-97.6455,30.19799],[-97.64558,30.19701],[-97.64532,30.19656],[-97.64569,30.19611],[-97.64511,30.19562],[-97.64664,30.19434],[-97.64731,30.19337],[-97.64754,30.19271],[-97.64766,30.1921],[-97.64759,30.19112],[-97.64581,30.18411],[-97.64589,30.18257],[-97.64663,30.18061],[-97.62313,30.16943],[-97.62024,30.17406],[-97.61782,30.17297],[-97.61608,30.17276],[-97.61485,30.1722],[-97.61438,30.17216],[-97.61392,30.17231],[-97.61338,30.17295],[-97.61263,30.17429],[-97.61515,30.17546],[-97.61733,30.17574],[-97.61782,30.17599],[-97.61847,30.1766],[-97.61582,30.17789],[-97.61521,30.1783],[-97.61493,30.1781],[-97.61443,30.17803],[-97.61436,30.17704]],[[-97.61448,30.17757],[-97.61443,30.17803],[-97.61433,30.17692],[-97.61192,30.17572],[-97.61222,30.17521],[-97.61107,30.17471],[-97.61074,30.17517],[-97.61424,30.17684],[-97.61436,30.17704],[-97.61443,30.17803],[-97.61493,30.1781],[-97.61521,30.1783],[-97.61582,30.17789],[-97.61847,30.1766],[-97.61782,30.17599],[-97.61733,30.17574],[-97.61515,30.17546],[-97.61263,30.17429],[-97.61369,30.17251],[-97.61416,30.17221],[-97.61485,30.1722],[-97.61608,30.17276],[-97.61798,30.17302],[-97.62024,30.17406],[-97.62313,30.16943],[-97.64663,30.18061],[-97.64589,30.18257],[-97.64581,30.18411],[-97.64759,30.19112],[-97.64766,30.1921],[-97.64754,30.19271],[-97.64731,30.19337],[-97.64664,30.19434],[-97.64213,30.19813],[-97.64323,30.19905],[-97.64227,30.19988],[-97.64217,30.20065],[-97.64276,30.20116],[-97.64327,30.20138],[-97.64395,30.20131],[-97.64453,30.20087],[-97.64474,30.20051],[-97.64474,30.20013],[-97.64449,30.19964],[-97.6441,30.19955],[-97.64414,30.19938],[-97.6455,30.19799],[-97.64558,30.19701],[-97.64532,30.19656],[-97.64569,30.19611],[-97.64511,30.19562],[-97.64339,30.197],[-97.64099,30.19925],[-97.6402,30.2006],[-97.63934,30.20327],[-97.65528,30.21135],[-97.66112,30.21442],[-97.66263,30.21536],[-97.665,30.21647],[-97.67308,30.22075],[-97.67708,30.22259],[-97.67815,30.22298],[-97.67931,30.22318],[-97.68057,30.22313],[-97.68433,30.22213],[-97.68467,30.22228],[-97.68478,30.22261],[-97.68433,30.22324],[-97.68407,30.22336],[-97.6837,30.22333],[-97.68347,30.22318],[-97.68329,30.2228],[-97.68342,30.21766],[-97.68415,30.2176],[-97.68454,30.21745],[-97.68636,30.21593],[-97.6869,30.21566],[-97.68759,30.21558],[-97.68845,30.21579],[-97.68958,30.21645],[-97.69059,30.21806],[-97.69142,30.21905],[-97.69618,30.22185],[-97.70142,30.22422],[-97.70377,30.22513],[-97.70786,30.22706],[-97.70606,30.23004]]]},"properties":{"id":"271","short":"271","name":"271-Del Valle","color":"#004A97","type":3}},{"type":"Feature","geometry":{"type":"MultiLineString","coordinates":[[[-97.79135,30.16337],[-97.7916,30.16342],[-97.79091,30.16727],[-97.79273,30.16753],[-97.79445,30.1683],[-97.79972,30.17283],[-97.80065,30.17342],[-97.80155,30.17382],[-97.80249,30.17405],[-97.80447,30.17409],[-97.80447,30.17417],[-97.80447,30.17409],[-97.80635,30.17406],[-97.80636,30.17414],[-97.80635,30.17406],[-97.8096,30.17401],[-97.80961,30.1741],[-97.8096,30.17401],[-97.81479,30.17392],[-97.81479,30.17399],[-97.81479,30.17392],[-97.81687,30.17388],[-97.81687,30.17397],[-97.81687,30.17388],[-97.82333,30.17379],[-97.82357,30.17392],[-97.82362,30.17417],[-97.82308,30.17522],[-97.82289,30.17553],[-97.82273,30.17546],[-97.82289,30.17553],[-97.82037,30.17951],[-97.82024,30.17945],[-97.82037,30.17951],[-97.81701,30.18484],[-97.81578,30.18671],[-97.81565,30.18665],[-97.81578,30.18671],[-97.81265,30.19164],[-97.81251,30.19157],[-97.81265,30.19164],[-97.8106,30.19487],[-97.81039,30.19519],[-97.81025,30.19512],[-97.81039,30.19519],[-97.80858,30.19801],[-97.80846,30.19795],[-97.80858,30.19801],[-97.80764,30.19952],[-97.80733,30.20032],[-97.8069,30.2027],[-97.80682,30.20269],[-97.8069,30.2027],[-97.80653,30.20513],[-97.80624,30.20623],[-97.80362,30.21051],[-97.80239,30.21237],[-97.80175,30.21303],[-97.80057,30.21381],[-97.79895,30.21462],[-97.79886,30.21449],[-97.79895,30.21462],[-97.79791,30.21526],[-97.79691,30.21632],[-97.79678,30.21625],[-97.79691,30.21632],[-97.79677,30.21654],[-97.795,30.21906],[-97.79354,30.22168],[-97.79076,30.2261],[-97.79057,30.22624],[-97.79064,30.22628],[-97.78919,30.22861],[-97.78908,30.22856],[-97.78919,30.22861],[-97.78908,30.22856],[-97.78919,30.22861],[-97.78855,30.22963],[-97.78769,30.2309],[-97.7876,30.23086],[-97.78769,30.2309],[-97.78754,30.23116],[-97.78552,30.23405],[-97.78385,30.23687],[-97.78377,30.23683],[-97.78385,30.23687],[-97.78292,30.23829],[-97.78222,30.23999],[-97.78209,30.24051],[-97.78217,30.2405],[-97.78226,30.24169],[-97.78177,30.24237],[-97.7816,30.24283],[-97.78136,30.24408],[-97.78145,30.24423],[-97.77977,30.24546],[-97.7797,30.24538],[-97.77977,30.24546],[-97.77876,30.2462],[-97.77756,30.2468],[-97.77744,30.24684],[-97.7774,30.24675],[-97.77744,30.24684],[-97.7771,30.24696],[-97.77607,30.24719],[-97.7743,30.24741],[-97.77428,30.24728],[-97.7743,30.24741],[-97.77285,30.24763],[-97.77105,30.24813],[-97.77102,30.24802],[-97.77105,30.24813],[-97.76875,30.24879],[-97.76709,30.24965],[-97.767,30.24956],[-97.76709,30.24965],[-97.76606,30.25037],[-97.76409,30.25237],[-97.76397,30.25229],[-97.76409,30.25237],[-97.76332,30.25318],[-97.7627,30.25408],[-97.76259,30.25403],[-97.7627,30.25408],[-97.76125,30.25646],[-97.76116,30.2566],[-97.76104,30.25655],[-97.7611,30.25667],[-97.75936,30.25831],[-97.7591,30.25886],[-97.75831,30.26169],[-97.75805,30.26163],[-97.75831,30.26169],[-97.75814,30.26219],[-97.75628,30.26653],[-97.75409,30.26619],[-97.75079,30.26516],[-97.75083,30.26506],[-97.75079,30.26516],[-97.74698,30.26407],[-97.74606,30.26622],[-97.74459,30.27045],[-97.74444,30.27042],[-97.74459,30.27045],[-97.74387,30.27231],[-97.74377,30.27228],[-97.74387,30.27231],[-97.74266,30.27561],[-97.74248,30.27556],[-97.74244,30.27567],[-97.74262,30.27572],[-97.74089,30.2803],[-97.74198,30.28063],[-97.74178,30.28131],[-97.74211,30.28234],[-97.74178,30.28575],[-97.74162,30.28573],[-97.74178,30.28575],[-97.74136,30.29029],[-97.74124,30.29028],[-97.74136,30.29029],[-97.74118,30.29213],[-97.74251,30.2947],[-97.74241,30.29474],[-97.74251,30.2947],[-97.74282,30.29534],[-97.74125,30.29783],[-97.74115,30.29778],[-97.74125,30.29783],[-97.74062,30.29889],[-97.73948,30.30067],[-97.73939,30.30064],[-97.73948,30.30067],[-97.73814,30.30274],[-97.73908,30.30331],[-97.73901,30.3034],[-97.73908,30.30331],[-97.74183,30.30462],[-97.74178,30.3047],[-97.74183,30.30462],[-97.74395,30.30558],[-97.74388,30.30569],[-97.74395,30.30558],[-97.74414,30.30567],[-97.74267,30.30805],[-97.74258,30.31116],[-97.74175,30.31507],[-97.74114,30.31605],[-97.74103,30.316],[-97.74114,30.31605],[-97.74002,30.31775],[-97.73918,30.31938],[-97.73915,30.32049],[-97.73956,30.32489],[-97.73957,30.32628],[-97.73966,30.32626],[-97.73968,30.32643],[-97.74007,30.33283],[-97.73851,30.34307],[-97.7383,30.34387],[-97.73783,30.3449],[-97.73764,30.34522],[-97.73755,30.34518],[-97.73764,30.34522],[-97.73755,30.34518],[-97.73764,30.34522],[-97.73554,30.34855],[-97.73545,30.34851],[-97.73554,30.34855],[-97.73435,30.35045],[-97.73424,30.3504],[-97.73432,30.3505],[-97.73218,30.3539],[-97.73208,30.35386],[-97.73218,30.3539],[-97.73089,30.35617],[-97.73019,30.35862],[-97.73009,30.3586],[-97.73019,30.35862],[-97.73009,30.3586],[-97.73019,30.35862],[-97.72969,30.36053],[-97.72959,30.36051],[-97.72969,30.36053],[-97.72959,30.36051],[-97.72969,30.36053],[-97.72892,30.36349],[-97.72879,30.36347],[-97.72892,30.36349],[-97.72879,30.36347],[-97.72892,30.36349],[-97.72806,30.36679],[-97.72784,30.36759],[-97.72772,30.36756],[-97.72784,30.36759],[-97.72697,30.371],[-97.72682,30.37097],[-97.72697,30.371],[-97.72691,30.37129],[-97.72657,30.37204],[-97.72617,30.37359],[-97.72591,30.37471],[-97.72593,30.37531],[-97.725,30.37952],[-97.72486,30.3795],[-97.725,30.37952],[-97.7237,30.38524],[-97.72358,30.38522],[-97.7237,30.38524],[-97.72357,30.38582],[-97.72178,30.39124],[-97.72486,30.39204],[-97.72596,30.39267],[-97.73959,30.39918],[-97.73955,30.39925],[-97.73959,30.39918],[-97.7416,30.40014],[-97.74228,30.40036],[-97.7452,30.40039],[-97.74724,30.40081],[-97.74887,30.40077],[-97.74976,30.39857],[-97.75001,30.39697],[-97.75014,30.39698],[-97.75001,30.39697],[-97.74998,30.39602],[-97.74972,30.39477],[-97.74976,30.39415],[-97.74835,30.39411],[-97.74835,30.39404],[-97.74835,30.39411],[-97.74536,30.39403],[-97.74444,30.39379],[-97.74354,30.39334]],[[-97.74354,30.39334],[-97.74225,30.39312],[-97.73958,30.39333],[-97.74005,30.39698],[-97.73988,30.39781],[-97.73923,30.39884],[-97.7249,30.39193],[-97.72391,30.39159],[-97.72184,30.39112],[-97.72364,30.38555],[-97.72596,30.37518],[-97.72675,30.37241],[-97.72702,30.3707],[-97.73074,30.35655],[-97.7314,30.35513],[-97.7378,30.34497],[-97.73833,30.34381],[-97.73857,30.3428],[-97.73983,30.3348],[-97.74008,30.33246],[-97.7392,30.31926],[-97.74173,30.31517],[-97.74254,30.3115],[-97.74264,30.30818],[-97.74415,30.30567],[-97.73922,30.30339],[-97.73816,30.30275],[-97.74279,30.29542],[-97.74277,30.29513],[-97.7412,30.29196],[-97.74208,30.28218],[-97.7418,30.28131],[-97.74199,30.28062],[-97.74798,30.26454],[-97.74795,30.26432],[-97.75445,30.26626],[-97.75645,30.26658],[-97.75711,30.26695],[-97.75618,30.26786],[-97.75573,30.26777],[-97.75792,30.26275],[-97.75857,30.26098],[-97.75906,30.25895],[-97.7593,30.2584],[-97.76102,30.25674],[-97.76326,30.25323],[-97.76571,30.25065],[-97.76748,30.24939],[-97.76937,30.2486],[-97.77294,30.2476],[-97.77616,30.24716],[-97.77775,30.24672],[-97.77875,30.24617],[-97.78131,30.24434],[-97.78162,30.24274],[-97.78222,30.24172],[-97.78215,30.24029],[-97.78225,30.23989],[-97.78324,30.23783],[-97.79293,30.22271],[-97.79469,30.21967],[-97.79684,30.21632],[-97.79761,30.21544],[-97.79827,30.21495],[-97.80089,30.21366],[-97.80201,30.21281],[-97.80283,30.21179],[-97.80586,30.20702],[-97.80647,30.20554],[-97.80718,30.20102],[-97.8077,30.19945],[-97.82299,30.17538],[-97.82382,30.17364],[-97.80408,30.17397],[-97.80261,30.17393],[-97.80179,30.17376],[-97.80027,30.173],[-97.79529,30.16871],[-97.79403,30.16788],[-97.79305,30.16748],[-97.7916,30.16717],[-97.78755,30.16702],[-97.78723,30.1669],[-97.78715,30.16666],[-97.78908,30.16221],[-97.79135,30.16337]]]},"properties":{"id":"3","short":"3","name":"3-Burnet/Manchaca","color":"#004A97","type":3}},{"type":"Feature","geometry":{"type":"MultiLineString","coordinates":[[[-97.79059,30.2314],[-97.79052,30.23151],[-97.79503,30.2338],[-97.79661,30.23514],[-97.79784,30.23647],[-97.799,30.23821],[-97.80324,30.24667],[-97.81212,30.25802],[-97.81129,30.25848],[-97.8109,30.25893],[-97.8101,30.25868],[-97.81037,30.25749],[-97.81031,30.25697],[-97.81024,30.25683],[-97.81001,30.25684],[-97.8097,30.2563],[-97.80927,30.25651],[-97.8085,30.25588],[-97.80906,30.25521],[-97.80806,30.25452],[-97.80843,30.25403],[-97.80881,30.25381],[-97.81212,30.25802],[-97.81129,30.25848],[-97.81084,30.259],[-97.80651,30.26609],[-97.80619,30.26658],[-97.80608,30.26653],[-97.80619,30.26658],[-97.80501,30.26843],[-97.80491,30.26838],[-97.80497,30.2685],[-97.80455,30.26898],[-97.80384,30.26935],[-97.80346,30.2697],[-97.80155,30.27261],[-97.80147,30.27257],[-97.80155,30.27261],[-97.80103,30.27372],[-97.80044,30.27442],[-97.79641,30.27164],[-97.79482,30.2716],[-97.7933,30.27089],[-97.792,30.27064],[-97.79102,30.27065],[-97.78832,30.2713],[-97.78756,30.27125],[-97.78714,30.27109],[-97.78665,30.27076],[-97.78627,30.27021],[-97.78613,30.26826],[-97.78572,30.26746],[-97.78511,30.26704],[-97.78334,30.26664],[-97.78292,30.26633],[-97.78259,30.26589],[-97.78228,30.26526],[-97.78235,30.26512],[-97.78514,30.26419],[-97.78556,30.26393],[-97.78522,30.26348],[-97.78559,30.2624],[-97.78642,30.26165],[-97.78662,30.26114],[-97.78654,30.26116],[-97.78645,30.26088],[-97.7864,30.2604],[-97.78651,30.25903],[-97.78667,30.25873],[-97.78739,30.25804],[-97.78748,30.25813],[-97.78739,30.25804],[-97.78773,30.25777],[-97.78859,30.25748],[-97.78924,30.25752],[-97.79075,30.25838],[-97.79112,30.25911],[-97.79103,30.25915],[-97.79167,30.25949],[-97.79273,30.25971],[-97.79317,30.26022],[-97.78957,30.26208],[-97.78632,30.26396],[-97.78117,30.26584],[-97.78113,30.26576],[-97.78117,30.26584],[-97.77856,30.26732],[-97.7785,30.26725],[-97.77856,30.26732],[-97.77618,30.26888],[-97.77551,30.26906],[-97.77471,30.26896],[-97.77286,30.26824],[-97.76906,30.26612],[-97.76785,30.26588],[-97.76763,30.26596],[-97.76706,30.26589],[-97.76626,30.26561],[-97.76504,30.26487],[-97.76394,30.26383],[-97.76301,30.26318],[-97.76224,30.2624],[-97.76135,30.26185],[-97.7574,30.26054],[-97.75737,30.26065],[-97.7574,30.26054],[-97.75737,30.26065],[-97.75572,30.26032],[-97.75388,30.25971],[-97.75393,30.25961],[-97.75388,30.25971],[-97.75349,30.25958],[-97.7501,30.25838],[-97.7495,30.25949],[-97.74936,30.25942],[-97.7495,30.25949],[-97.74882,30.26068],[-97.74769,30.26362],[-97.74744,30.2639],[-97.74692,30.26417],[-97.74595,30.26671],[-97.74586,30.26669],[-97.74595,30.26671],[-97.74439,30.27097],[-97.74428,30.27095],[-97.74439,30.27099],[-97.74387,30.27231],[-97.74377,30.27228],[-97.74387,30.27231],[-97.74266,30.27561],[-97.74248,30.27556],[-97.74244,30.27567],[-97.74262,30.27572],[-97.74089,30.2803],[-97.74198,30.28063],[-97.74178,30.28131],[-97.74211,30.28234],[-97.74178,30.28575],[-97.74162,30.28573],[-97.74178,30.28575],[-97.74136,30.29029],[-97.74124,30.29028],[-97.74136,30.29029],[-97.74118,30.29213],[-97.74251,30.2947],[-97.74241,30.29474],[-97.74251,30.2947],[-97.74282,30.29534],[-97.74125,30.29783],[-97.74115,30.29778],[-97.74125,30.29783],[-97.74062,30.29889],[-97.73948,30.30067],[-97.73939,30.30064],[-97.73948,30.30067],[-97.73814,30.30274],[-97.73908,30.30331],[-97.73901,30.3034],[-97.73908,30.30331],[-97.74183,30.30462],[-97.74178,30.3047],[-97.74183,30.30462],[-97.74395,30.30558],[-97.74388,30.30569],[-97.74395,30.30558],[-97.74526,30.30617],[-97.74521,30.30626],[-97.74526,30.30617],[-97.74683,30.30687],[-97.74855,30.30728],[-97.74988,30.30709],[-97.75015,30.30709],[-97.75014,30.30722],[-97.75015,30.30709],[-97.75044,30.30713],[-97.75162,30.30776],[-97.75063,30.30916],[-97.75259,30.31215],[-97.75516,30.31768],[-97.74913,30.3276],[-97.75098,30.32851],[-97.75094,30.32857],[-97.75098,30.32851],[-97.75357,30.32978],[-97.75356,30.32987],[-97.75362,30.3298],[-97.76039,30.33303],[-97.75896,30.33508],[-97.75796,30.33614],[-97.75683,30.33774],[-97.75675,30.3377],[-97.75683,30.33774],[-97.75665,30.33804],[-97.75326,30.3434],[-97.75318,30.34337],[-97.75326,30.3434],[-97.75137,30.34644],[-97.75091,30.34742],[-97.75106,30.34771],[-97.75258,30.34824],[-97.75418,30.34922],[-97.75548,30.34983],[-97.75462,30.35088],[-97.75453,30.35122],[-97.75088,30.35696],[-97.7507,30.35751],[-97.75079,30.35834],[-97.75135,30.35828],[-97.75136,30.35839],[-97.75135,30.35828],[-97.75253,30.35826],[-97.75368,30.35875],[-97.75363,30.35882],[-97.75368,30.35875],[-97.75548,30.35947],[-97.75654,30.36012],[-97.75763,30.36123],[-97.76238,30.36352],[-97.76302,30.36453],[-97.76334,30.36477],[-97.76068,30.36661],[-97.75918,30.36833],[-97.75911,30.36829],[-97.75918,30.36833],[-97.75785,30.37037],[-97.75684,30.37226],[-97.75545,30.37441],[-97.7549,30.37414],[-97.75497,30.37404],[-97.7549,30.37414],[-97.75294,30.37316],[-97.753,30.37307],[-97.75294,30.37316],[-97.75176,30.37265],[-97.75124,30.37265],[-97.75003,30.37309],[-97.74966,30.3731],[-97.74887,30.37276],[-97.74893,30.37266],[-97.74887,30.37276],[-97.74725,30.37194],[-97.74689,30.37135],[-97.74675,30.3708],[-97.74686,30.37077],[-97.74675,30.3708],[-97.74626,30.37008],[-97.74556,30.36969],[-97.74562,30.36958],[-97.74556,30.36969],[-97.74474,30.36932],[-97.74382,30.36883],[-97.74387,30.36875],[-97.74382,30.36883],[-97.74084,30.36743],[-97.73963,30.36681],[-97.73968,30.36674],[-97.73963,30.36681],[-97.73941,30.36671],[-97.73505,30.36462],[-97.73766,30.36063],[-97.73774,30.36068],[-97.73766,30.36063],[-97.7383,30.35965],[-97.73346,30.35718],[-97.73093,30.35608],[-97.73134,30.35523],[-97.73201,30.35417],[-97.73212,30.35421],[-97.73201,30.35417],[-97.73309,30.35253],[-97.73353,30.35243],[-97.73536,30.35326],[-97.73564,30.35349],[-97.73661,30.35594],[-97.73661,30.35646],[-97.73645,30.35674],[-97.73727,30.3571],[-97.73721,30.35721]],[[-97.73721,30.35721],[-97.73744,30.35721],[-97.73879,30.35779],[-97.73847,30.35843],[-97.7385,30.35933],[-97.73505,30.36465],[-97.74599,30.36985],[-97.74658,30.37038],[-97.74701,30.37156],[-97.74726,30.3719],[-97.74969,30.37305],[-97.75018,30.37303],[-97.75126,30.37262],[-97.75182,30.37263],[-97.75546,30.37435],[-97.75675,30.37243],[-97.75794,30.37022],[-97.75925,30.36825],[-97.76069,30.36662],[-97.76334,30.36473],[-97.76287,30.36428],[-97.76237,30.36349],[-97.75765,30.36117],[-97.75667,30.36024],[-97.75558,30.35954],[-97.7525,30.35824],[-97.75077,30.35834],[-97.75068,30.35751],[-97.75089,30.35697],[-97.75448,30.35131],[-97.75486,30.35054],[-97.75549,30.34985],[-97.7525,30.34819],[-97.75139,30.3478],[-97.75116,30.34758],[-97.7511,30.34731],[-97.75227,30.34497],[-97.75666,30.33802],[-97.7583,30.33576],[-97.75906,30.33492],[-97.76036,30.33303],[-97.74914,30.32763],[-97.75516,30.31773],[-97.7541,30.3152],[-97.7526,30.31211],[-97.75064,30.30913],[-97.75161,30.30776],[-97.75074,30.30722],[-97.75035,30.30712],[-97.74853,30.30726],[-97.74693,30.30692],[-97.73951,30.30353],[-97.73816,30.30275],[-97.74279,30.29542],[-97.74277,30.29513],[-97.7412,30.29196],[-97.74208,30.28218],[-97.74181,30.28117],[-97.74798,30.26454],[-97.74771,30.26365],[-97.74894,30.26047],[-97.75011,30.25842],[-97.7557,30.26033],[-97.75855,30.26087],[-97.75959,30.26139],[-97.7612,30.26191],[-97.76183,30.26226],[-97.76449,30.26448],[-97.76621,30.26558],[-97.76684,30.26583],[-97.7693,30.26632],[-97.77283,30.26824],[-97.77535,30.26918],[-97.77656,30.26943],[-97.77691,30.26933],[-97.78114,30.267],[-97.78287,30.26626],[-97.78225,30.26511],[-97.78555,30.26398],[-97.78522,30.26352],[-97.78525,30.26329],[-97.78562,30.26235],[-97.7865,30.26144],[-97.78638,30.26016],[-97.78662,30.25878],[-97.78777,30.25772],[-97.78855,30.25746],[-97.78912,30.25748],[-97.7906,30.25823],[-97.79107,30.25903],[-97.79147,30.25941],[-97.79261,30.25965],[-97.79315,30.26021],[-97.79175,30.26089],[-97.78655,30.26387],[-97.7823,30.26537],[-97.78268,30.26601],[-97.78309,30.26647],[-97.78342,30.26664],[-97.78513,30.26703],[-97.78583,30.26756],[-97.78605,30.26789],[-97.78618,30.26851],[-97.78626,30.27009],[-97.78654,30.27061],[-97.7871,30.27105],[-97.78767,30.27126],[-97.78833,30.2713],[-97.7913,30.2706],[-97.793,30.27077],[-97.79474,30.27156],[-97.79662,30.2717],[-97.80049,30.27443],[-97.80105,30.27374],[-97.80149,30.27273],[-97.8035,30.26968],[-97.80467,30.26889],[-97.80495,30.26855],[-97.81103,30.259],[-97.81005,30.25867],[-97.81036,30.25745],[-97.81023,30.25683],[-97.80999,30.25688],[-97.80969,30.25631],[-97.80928,30.25652],[-97.80849,30.25591],[-97.80909,30.25522],[-97.80835,30.25473],[-97.8082,30.25422],[-97.80898,30.25368],[-97.80438,30.24783],[-97.80324,30.24622],[-97.80005,30.2398],[-97.7984,30.23576],[-97.79794,30.23496],[-97.79709,30.234],[-97.796,30.23324],[-97.78891,30.22981],[-97.7886,30.22983],[-97.78835,30.23016],[-97.78841,30.2305],[-97.79078,30.23165],[-97.79128,30.23158],[-97.79134,30.23126],[-97.79004,30.23062],[-97.78976,30.23094],[-97.78989,30.23112],[-97.79128,30.23158],[-97.79059,30.2314]]]},"properties":{"id":"30","short":"30","name":"30-Barton Creek/Bull Creek","color":"#004A97","type":3}},{"type":"Feature","geometry":{"type":"MultiLineString","coordinates":[[[-97.79084,30.2311],[-97.78895,30.2303],[-97.78888,30.23072],[-97.79151,30.23199],[-97.79077,30.23285],[-97.7907,30.2328],[-97.79006,30.23373],[-97.79019,30.23545],[-97.78997,30.23585],[-97.78988,30.23581],[-97.78997,30.23585],[-97.7886,30.23814],[-97.78926,30.23861],[-97.78904,30.23884],[-97.78617,30.24084],[-97.78607,30.24074],[-97.78617,30.24084],[-97.78165,30.24408],[-97.78158,30.24401],[-97.78165,30.24408],[-97.78145,30.24423],[-97.77814,30.24655],[-97.77658,30.2471],[-97.7743,30.24741],[-97.77428,30.24728],[-97.7743,30.24741],[-97.77285,30.24763],[-97.7701,30.24828],[-97.76983,30.248],[-97.76931,30.24669],[-97.7694,30.24667],[-97.76931,30.24669],[-97.76902,30.24603],[-97.76825,30.24531],[-97.76459,30.24411],[-97.76353,30.24345],[-97.76356,30.24337],[-97.76353,30.24345],[-97.75983,30.24224],[-97.75919,30.24192],[-97.75917,30.2418],[-97.75911,30.24189],[-97.75892,30.2418],[-97.75629,30.2405],[-97.7531,30.23853],[-97.75322,30.23836],[-97.75341,30.23846],[-97.75335,30.23855],[-97.75099,30.23728],[-97.74998,30.23693],[-97.74903,30.23675],[-97.74904,30.23666],[-97.74903,30.23675],[-97.7481,30.23664],[-97.74689,30.23629],[-97.74592,30.23586],[-97.74569,30.23565],[-97.74297,30.23427],[-97.74302,30.2342],[-97.74018,30.23354],[-97.73942,30.2333],[-97.73946,30.23322],[-97.73937,30.23328],[-97.73706,30.23235],[-97.7371,30.23228],[-97.73706,30.23235],[-97.73679,30.23224],[-97.7351,30.23109],[-97.73371,30.23093],[-97.73306,30.23074],[-97.73237,30.23028],[-97.73232,30.23036],[-97.73043,30.22943],[-97.72898,30.22809],[-97.72771,30.22743],[-97.72415,30.23306],[-97.72231,30.23443],[-97.72144,30.23582],[-97.72135,30.23578],[-97.72144,30.23582],[-97.71889,30.23984],[-97.71879,30.23981],[-97.71888,30.23985],[-97.71732,30.24234],[-97.71721,30.24229],[-97.71732,30.24234],[-97.71722,30.2425],[-97.71504,30.24589],[-97.71495,30.24584],[-97.71526,30.24553],[-97.7141,30.24741],[-97.71362,30.24917],[-97.71325,30.25204],[-97.71087,30.25713],[-97.71061,30.25742],[-97.71071,30.25746],[-97.70956,30.25994],[-97.70947,30.25991],[-97.70956,30.25994],[-97.70823,30.26353],[-97.70824,30.26455],[-97.70876,30.2653],[-97.70903,30.26541],[-97.70753,30.26787],[-97.69679,30.26403],[-97.69654,30.26401],[-97.69607,30.26459],[-97.6899,30.2743],[-97.68939,30.27558],[-97.68874,30.27618],[-97.68814,30.27713],[-97.68807,30.27709],[-97.68814,30.27713],[-97.68662,30.27965],[-97.68642,30.27996],[-97.68635,30.27992],[-97.68642,30.27996],[-97.68489,30.28241],[-97.68482,30.28237],[-97.68509,30.28213],[-97.68483,30.28254],[-97.68246,30.28613],[-97.68219,30.28637],[-97.6823,30.28642],[-97.68044,30.2893],[-97.68034,30.28944],[-97.68025,30.2894],[-97.68034,30.28944],[-97.67849,30.29228],[-97.67782,30.29362],[-97.67838,30.2939],[-97.6783,30.29398],[-97.67838,30.2939],[-97.68059,30.29493],[-97.68218,30.2957],[-97.68212,30.29579],[-97.68218,30.2957],[-97.68352,30.29635],[-97.68727,30.29834],[-97.68862,30.29894],[-97.68908,30.29931],[-97.69012,30.30077],[-97.69062,30.30113],[-97.69128,30.30135],[-97.69237,30.30149],[-97.69504,30.30155],[-97.69703,30.30223],[-97.69785,30.30269],[-97.69858,30.30353],[-97.69941,30.30422],[-97.70126,30.30496],[-97.70435,30.30647],[-97.70429,30.30656],[-97.70435,30.30647],[-97.70782,30.30815],[-97.70777,30.30823],[-97.70782,30.30815],[-97.70922,30.30881],[-97.70945,30.30914],[-97.70944,30.30938],[-97.70864,30.31019],[-97.70192,30.31544],[-97.70186,30.31538],[-97.70192,30.31544],[-97.69975,30.31719],[-97.69968,30.31713],[-97.69975,30.31719],[-97.69756,30.31916],[-97.69749,30.31911],[-97.69756,30.31916],[-97.696,30.32057],[-97.69505,30.32159],[-97.69413,30.32283],[-97.69224,30.32604],[-97.69302,30.32656],[-97.69392,30.32794],[-97.6957,30.32882],[-97.69563,30.32892],[-97.6952,30.32858],[-97.69854,30.33032],[-97.70125,30.33159],[-97.70459,30.33294],[-97.7143,30.33781],[-97.71935,30.34011],[-97.71978,30.33934],[-97.71955,30.33872]],[[-97.71955,30.33872],[-97.71908,30.33855],[-97.7184,30.33966],[-97.71191,30.33661],[-97.7052,30.33325],[-97.70146,30.3316],[-97.69426,30.32812],[-97.69377,30.32777],[-97.69297,30.32647],[-97.69238,30.32608],[-97.69477,30.3222],[-97.69647,30.32015],[-97.70019,30.31679],[-97.7083,30.31053],[-97.70974,30.30908],[-97.69974,30.30435],[-97.69895,30.30385],[-97.69799,30.30277],[-97.69721,30.30228],[-97.69512,30.30155],[-97.69166,30.30138],[-97.69065,30.30112],[-97.6902,30.30082],[-97.68926,30.29949],[-97.68853,30.29886],[-97.67785,30.29362],[-97.67871,30.29193],[-97.68483,30.28254],[-97.6886,30.27642],[-97.68946,30.27551],[-97.69016,30.274],[-97.69657,30.26401],[-97.70755,30.26785],[-97.70903,30.26542],[-97.70858,30.26507],[-97.70833,30.26469],[-97.7082,30.26392],[-97.70947,30.2601],[-97.71322,30.25202],[-97.71381,30.24823],[-97.7141,30.24743],[-97.72198,30.23496],[-97.72255,30.23437],[-97.72412,30.23327],[-97.72783,30.22752],[-97.72905,30.22817],[-97.73035,30.22939],[-97.73302,30.23072],[-97.73369,30.23094],[-97.73522,30.23115],[-97.73676,30.23222],[-97.73839,30.23291],[-97.73998,30.23348],[-97.74264,30.23409],[-97.74674,30.23623],[-97.74775,30.23654],[-97.7497,30.23687],[-97.75081,30.23718],[-97.75693,30.24085],[-97.75983,30.24225],[-97.76364,30.24347],[-97.76455,30.24409],[-97.76832,30.24533],[-97.76903,30.24603],[-97.77,30.24842],[-97.77294,30.2476],[-97.77677,30.24704],[-97.77817,30.24653],[-97.78931,30.23866],[-97.78857,30.23812],[-97.79019,30.2354],[-97.79007,30.23363],[-97.7912,30.23237],[-97.79193,30.23127],[-97.78891,30.22981],[-97.78865,30.2298],[-97.78838,30.23009],[-97.78841,30.2305],[-97.78998,30.23127],[-97.79091,30.23152],[-97.79105,30.23135]]]},"properties":{"id":"300","short":"300","name":"300-Springdale/Oltorf","color":"#004A97","type":3}},{"type":"Feature","geometry":{"type":"MultiLineString","coordinates":[[[-97.76693,30.22292],[-97.76703,30.22296],[-97.76729,30.22255],[-97.76645,30.22372],[-97.76597,30.22333],[-97.76666,30.22226],[-97.76488,30.22142],[-97.76444,30.22208],[-97.76406,30.22221],[-97.76365,30.22216],[-97.76221,30.22132],[-97.7571,30.21903],[-97.75589,30.21829],[-97.75364,30.2163],[-97.75295,30.21585],[-97.75153,30.21554],[-97.75071,30.21549],[-97.74608,30.21578],[-97.74403,30.21574],[-97.74377,30.21876],[-97.74387,30.21943],[-97.74379,30.21945],[-97.74395,30.21962],[-97.74297,30.22001],[-97.74233,30.22076],[-97.74214,30.22178],[-97.7421,30.22292],[-97.74224,30.22454],[-97.74216,30.22452],[-97.74211,30.22477],[-97.73965,30.22871],[-97.73835,30.23004],[-97.73692,30.2323],[-97.73519,30.23113],[-97.73349,30.23089],[-97.73332,30.23075],[-97.73327,30.23082],[-97.73237,30.23028],[-97.73232,30.23036],[-97.73047,30.22946],[-97.7298,30.22895],[-97.72912,30.22821],[-97.72803,30.22758],[-97.72807,30.2275],[-97.72803,30.22758],[-97.72566,30.22646],[-97.72437,30.2256],[-97.72368,30.22607],[-97.72353,30.22613],[-97.72349,30.22604],[-97.72353,30.22613],[-97.72248,30.22658],[-97.72195,30.22709],[-97.72185,30.22702],[-97.72195,30.22709],[-97.72149,30.22793],[-97.7214,30.22976],[-97.72105,30.2309],[-97.72041,30.2323],[-97.71988,30.23209],[-97.71769,30.23166],[-97.71412,30.23018],[-97.70793,30.22695],[-97.70637,30.2295],[-97.70616,30.23039],[-97.7062,30.2315],[-97.70595,30.23235],[-97.70327,30.23653],[-97.70279,30.23696],[-97.70148,30.2376],[-97.70298,30.23698],[-97.70372,30.23618]],[[-97.70372,30.23618],[-97.70374,30.23599],[-97.70608,30.23235],[-97.70636,30.23158],[-97.70637,30.23005],[-97.70651,30.22953],[-97.70794,30.2271],[-97.71437,30.23044],[-97.71799,30.23188],[-97.72034,30.23244],[-97.7214,30.22976],[-97.72152,30.22783],[-97.72182,30.22715],[-97.7224,30.22659],[-97.72367,30.22609],[-97.72436,30.22557],[-97.72546,30.22634],[-97.72877,30.22798],[-97.73003,30.22916],[-97.73072,30.2296],[-97.73341,30.23087],[-97.73522,30.23115],[-97.73693,30.2323],[-97.7384,30.22998],[-97.73963,30.2287],[-97.74225,30.22455],[-97.74213,30.22218],[-97.74229,30.22083],[-97.7429,30.22013],[-97.74394,30.21962],[-97.74378,30.21879],[-97.744,30.21661],[-97.74663,30.2168],[-97.75037,30.21686],[-97.75152,30.21697],[-97.75246,30.21722],[-97.75544,30.21897],[-97.76227,30.22254],[-97.76363,30.22342],[-97.76481,30.22152],[-97.76732,30.22256]]]},"properties":{"id":"310","short":"310","name":"310-Parker/Wickersham","color":"#004A97","type":3}},{"type":"Feature","geometry":{"type":"MultiLineString","coordinates":[[[-97.79113,30.23115],[-97.79112,30.23123],[-97.78955,30.23061],[-97.78937,30.23097],[-97.79147,30.23199],[-97.79279,30.2299],[-97.79358,30.2303],[-97.79418,30.23044],[-97.79462,30.23041],[-97.79667,30.22968],[-97.79705,30.22976],[-97.79759,30.23011],[-97.79797,30.23016],[-97.79825,30.23008],[-97.79921,30.22924],[-97.79958,30.22911],[-97.80129,30.22906],[-97.80234,30.22744],[-97.80366,30.22613],[-97.80666,30.22135],[-97.80693,30.22064],[-97.80687,30.21963],[-97.80716,30.219],[-97.80709,30.21891],[-97.80658,30.21872],[-97.80542,30.21868],[-97.8013,30.21764],[-97.79771,30.21536],[-97.79106,30.21218],[-97.78648,30.2104],[-97.7844,30.20917],[-97.78251,30.20885],[-97.78104,30.20819],[-97.77561,30.20523],[-97.77335,30.20418],[-97.76935,30.20101],[-97.76648,30.20005],[-97.7651,30.19903],[-97.76295,30.1977],[-97.76141,30.19727],[-97.76069,30.19694],[-97.75919,30.19595],[-97.75698,30.19399],[-97.75622,30.19357],[-97.75491,30.19334],[-97.74309,30.194],[-97.74111,30.19394],[-97.74014,30.19373],[-97.7341,30.19085],[-97.7327,30.19064],[-97.73169,30.19092],[-97.72825,30.19286],[-97.7273,30.19353],[-97.72614,30.19477],[-97.72384,30.19865],[-97.72269,30.20004],[-97.72107,30.20157],[-97.71878,30.20296],[-97.71763,30.20394],[-97.71082,30.21449],[-97.70944,30.21563],[-97.70721,30.21909],[-97.70699,30.21966],[-97.70706,30.22031],[-97.70866,30.22452],[-97.70869,30.22518],[-97.70853,30.2259],[-97.70637,30.2295],[-97.70623,30.2301],[-97.70619,30.23168],[-97.70578,30.23262],[-97.70308,30.23671],[-97.70137,30.23763],[-97.70295,30.23697],[-97.70374,30.23599]],[[-97.70372,30.23618],[-97.70609,30.23235],[-97.70634,30.23151],[-97.70632,30.2301],[-97.70647,30.22955],[-97.70852,30.22618],[-97.70873,30.22555],[-97.70879,30.22487],[-97.70865,30.2241],[-97.70717,30.22032],[-97.70715,30.21981],[-97.70736,30.21928],[-97.70958,30.21585],[-97.71096,30.21455],[-97.7177,30.20401],[-97.71889,30.20301],[-97.72077,30.20186],[-97.72084,30.20195],[-97.72077,30.20186],[-97.72222,30.2007],[-97.72384,30.19884],[-97.72604,30.19508],[-97.72718,30.19375],[-97.72876,30.19266],[-97.73187,30.19094],[-97.73251,30.19074],[-97.73341,30.19079],[-97.73403,30.19095],[-97.73868,30.1932],[-97.74077,30.194],[-97.74309,30.1941],[-97.75477,30.19345],[-97.75541,30.19348],[-97.75615,30.19368],[-97.75677,30.19398],[-97.7591,30.19594],[-97.76065,30.197],[-97.76164,30.19744],[-97.76228,30.19753],[-97.76297,30.19783],[-97.76512,30.1992],[-97.7664,30.20039],[-97.7672,30.20068],[-97.76861,30.2009],[-97.76938,30.2012],[-97.77346,30.20443],[-97.7756,30.20535],[-97.77859,30.20713],[-97.78237,30.209],[-97.78417,30.2092],[-97.78684,30.21078],[-97.78747,30.21091],[-97.79067,30.21212],[-97.7974,30.21534],[-97.80127,30.21777],[-97.8031,30.21833],[-97.8055,30.21882],[-97.80666,30.21885],[-97.8071,30.21905],[-97.80681,30.21955],[-97.80683,30.22067],[-97.80663,30.22133],[-97.80393,30.22548],[-97.80385,30.22544],[-97.80393,30.22548],[-97.80345,30.22631],[-97.80242,30.22732],[-97.80125,30.22911],[-97.80079,30.22902],[-97.79954,30.22912],[-97.79891,30.22953],[-97.79881,30.22946],[-97.79891,30.22953],[-97.79848,30.22997],[-97.79795,30.2302],[-97.79761,30.23015],[-97.79706,30.22978],[-97.7964,30.22978],[-97.79637,30.2297],[-97.79639,30.22979],[-97.79585,30.23001],[-97.79418,30.23046],[-97.79383,30.23041],[-97.79281,30.2299],[-97.79179,30.23154],[-97.79113,30.23115]]]},"properties":{"id":"311","short":"311","name":"311-Stassney","color":"#004A97","type":3}},{"type":"Feature","geometry":{"type":"MultiLineString","coordinates":[[[-97.87694,30.23496],[-97.87719,30.23518],[-97.87719,30.23543],[-97.87705,30.23557],[-97.87543,30.23439],[-97.87478,30.2334],[-97.87449,30.23331],[-97.87219,30.23392],[-97.87169,30.23396],[-97.86766,30.23407],[-97.86499,30.23383],[-97.86312,30.23435],[-97.86148,30.23508],[-97.85994,30.23538],[-97.85912,30.2353],[-97.85805,30.23496],[-97.85363,30.23492],[-97.85148,30.23502],[-97.84678,30.23584],[-97.84422,30.23608],[-97.83052,30.23601],[-97.82565,30.23518],[-97.82377,30.2345],[-97.82055,30.23303],[-97.81893,30.23265],[-97.81777,30.23259],[-97.81193,30.23308],[-97.81025,30.23277],[-97.80691,30.2315],[-97.80548,30.23129],[-97.80405,30.23138],[-97.80055,30.23199],[-97.8006,30.23119],[-97.80082,30.23044],[-97.80093,30.23047],[-97.80082,30.23044],[-97.80125,30.22911],[-97.80079,30.22902],[-97.79939,30.22918],[-97.79891,30.22953],[-97.79881,30.22946],[-97.79891,30.22953],[-97.79836,30.23007],[-97.79795,30.2302],[-97.79761,30.23015],[-97.79706,30.22978],[-97.7964,30.22978],[-97.79637,30.2297],[-97.79639,30.22979],[-97.79585,30.23001],[-97.79418,30.23046],[-97.79383,30.23041],[-97.79281,30.2299],[-97.79179,30.23154],[-97.79149,30.23147],[-97.79135,30.2312],[-97.78923,30.23059],[-97.78959,30.23106],[-97.79151,30.23199],[-97.79195,30.23129],[-97.78751,30.22907],[-97.78481,30.22787],[-97.7835,30.22755],[-97.78157,30.2274],[-97.7734,30.22731],[-97.7739,30.22574],[-97.77311,30.22536],[-97.77315,30.22529],[-97.77311,30.22536],[-97.76729,30.22255],[-97.76653,30.22372],[-97.76598,30.22338],[-97.76614,30.22321]],[[-97.76614,30.22321],[-97.76601,30.22328],[-97.76668,30.22226],[-97.76481,30.22152],[-97.76363,30.22342],[-97.76771,30.22613],[-97.77078,30.22761],[-97.77212,30.22802],[-97.77355,30.22816],[-97.77585,30.22801],[-97.77752,30.22804],[-97.7822,30.22829],[-97.78505,30.22897],[-97.7857,30.22922],[-97.79107,30.23179],[-97.79156,30.23151],[-97.79155,30.23135],[-97.78937,30.23029],[-97.78911,30.23051],[-97.78937,30.23097],[-97.79147,30.23199],[-97.79279,30.2299],[-97.79358,30.2303],[-97.79418,30.23044],[-97.79462,30.23041],[-97.79667,30.22968],[-97.79705,30.22976],[-97.79759,30.23011],[-97.79797,30.23016],[-97.79825,30.23008],[-97.79921,30.22924],[-97.79958,30.22911],[-97.80129,30.22906],[-97.80059,30.23129],[-97.80058,30.232],[-97.80079,30.23293],[-97.80363,30.2323],[-97.80487,30.23226],[-97.80648,30.23251],[-97.80944,30.23367],[-97.81114,30.23403],[-97.81238,30.23403],[-97.8178,30.2336],[-97.81881,30.23363],[-97.82026,30.234],[-97.82257,30.23549],[-97.82382,30.23607],[-97.82596,30.23674],[-97.82728,30.23697],[-97.84282,30.23704],[-97.84655,30.2366],[-97.8511,30.23579],[-97.8526,30.23563],[-97.86044,30.23538],[-97.86349,30.23456],[-97.86581,30.23457],[-97.8702,30.23502],[-97.87136,30.23501],[-97.87274,30.23473],[-97.87419,30.23405],[-97.87552,30.2348],[-97.87654,30.23522],[-97.87684,30.23482],[-97.87721,30.23508]]]},"properties":{"id":"315","short":"315","name":"315-Ben White","color":"#004A97","type":3}},{"type":"Feature","geometry":{"type":"MultiLineString","coordinates":[[[-97.79059,30.2314],[-97.79126,30.23157],[-97.79138,30.23133],[-97.7901,30.23065],[-97.7894,30.23051],[-97.78929,30.23071],[-97.78937,30.23097],[-97.79147,30.23199],[-97.79279,30.2299],[-97.79358,30.2303],[-97.79418,30.23044],[-97.79462,30.23041],[-97.79667,30.22968],[-97.79705,30.22976],[-97.79759,30.23011],[-97.79797,30.23016],[-97.79825,30.23008],[-97.79921,30.22924],[-97.79958,30.22911],[-97.80129,30.22906],[-97.80234,30.22744],[-97.80366,30.22613],[-97.80666,30.22135],[-97.80693,30.22064],[-97.8069,30.21943],[-97.80738,30.21875],[-97.80897,30.21764],[-97.81118,30.21679],[-97.81282,30.21646],[-97.81474,30.21453],[-97.81493,30.21405],[-97.81502,30.21296],[-97.81426,30.20967],[-97.81428,30.20912],[-97.81582,30.20667],[-97.81619,30.20566],[-97.8192,30.20102],[-97.82071,30.19994],[-97.82186,30.19943],[-97.82266,30.19928],[-97.82576,30.19907],[-97.8272,30.19874],[-97.82801,30.19821],[-97.82918,30.19633],[-97.83047,30.19534],[-97.83085,30.19488],[-97.83123,30.19426],[-97.8316,30.19305],[-97.83195,30.19249],[-97.83317,30.19146],[-97.83393,30.19039],[-97.83514,30.18912],[-97.83589,30.18765],[-97.83753,30.18504],[-97.83876,30.18371],[-97.83946,30.18265],[-97.84059,30.18022],[-97.84117,30.17928],[-97.83803,30.17776],[-97.83559,30.17674],[-97.83497,30.17659],[-97.83192,30.17635],[-97.83143,30.17622],[-97.82906,30.17524],[-97.82749,30.17411],[-97.82627,30.17366],[-97.80408,30.17397],[-97.80261,30.17393],[-97.80179,30.17376],[-97.80027,30.173],[-97.7947,30.16827],[-97.79305,30.16748],[-97.79128,30.16715],[-97.78275,30.16685],[-97.7815,30.16656],[-97.78048,30.16607],[-97.77955,30.16532],[-97.77908,30.1647],[-97.77438,30.1556],[-97.77345,30.15455],[-97.77224,30.15379],[-97.77108,30.15338],[-97.76484,30.15169],[-97.76265,30.15154],[-97.75865,30.15179]],[[-97.75865,30.15179],[-97.75833,30.15192],[-97.75745,30.15198],[-97.75644,30.15188],[-97.75535,30.15148],[-97.75422,30.15071],[-97.75345,30.15141],[-97.75289,30.15281],[-97.75264,30.15307],[-97.75279,30.1532],[-97.75292,30.15313],[-97.75297,30.15276],[-97.75359,30.1514],[-97.75411,30.15092],[-97.75511,30.15161],[-97.75683,30.15216],[-97.76256,30.15178],[-97.76478,30.15187],[-97.77204,30.15382],[-97.77317,30.15449],[-97.77413,30.15545],[-97.77771,30.16235],[-97.77858,30.16412],[-97.77849,30.16416],[-97.77858,30.16412],[-97.77938,30.16534],[-97.78012,30.16599],[-97.78115,30.16658],[-97.78239,30.16693],[-97.7838,30.16703],[-97.7838,30.16711],[-97.78388,30.16703],[-97.78909,30.16721],[-97.78909,30.16729],[-97.78909,30.16721],[-97.79148,30.1673],[-97.79321,30.16769],[-97.79494,30.16863],[-97.79972,30.17283],[-97.80065,30.17342],[-97.80155,30.17382],[-97.80249,30.17405],[-97.80447,30.17409],[-97.80447,30.17417],[-97.80447,30.17409],[-97.80635,30.17406],[-97.80636,30.17414],[-97.80635,30.17406],[-97.8096,30.17401],[-97.80961,30.1741],[-97.8096,30.17401],[-97.81094,30.17398],[-97.82623,30.17379],[-97.82747,30.17424],[-97.82888,30.17527],[-97.83169,30.17646],[-97.8337,30.17658],[-97.83369,30.17668],[-97.83099,30.17622],[-97.83102,30.17615],[-97.83192,30.17644],[-97.83534,30.17675],[-97.83746,30.1776],[-97.83847,30.17809],[-97.83842,30.17817],[-97.83847,30.17809],[-97.84095,30.17929],[-97.84045,30.18003],[-97.83935,30.18262],[-97.83871,30.18356],[-97.83739,30.18499],[-97.83585,30.18739],[-97.83476,30.18936],[-97.83385,30.19023],[-97.83297,30.19148],[-97.83216,30.19205],[-97.83174,30.19251],[-97.83144,30.19304],[-97.83112,30.19416],[-97.83074,30.19481],[-97.83025,30.19535],[-97.82923,30.19602],[-97.82789,30.19817],[-97.82731,30.19857],[-97.82631,30.19884],[-97.82506,30.19905],[-97.82267,30.19917],[-97.82165,30.19937],[-97.82079,30.19974],[-97.81913,30.20089],[-97.81652,30.20483],[-97.81599,30.20573],[-97.81568,30.20665],[-97.81414,30.20913],[-97.81433,30.2107],[-97.81489,30.21291],[-97.81484,30.21384],[-97.81466,30.21444],[-97.81281,30.21634],[-97.8094,30.21739],[-97.80947,30.21743],[-97.8085,30.21788],[-97.80737,30.21872],[-97.80681,30.21955],[-97.80683,30.22067],[-97.80663,30.22133],[-97.80393,30.22548],[-97.80385,30.22544],[-97.80393,30.22548],[-97.80345,30.22631],[-97.80242,30.22732],[-97.80125,30.22911],[-97.80079,30.22902],[-97.79954,30.22912],[-97.79891,30.22953],[-97.79881,30.22946],[-97.79891,30.22953],[-97.79848,30.22997],[-97.79795,30.2302],[-97.79761,30.23015],[-97.79706,30.22978],[-97.7964,30.22978],[-97.79637,30.2297],[-97.79639,30.22979],[-97.79585,30.23001],[-97.79418,30.23046],[-97.79383,30.23041],[-97.79281,30.2299],[-97.79157,30.23189],[-97.79059,30.2314]]]},"properties":{"id":"318","short":"318","name":"318-Westgate/Slaughter","color":"#004A97","type":3}},{"type":"Feature","geometry":{"type":"MultiLineString","coordinates":[[[-97.7393,30.28953],[-97.73944,30.28968],[-97.73299,30.28911],[-97.73114,30.28919],[-97.73013,30.28898],[-97.72977,30.28882],[-97.72866,30.28795],[-97.7271,30.28722],[-97.72557,30.28677],[-97.7242,30.28611],[-97.72241,30.28493],[-97.72184,30.28438],[-97.72138,30.28415],[-97.72078,30.28404],[-97.7024,30.28695],[-97.7017,30.28725],[-97.70033,30.2882],[-97.69743,30.28965],[-97.69626,30.29007],[-97.69531,30.29019],[-97.69434,30.29013],[-97.69215,30.28953],[-97.69083,30.28969],[-97.69029,30.28997],[-97.68976,30.29046],[-97.68939,30.29118],[-97.68931,30.29443],[-97.68912,30.29502],[-97.68784,30.29647],[-97.6874,30.2976],[-97.68577,30.30029],[-97.6813,30.30455],[-97.67943,30.30737],[-97.67853,30.3078],[-97.67727,30.30794],[-97.67605,30.30805],[-97.67366,30.30795],[-97.67297,30.30802],[-97.66971,30.30878],[-97.66833,30.30932],[-97.66704,30.31024],[-97.66614,30.31134],[-97.66138,30.31867],[-97.65883,30.31739],[-97.65842,30.31691],[-97.65799,30.31587],[-97.65745,30.31533],[-97.6528,30.3131],[-97.65506,30.30954],[-97.6578,30.31091],[-97.6577,30.31128],[-97.65819,30.31268],[-97.65819,30.31319],[-97.65701,30.31511],[-97.65745,30.31533],[-97.65799,30.31587],[-97.65842,30.31691],[-97.65883,30.31739],[-97.66138,30.31867],[-97.66446,30.31393]],[[-97.6647,30.31386],[-97.66446,30.31393],[-97.66668,30.31063],[-97.66721,30.3101],[-97.66882,30.3091],[-97.66971,30.30878],[-97.67297,30.30802],[-97.67366,30.30795],[-97.67605,30.30805],[-97.67727,30.30794],[-97.67853,30.3078],[-97.67943,30.30737],[-97.6813,30.30455],[-97.68577,30.30029],[-97.6874,30.2976],[-97.68784,30.29647],[-97.68887,30.2954],[-97.68923,30.29477],[-97.68934,30.29137],[-97.68954,30.29079],[-97.69029,30.28997],[-97.69108,30.28961],[-97.69239,30.28956],[-97.69374,30.29],[-97.69467,30.29017],[-97.69626,30.29007],[-97.69743,30.28965],[-97.70033,30.2882],[-97.7022,30.287],[-97.72061,30.28406],[-97.72164,30.28436],[-97.7227,30.28531],[-97.72413,30.28625],[-97.72544,30.28687],[-97.72701,30.28732],[-97.7286,30.28806],[-97.73004,30.2891],[-97.73116,30.28933],[-97.73341,30.28921],[-97.7391,30.28966],[-97.7389,30.29181],[-97.7412,30.29196],[-97.74141,30.28979],[-97.73984,30.2897]]]},"properties":{"id":"320","short":"320","name":"320-Manor Road","color":"#004A97","type":3}},{"type":"Feature","geometry":{"type":"MultiLineString","coordinates":[[[-97.73556,30.25334],[-97.73427,30.25632],[-97.72629,30.25351],[-97.71901,30.26934],[-97.72043,30.27626],[-97.72216,30.28379],[-97.72184,30.28438],[-97.72138,30.28415],[-97.72078,30.28404],[-97.7185,30.2844],[-97.71799,30.28499],[-97.71356,30.29173],[-97.71611,30.29298],[-97.71708,30.29366],[-97.72317,30.29651],[-97.72236,30.29968],[-97.72137,30.29921],[-97.72085,30.30002]],[[-97.72058,30.30022],[-97.72073,30.30058],[-97.72171,30.30108],[-97.72248,30.29937],[-97.72317,30.29651],[-97.71708,30.29366],[-97.71611,30.29298],[-97.71356,30.29173],[-97.71799,30.28499],[-97.7185,30.2844],[-97.72061,30.28406],[-97.72125,30.28419],[-97.72178,30.28447],[-97.72216,30.28379],[-97.72043,30.27626],[-97.71901,30.26934],[-97.72629,30.25351],[-97.73031,30.25492],[-97.73139,30.25254],[-97.73247,30.25273],[-97.73409,30.25243],[-97.73468,30.25245],[-97.73489,30.25223],[-97.73549,30.25242],[-97.73569,30.25299],[-97.73555,30.25351]]]},"properties":{"id":"322","short":"322","name":"322-Chicon/Cherrywood","color":"#004A97","type":3}},{"type":"Feature","geometry":{"type":"MultiLineString","coordinates":[[[-97.73804,30.35755],[-97.73879,30.35779],[-97.73847,30.35843],[-97.73853,30.35914],[-97.73826,30.35973],[-97.73555,30.3583],[-97.7309,30.35614],[-97.72906,30.36291],[-97.7283,30.3627],[-97.72608,30.36163],[-97.72426,30.36099],[-97.72375,30.36096],[-97.72186,30.36158],[-97.7208,30.36237],[-97.71674,30.36336],[-97.71477,30.3642],[-97.7149,30.36447],[-97.71656,30.36525],[-97.71601,30.36592],[-97.71418,30.36879],[-97.71564,30.36953],[-97.71699,30.36981],[-97.71563,30.37192],[-97.71395,30.37111],[-97.7131,30.37042],[-97.71067,30.36922],[-97.70687,30.37513],[-97.70656,30.37537],[-97.70504,30.37599],[-97.70422,30.37443],[-97.70359,30.37257],[-97.70165,30.37024],[-97.70001,30.36936],[-97.69977,30.36907],[-97.69976,30.36868],[-97.70048,30.36724],[-97.70171,30.36528],[-97.6955,30.36229],[-97.69345,30.3608],[-97.69477,30.35873],[-97.69491,30.35809],[-97.69736,30.35432],[-97.69817,30.35403],[-97.69855,30.35373],[-97.70205,30.34957],[-97.70482,30.34439],[-97.70544,30.34377],[-97.70635,30.34253],[-97.70708,30.34199],[-97.71026,30.33891],[-97.71287,30.34015],[-97.71693,30.33396],[-97.71609,30.3323],[-97.71572,30.33128],[-97.71563,30.33038],[-97.71583,30.32883],[-97.7136,30.32849]],[[-97.7136,30.32849],[-97.71372,30.32854],[-97.71301,30.32846],[-97.71272,30.3304],[-97.71563,30.33038],[-97.71581,30.3316],[-97.71693,30.33396],[-97.71287,30.34015],[-97.71026,30.33891],[-97.70708,30.34199],[-97.70635,30.34253],[-97.70544,30.34377],[-97.70482,30.34439],[-97.70205,30.34957],[-97.69855,30.35373],[-97.69817,30.35403],[-97.69736,30.35432],[-97.69491,30.35809],[-97.69477,30.35873],[-97.69338,30.36088],[-97.69534,30.36233],[-97.70165,30.36538],[-97.70048,30.36724],[-97.69976,30.36868],[-97.69977,30.36907],[-97.70001,30.36936],[-97.70165,30.37024],[-97.70359,30.37257],[-97.70422,30.37443],[-97.70504,30.37599],[-97.70656,30.37537],[-97.70687,30.37513],[-97.71061,30.36931],[-97.71283,30.37038],[-97.7138,30.37114],[-97.71557,30.37201],[-97.71699,30.36981],[-97.71564,30.36953],[-97.71418,30.36879],[-97.71601,30.36592],[-97.71656,30.36525],[-97.7149,30.36447],[-97.71477,30.3642],[-97.7162,30.36358],[-97.7208,30.36237],[-97.72186,30.36158],[-97.72375,30.36096],[-97.72426,30.36099],[-97.72608,30.36163],[-97.7283,30.3627],[-97.72906,30.36291],[-97.73077,30.35646],[-97.7314,30.35513],[-97.73324,30.35226],[-97.73532,30.35326],[-97.73569,30.35356],[-97.73649,30.35572],[-97.73661,30.35626],[-97.73649,30.35683],[-97.7382,30.35754]]]},"properties":{"id":"324","short":"324","name":"324-Georgian/Ohlen","color":"#004A97","type":3}},{"type":"Feature","geometry":{"type":"MultiLineString","coordinates":[[[-97.69102,30.3404],[-97.69055,30.34055],[-97.6914,30.34005],[-97.69185,30.34036],[-97.69242,30.34103],[-97.69204,30.34148],[-97.68322,30.3373],[-97.68048,30.34147],[-97.67826,30.34401],[-97.67782,30.34469],[-97.67593,30.3508],[-97.68144,30.35413],[-97.68647,30.35746],[-97.69308,30.3607],[-97.69534,30.36233],[-97.70452,30.36674],[-97.70562,30.36713],[-97.70728,30.36794],[-97.70868,30.36837],[-97.71283,30.37038],[-97.71403,30.37127],[-97.71892,30.37361],[-97.71959,30.37435],[-97.71969,30.3751],[-97.71906,30.37516],[-97.71849,30.37537],[-97.71748,30.37624],[-97.71684,30.37741],[-97.71648,30.37944],[-97.71608,30.38037],[-97.71563,30.38101],[-97.71472,30.38181],[-97.71118,30.38708],[-97.70964,30.39017],[-97.70725,30.39384],[-97.70583,30.39574],[-97.70504,30.39724],[-97.70219,30.40172],[-97.70159,30.4023],[-97.69876,30.40401],[-97.69809,30.40474],[-97.69659,30.4094],[-97.69622,30.41003],[-97.69577,30.41046],[-97.69505,30.41084],[-97.69285,30.41116],[-97.69196,30.41149],[-97.69129,30.41208],[-97.68962,30.41449],[-97.68603,30.41605],[-97.68531,30.41649],[-97.68485,30.41696],[-97.68449,30.41757],[-97.68368,30.42043],[-97.68302,30.42168],[-97.68241,30.42241],[-97.67778,30.42549],[-97.67667,30.42669],[-97.67219,30.4245],[-97.67048,30.42397],[-97.66586,30.4217],[-97.66662,30.41999],[-97.66633,30.41893],[-97.66651,30.41785],[-97.66723,30.41801],[-97.66763,30.41835],[-97.66951,30.41863],[-97.66952,30.41848],[-97.66932,30.41846]],[[-97.66907,30.41832],[-97.66932,30.41846],[-97.66761,30.41818],[-97.66651,30.41785],[-97.66633,30.41893],[-97.66662,30.41999],[-97.66576,30.42189],[-97.67008,30.42401],[-97.67187,30.42457],[-97.67659,30.42689],[-97.67788,30.42555],[-97.68218,30.42275],[-97.68293,30.422],[-97.68367,30.42072],[-97.68401,30.41993],[-97.68458,30.41765],[-97.68531,30.41663],[-97.68601,30.41617],[-97.68967,30.41458],[-97.69134,30.41219],[-97.69206,30.41155],[-97.69281,30.41126],[-97.69494,30.41098],[-97.69566,30.41066],[-97.69629,30.41011],[-97.69667,30.40949],[-97.69788,30.40546],[-97.6982,30.40476],[-97.69883,30.40409],[-97.70164,30.40239],[-97.7024,30.40165],[-97.70977,30.39015],[-97.71125,30.38716],[-97.71489,30.38176],[-97.71575,30.38103],[-97.7163,30.38024],[-97.71659,30.37954],[-97.71697,30.37743],[-97.71741,30.37657],[-97.71779,30.37605],[-97.71844,30.37553],[-97.71911,30.37526],[-97.71982,30.37523],[-97.71971,30.37432],[-97.71902,30.37355],[-97.71416,30.37122],[-97.7131,30.37042],[-97.70906,30.36843],[-97.70738,30.36786],[-97.70574,30.36707],[-97.7046,30.36666],[-97.69574,30.36242],[-97.69325,30.36069],[-97.68655,30.35739],[-97.68134,30.35395],[-97.67606,30.35078],[-97.67774,30.34524],[-97.67809,30.34442],[-97.68067,30.34138],[-97.68332,30.33735],[-97.69204,30.34148],[-97.69242,30.34103],[-97.69163,30.34019],[-97.69088,30.34067],[-97.69055,30.34055]]]},"properties":{"id":"325","short":"325","name":"325-Metric/Rundberg","color":"#004A97","type":3}},{"type":"Feature","geometry":{"type":"MultiLineString","coordinates":[[[-97.84182,30.22295],[-97.8417,30.22327],[-97.84079,30.22305],[-97.8391,30.22232],[-97.83819,30.22171],[-97.83704,30.22059],[-97.83343,30.21577],[-97.83263,30.21497],[-97.83167,30.2143],[-97.82455,30.21094],[-97.82227,30.21008],[-97.81778,30.2079],[-97.81551,30.20714],[-97.81173,30.20534],[-97.80923,30.20366],[-97.80806,30.20308],[-97.80737,30.20287],[-97.80574,30.20271],[-97.79897,30.20037],[-97.799,30.20029],[-97.79897,30.20037],[-97.79631,30.19949],[-97.79519,30.19933],[-97.7952,30.19925],[-97.79519,30.19933],[-97.79341,30.19918],[-97.79334,30.19907],[-97.79332,30.19916],[-97.79314,30.19913],[-97.79196,30.1988],[-97.78598,30.19617],[-97.78435,30.19502],[-97.78355,30.1946],[-97.78152,30.19417],[-97.78026,30.19355],[-97.78031,30.19348],[-97.78026,30.19355],[-97.77885,30.19293],[-97.77707,30.19257],[-97.776,30.19215],[-97.77604,30.19208],[-97.776,30.19215],[-97.77492,30.19174],[-97.77352,30.19145],[-97.77145,30.1908],[-97.76842,30.1893],[-97.76846,30.18922],[-97.76854,30.18935],[-97.7679,30.18912],[-97.76837,30.18539],[-97.76896,30.1836],[-97.76863,30.18342],[-97.76616,30.1826],[-97.76426,30.18162],[-97.76431,30.18153],[-97.76426,30.18162],[-97.76223,30.18061],[-97.75887,30.17986],[-97.75815,30.17953],[-97.75821,30.17944],[-97.75806,30.17949],[-97.75573,30.17829],[-97.75578,30.17822],[-97.75573,30.17829],[-97.75498,30.17791],[-97.7546,30.17855],[-97.75314,30.17914],[-97.75308,30.17904],[-97.75314,30.17914],[-97.75124,30.17983],[-97.75052,30.18041],[-97.75026,30.18086],[-97.74799,30.17989],[-97.74708,30.17969],[-97.74604,30.17907],[-97.74455,30.17734],[-97.74331,30.17559],[-97.74351,30.17546],[-97.74331,30.17559],[-97.7419,30.17377],[-97.73939,30.17094],[-97.73851,30.16897],[-97.73968,30.16855],[-97.74014,30.16794],[-97.74595,30.15841],[-97.75019,30.1605],[-97.75051,30.16053],[-97.75084,30.16034],[-97.75288,30.15699],[-97.75299,30.15585],[-97.75248,30.15438],[-97.75246,30.15398],[-97.75359,30.1514],[-97.75411,30.15092],[-97.75511,30.15161],[-97.75683,30.15216],[-97.76256,30.15178],[-97.76478,30.15187],[-97.76484,30.15169],[-97.76265,30.15154],[-97.75833,30.15192],[-97.75821,30.15159]],[[-97.75827,30.15152],[-97.75821,30.15159],[-97.75855,30.15155],[-97.75833,30.15192],[-97.75694,30.15196],[-97.75535,30.15148],[-97.75428,30.15076],[-97.75366,30.15115],[-97.75345,30.15141],[-97.75289,30.15281],[-97.75265,30.15302],[-97.75264,30.15336],[-97.75235,30.15409],[-97.75287,30.15567],[-97.75279,30.15695],[-97.75239,30.15782],[-97.75084,30.16034],[-97.75051,30.16053],[-97.75019,30.1605],[-97.74595,30.15841],[-97.74003,30.16812],[-97.73937,30.16867],[-97.73835,30.16903],[-97.73938,30.17126],[-97.74341,30.17571],[-97.74455,30.17734],[-97.74623,30.17928],[-97.74715,30.17986],[-97.75018,30.181],[-97.75042,30.18058],[-97.7505,30.18062],[-97.75042,30.18058],[-97.75052,30.18041],[-97.75098,30.17999],[-97.7546,30.17855],[-97.75486,30.17816],[-97.75496,30.17819],[-97.75486,30.17816],[-97.75498,30.17791],[-97.75844,30.17972],[-97.76223,30.18061],[-97.76616,30.1826],[-97.76881,30.18355],[-97.76877,30.18366],[-97.76881,30.18355],[-97.76896,30.1836],[-97.76837,30.18539],[-97.76785,30.18923],[-97.76878,30.1896],[-97.77084,30.19073],[-97.77338,30.19156],[-97.77497,30.1919],[-97.77796,30.19297],[-97.77917,30.19323],[-97.78153,30.19431],[-97.78273,30.1945],[-97.78358,30.19477],[-97.78428,30.19515],[-97.78612,30.19649],[-97.78802,30.19738],[-97.79206,30.19897],[-97.79336,30.19933],[-97.79536,30.19947],[-97.79641,30.19965],[-97.79945,30.20074],[-97.80198,30.20149],[-97.80479,30.20255],[-97.80595,30.20286],[-97.80767,30.20308],[-97.80903,30.20379],[-97.8115,30.20542],[-97.81479,30.20707],[-97.81797,30.20819],[-97.82228,30.21033],[-97.8244,30.21108],[-97.82748,30.21257],[-97.82744,30.21264],[-97.82749,30.21258],[-97.83039,30.21388],[-97.83095,30.21295],[-97.83105,30.213],[-97.83095,30.21295],[-97.83196,30.21137],[-97.83262,30.21159],[-97.83391,30.21129],[-97.83472,30.21144],[-97.84253,30.21517],[-97.8459,30.2169],[-97.84191,30.22296],[-97.84182,30.22295]]]},"properties":{"id":"333","short":"333","name":"333-William Cannon","color":"#004A97","type":3}},{"type":"Feature","geometry":{"type":"MultiLineString","coordinates":[[[-97.76454,30.30379],[-97.76438,30.3036],[-97.76428,30.30304],[-97.7641,30.30295],[-97.75884,30.30046],[-97.75769,30.30047],[-97.75826,30.30363],[-97.75763,30.30691],[-97.75741,30.30745],[-97.75699,30.30784],[-97.75575,30.30856],[-97.75526,30.30868],[-97.75203,30.30792],[-97.75074,30.30722],[-97.75035,30.30712],[-97.74853,30.30726],[-97.74765,30.30711],[-97.74654,30.30676],[-97.73951,30.30353],[-97.73744,30.30238],[-97.72472,30.29627],[-97.72434,30.29622],[-97.72317,30.29651],[-97.72266,30.29631],[-97.71686,30.29355],[-97.71611,30.29298],[-97.71482,30.29233],[-97.70829,30.28924],[-97.70748,30.28915],[-97.7058,30.28929],[-97.70502,30.28921],[-97.70132,30.28752],[-97.70033,30.2882],[-97.69847,30.28913],[-97.69899,30.29144],[-97.69984,30.29303],[-97.70006,30.29397],[-97.70027,30.30079],[-97.70014,30.30154],[-97.69979,30.30232],[-97.70368,30.30417],[-97.70278,30.30573],[-97.69974,30.30435],[-97.69895,30.30385],[-97.69969,30.30279]],[[-97.69987,30.30269],[-97.69969,30.30279],[-97.70022,30.30183],[-97.70044,30.30076],[-97.70023,30.29391],[-97.70001,30.293],[-97.69922,30.2915],[-97.69861,30.28906],[-97.70033,30.2882],[-97.70132,30.28752],[-97.70502,30.28921],[-97.7058,30.28929],[-97.70748,30.28915],[-97.70829,30.28924],[-97.71482,30.29233],[-97.71611,30.29298],[-97.71686,30.29355],[-97.72266,30.29631],[-97.72317,30.29651],[-97.72434,30.29622],[-97.72472,30.29627],[-97.73744,30.30238],[-97.73951,30.30353],[-97.74654,30.30676],[-97.74765,30.30711],[-97.74853,30.30726],[-97.75035,30.30712],[-97.75074,30.30722],[-97.75161,30.30776],[-97.75262,30.30809],[-97.75462,30.30857],[-97.75961,30.30942],[-97.76178,30.31],[-97.76268,30.31051],[-97.76301,30.30828],[-97.76347,30.30734],[-97.76482,30.30559],[-97.76485,30.30501],[-97.7646,30.30419]]]},"properties":{"id":"335","short":"335","name":"335 35th/38th","color":"#004A97","type":3}},{"type":"Feature","geometry":{"type":"MultiLineString","coordinates":[[[-97.75509,30.3404],[-97.75428,30.34177],[-97.75394,30.34184],[-97.75382,30.34163],[-97.75385,30.34125],[-97.75556,30.33797],[-97.75598,30.33669],[-97.75262,30.3349],[-97.75183,30.33454],[-97.75101,30.33441],[-97.74972,30.33445],[-97.74903,30.33459],[-97.74574,30.33582],[-97.74308,30.33522],[-97.7431,30.33515],[-97.74308,30.33522],[-97.7431,30.33515],[-97.74308,30.33522],[-97.74091,30.33502],[-97.74003,30.33485],[-97.74007,30.33474],[-97.74003,30.33485],[-97.74007,30.33474],[-97.74003,30.33485],[-97.73983,30.33479],[-97.72818,30.32923],[-97.72756,30.32846],[-97.72739,30.32719],[-97.72697,30.32632],[-97.72603,30.32563],[-97.72519,30.32432],[-97.72402,30.32349],[-97.72274,30.32304],[-97.72074,30.32269],[-97.71962,30.32237],[-97.71516,30.32023],[-97.71411,30.3199],[-97.71244,30.31991],[-97.71252,30.32034],[-97.71288,30.32098],[-97.71473,30.32253],[-97.71532,30.32333],[-97.71583,30.32438],[-97.71609,30.3266],[-97.71584,30.32885],[-97.71382,30.32863],[-97.7136,30.32849],[-97.71358,30.3286],[-97.713,30.32852],[-97.71272,30.33042],[-97.71066,30.3308],[-97.71064,30.33072],[-97.71066,30.3308],[-97.70883,30.33114],[-97.70809,30.33105],[-97.7071,30.33057],[-97.70674,30.33097],[-97.7065,30.33153],[-97.70643,30.33248],[-97.70592,30.33327],[-97.70584,30.33323],[-97.70592,30.33327],[-97.70574,30.33354],[-97.70288,30.33223],[-97.70292,30.33216],[-97.70288,30.33223],[-97.70139,30.33159],[-97.70055,30.33121],[-97.7006,30.33112],[-97.70055,30.33121],[-97.70039,30.33113],[-97.70243,30.32795],[-97.70199,30.32611],[-97.70152,30.32551],[-97.698,30.3239],[-97.69711,30.32388],[-97.69508,30.32438],[-97.6945,30.32429],[-97.69371,30.32392],[-97.6946,30.32243],[-97.69655,30.32008],[-97.69723,30.31947],[-97.69731,30.31954],[-97.69723,30.31947],[-97.69966,30.31726],[-97.69845,30.3169],[-97.69228,30.3139],[-97.69015,30.31322],[-97.6886,30.31249],[-97.68865,30.31242],[-97.6886,30.31249],[-97.68809,30.31232],[-97.68692,30.31232],[-97.6855,30.31195],[-97.685,30.31209],[-97.68325,30.31325],[-97.68185,30.31369],[-97.6815,30.31395],[-97.68094,30.31476],[-97.68144,30.31536],[-97.68159,30.31588],[-97.68155,30.3163],[-97.68011,30.31871],[-97.67969,30.31847],[-97.67974,30.3184],[-97.67969,30.31847],[-97.67908,30.31829],[-97.67755,30.31853],[-97.67666,30.31838],[-97.67458,30.31569],[-97.6747,30.3156],[-97.67458,30.31569],[-97.67325,30.31426],[-97.67335,30.31419],[-97.67325,30.31426],[-97.67221,30.31325],[-97.67032,30.31213],[-97.67038,30.31205],[-97.67032,30.31213],[-97.66864,30.31134],[-97.66764,30.3105],[-97.66606,30.30869],[-97.66544,30.30653],[-97.66494,30.30525],[-97.66411,30.3047],[-97.66284,30.30413],[-97.66218,30.30317],[-97.66175,30.30283],[-97.66109,30.30265],[-97.65968,30.30256],[-97.65569,30.30315],[-97.65493,30.30313],[-97.65433,30.30298],[-97.64779,30.29996],[-97.64785,30.29987],[-97.64779,30.29996],[-97.64513,30.29872],[-97.64518,30.29865],[-97.64513,30.29872],[-97.64372,30.29816],[-97.64272,30.29793],[-97.64275,30.29784],[-97.64272,30.29793],[-97.64172,30.29771],[-97.64048,30.29729],[-97.63161,30.29296],[-97.63141,30.29329],[-97.63132,30.29325],[-97.63141,30.29329],[-97.63075,30.29425],[-97.63011,30.29494],[-97.62889,30.29561],[-97.62787,30.29591],[-97.62757,30.2953],[-97.62717,30.29486],[-97.62403,30.29316],[-97.62384,30.29375],[-97.6248,30.29441],[-97.62501,30.29418]],[[-97.62486,30.29397],[-97.62384,30.29375],[-97.62403,30.29316],[-97.62714,30.29484],[-97.62762,30.2953],[-97.62791,30.29592],[-97.62942,30.29539],[-97.63031,30.29479],[-97.63155,30.29305],[-97.64059,30.29747],[-97.64461,30.2986],[-97.65433,30.3031],[-97.65501,30.30326],[-97.65574,30.30326],[-97.66007,30.30259],[-97.66109,30.30265],[-97.66175,30.30283],[-97.66218,30.30317],[-97.66284,30.30413],[-97.66494,30.30525],[-97.66606,30.30869],[-97.66756,30.31042],[-97.66745,30.31049],[-97.66756,30.31042],[-97.66864,30.31134],[-97.67025,30.3121],[-97.67221,30.31325],[-97.67512,30.31628],[-97.67666,30.31838],[-97.67755,30.31853],[-97.67908,30.31829],[-97.68011,30.31871],[-97.68077,30.31781],[-97.68152,30.31643],[-97.68159,30.31588],[-97.68136,30.31509],[-97.68094,30.31476],[-97.68155,30.31387],[-97.68325,30.31325],[-97.685,30.31209],[-97.6855,30.31195],[-97.68673,30.31229],[-97.68841,30.3124],[-97.68876,30.31256],[-97.68871,30.31263],[-97.68876,30.31256],[-97.69015,30.31322],[-97.69178,30.31374],[-97.69446,30.31502],[-97.69442,30.31508],[-97.69446,30.31502],[-97.69845,30.3169],[-97.69966,30.31726],[-97.69756,30.31916],[-97.69749,30.31911],[-97.69756,30.31916],[-97.69518,30.32144],[-97.69413,30.32283],[-97.69351,30.32395],[-97.69433,30.32434],[-97.69498,30.32447],[-97.69723,30.32396],[-97.69782,30.32398],[-97.7016,30.32575],[-97.70192,30.32626],[-97.7023,30.32804],[-97.70039,30.33113],[-97.70125,30.33159],[-97.70459,30.33293],[-97.70574,30.33354],[-97.70608,30.33317],[-97.70643,30.33248],[-97.7065,30.33153],[-97.7071,30.33057],[-97.70846,30.33114],[-97.71068,30.33085],[-97.71272,30.33042],[-97.71297,30.32876],[-97.71306,30.32877],[-97.71297,30.32876],[-97.713,30.32852],[-97.71584,30.32885],[-97.71592,30.32832],[-97.71608,30.32834],[-97.71588,30.32858],[-97.71609,30.3271],[-97.71585,30.32445],[-97.71504,30.32293],[-97.7139,30.32176],[-97.71395,30.32165],[-97.71349,30.32135],[-97.71344,30.32115],[-97.71364,30.32077],[-97.71475,30.32052],[-97.71542,30.32054],[-97.71955,30.32245],[-97.72068,30.32279],[-97.72268,30.32311],[-97.72416,30.32373],[-97.72517,30.32447],[-97.72593,30.32569],[-97.72694,30.32653],[-97.72722,30.32705],[-97.72745,30.32835],[-97.72818,30.32923],[-97.7315,30.33083],[-97.73145,30.33091],[-97.7315,30.33083],[-97.73442,30.3323],[-97.7397,30.33473],[-97.73964,30.33482],[-97.74294,30.33519],[-97.74574,30.33582],[-97.74689,30.33544],[-97.74692,30.33552],[-97.74689,30.33544],[-97.74912,30.33467],[-97.74988,30.33453],[-97.75117,30.33454],[-97.75253,30.33501],[-97.75703,30.33743],[-97.75683,30.33774],[-97.75675,30.3377],[-97.75683,30.33774],[-97.75665,30.33804],[-97.75509,30.3404]]]},"properties":{"id":"337","short":"337","name":"337-Koenig/Colony Park","color":"#004A97","type":3}},{"type":"Feature","geometry":{"type":"MultiLineString","coordinates":[[[-97.73346,30.35718],[-97.73375,30.35747],[-97.71729,30.34968],[-97.71662,30.35027],[-97.71514,30.35257],[-97.71483,30.35287],[-97.71339,30.34819],[-97.71276,30.34837],[-97.71264,30.34861],[-97.71308,30.35017],[-97.71258,30.35037],[-97.71174,30.35023],[-97.71162,30.35015],[-97.71169,30.35007],[-97.71137,30.34999],[-97.71113,30.34966],[-97.71251,30.34838],[-97.71312,30.34754],[-97.71208,30.34676],[-97.70979,30.34598],[-97.70544,30.34377],[-97.70394,30.34257],[-97.70201,30.34017],[-97.70142,30.33972],[-97.69962,30.33872],[-97.69863,30.34077],[-97.69769,30.34233],[-97.69372,30.34041],[-97.69323,30.34076],[-97.69242,30.34103],[-97.69163,30.34019],[-97.69088,30.34067],[-97.69055,30.34055],[-97.6914,30.34005],[-97.69163,30.34019],[-97.69242,30.34103],[-97.69204,30.34148],[-97.68198,30.33671],[-97.68114,30.33611],[-97.68052,30.33518],[-97.67659,30.33644],[-97.67592,30.33682],[-97.67504,30.33622],[-97.67348,30.33599],[-97.67356,30.33538],[-97.67344,30.33483],[-97.6731,30.33451],[-97.67257,30.33425],[-97.6737,30.33235],[-97.67377,30.33185],[-97.6736,30.33141],[-97.67274,30.33081],[-97.66953,30.32933],[-97.66901,30.32927],[-97.66844,30.32937],[-97.66671,30.33029],[-97.66636,30.33059],[-97.66214,30.3373],[-97.66198,30.33784],[-97.66118,30.3378],[-97.65755,30.3361],[-97.65722,30.33573],[-97.65713,30.3354],[-97.65721,30.33502],[-97.6578,30.33411],[-97.65855,30.33345],[-97.65966,30.33154],[-97.65938,30.32774],[-97.65949,30.32573],[-97.65932,30.32511],[-97.6586,30.32385],[-97.65863,30.32302],[-97.6643,30.31416]],[[-97.6647,30.31386],[-97.66446,30.31393],[-97.66498,30.31314],[-97.66545,30.31333],[-97.66573,30.31367],[-97.66624,30.31486],[-97.66661,30.31532],[-97.66591,30.3158],[-97.66517,30.31726],[-97.66458,30.31784],[-97.66417,30.31709],[-97.66357,30.31527],[-97.65889,30.32252],[-97.65863,30.32302],[-97.6586,30.32385],[-97.65803,30.32403],[-97.65777,30.32426],[-97.65476,30.32903],[-97.65946,30.32868],[-97.65961,30.33175],[-97.65855,30.33345],[-97.6578,30.33411],[-97.65721,30.33502],[-97.65713,30.3354],[-97.65722,30.33573],[-97.65755,30.3361],[-97.66118,30.3378],[-97.66198,30.33784],[-97.66214,30.3373],[-97.66636,30.33059],[-97.66671,30.33029],[-97.66844,30.32937],[-97.66901,30.32927],[-97.66953,30.32933],[-97.67274,30.33081],[-97.6736,30.33141],[-97.67377,30.33185],[-97.6737,30.33235],[-97.67257,30.33425],[-97.6731,30.33451],[-97.67344,30.33483],[-97.67356,30.33538],[-97.67348,30.33599],[-97.6751,30.33624],[-97.67601,30.33693],[-97.67679,30.33644],[-97.68052,30.33518],[-97.68114,30.33611],[-97.68198,30.33671],[-97.69204,30.34148],[-97.69242,30.34103],[-97.69163,30.34019],[-97.69088,30.34067],[-97.69055,30.34055],[-97.6914,30.34005],[-97.69177,30.34028],[-97.69242,30.34103],[-97.69333,30.34071],[-97.69372,30.34041],[-97.69317,30.33961],[-97.69354,30.33944],[-97.69395,30.33884],[-97.69369,30.33817],[-97.69475,30.3378],[-97.6953,30.33707],[-97.69946,30.33898],[-97.70082,30.33984],[-97.70137,30.34031],[-97.70231,30.34162],[-97.70354,30.34287],[-97.70506,30.34408],[-97.7072,30.34551],[-97.70835,30.34613],[-97.71083,30.347],[-97.71195,30.34774],[-97.71264,30.34861],[-97.71308,30.35017],[-97.71275,30.3503],[-97.71137,30.34999],[-97.71113,30.34966],[-97.71251,30.34838],[-97.71335,30.34715],[-97.71389,30.34791],[-97.7143,30.34827],[-97.7309,30.35614],[-97.7314,30.35513],[-97.73324,30.35226],[-97.73532,30.35326],[-97.73569,30.35356],[-97.73635,30.35527],[-97.73661,30.35626],[-97.73649,30.35683],[-97.73555,30.3583],[-97.73396,30.35757],[-97.73346,30.35718]]]},"properties":{"id":"339","short":"339","name":"339-Tuscany","color":"#004A97","type":3}},{"type":"Feature","geometry":{"type":"MultiLineString","coordinates":[[[-97.74103,30.31602],[-97.74113,30.3161],[-97.73887,30.31977],[-97.73489,30.31787],[-97.73759,30.31348],[-97.73299,30.31085],[-97.72805,30.30846],[-97.72502,30.30703],[-97.72411,30.30692],[-97.71649,30.30331],[-97.71677,30.29999],[-97.71817,30.29767],[-97.72006,30.2986]],[[-97.72054,30.29891],[-97.72137,30.29921],[-97.72059,30.30042],[-97.72089,30.30069],[-97.72171,30.30108],[-97.72098,30.30267],[-97.71961,30.30481],[-97.72427,30.30699],[-97.72514,30.30708],[-97.73299,30.31085],[-97.73759,30.31348],[-97.74119,30.31518],[-97.74141,30.31554],[-97.74122,30.31597]]]},"properties":{"id":"345","short":"345","name":"345-45th","color":"#004A97","type":3}},{"type":"Feature","geometry":{"type":"MultiLineString","coordinates":[[[-97.70372,30.23618],[-97.70374,30.23599],[-97.70608,30.23235],[-97.70636,30.23158],[-97.70637,30.23005],[-97.70651,30.22953],[-97.70801,30.22699],[-97.7035,30.22491],[-97.69309,30.24117],[-97.69169,30.24235],[-97.68972,30.24292],[-97.69075,30.24858],[-97.69143,30.24998],[-97.69284,30.25096],[-97.69356,30.25109],[-97.69528,30.25109],[-97.69651,30.25127],[-97.69829,30.25215],[-97.6976,30.25332],[-97.69619,30.25247],[-97.69556,30.25257],[-97.69424,30.25204],[-97.69375,30.25203],[-97.69315,30.25241],[-97.69295,30.25314],[-97.69257,30.2537],[-97.69337,30.25847],[-97.6981,30.27411],[-97.6985,30.27477],[-97.70034,30.27687],[-97.70638,30.28628],[-97.70698,30.28805],[-97.70803,30.29588],[-97.70829,30.29677],[-97.70884,30.29783],[-97.70975,30.29879],[-97.71069,30.29945],[-97.71476,30.30145],[-97.71553,30.30226],[-97.71599,30.3034],[-97.71518,30.31347],[-97.71487,30.3145],[-97.71253,30.3193],[-97.71245,30.31988],[-97.71257,30.32046],[-97.71289,30.32098],[-97.71481,30.32262],[-97.71529,30.32326],[-97.71575,30.32422],[-97.71594,30.32489],[-97.71609,30.32671],[-97.71563,30.33038],[-97.71572,30.33128],[-97.71613,30.33239],[-97.71841,30.33691],[-97.71862,30.33769],[-97.71827,30.33874],[-97.71496,30.34397],[-97.71372,30.34527],[-97.71195,30.34774],[-97.71256,30.34844],[-97.71282,30.34909],[-97.71308,30.35017],[-97.71275,30.3503],[-97.71261,30.35025]],[[-97.7121,30.35017],[-97.71162,30.35007],[-97.71129,30.34984],[-97.71126,30.34961],[-97.71253,30.34834],[-97.71312,30.34756],[-97.715,30.34405],[-97.7153,30.34374],[-97.71526,30.34355],[-97.71672,30.34122],[-97.71682,30.34127],[-97.71672,30.34122],[-97.71832,30.33877],[-97.71885,30.33774],[-97.7181,30.33626],[-97.71825,30.3362],[-97.7181,30.33626],[-97.71774,30.33559],[-97.71655,30.3332],[-97.71667,30.33315],[-97.71655,30.3332],[-97.71605,30.33222],[-97.71573,30.3313],[-97.71572,30.32975],[-97.71592,30.32832],[-97.71608,30.32834],[-97.71588,30.32858],[-97.71609,30.3266],[-97.71583,30.32438],[-97.71548,30.3236],[-97.71481,30.32261],[-97.7139,30.32176],[-97.71395,30.32165],[-97.71302,30.32089],[-97.71274,30.32043],[-97.71263,30.31989],[-97.71269,30.31906],[-97.71327,30.31784],[-97.71336,30.31787],[-97.71327,30.31784],[-97.71505,30.31406],[-97.71513,30.31408],[-97.71505,30.31406],[-97.71529,30.3131],[-97.71541,30.31159],[-97.7155,30.31159],[-97.71541,30.31159],[-97.71592,30.3051],[-97.71603,30.3051],[-97.71592,30.3051],[-97.716,30.30326],[-97.7155,30.30215],[-97.71475,30.30138],[-97.71052,30.29913],[-97.70943,30.29822],[-97.70883,30.29737],[-97.70839,30.29647],[-97.70818,30.29559],[-97.70726,30.28814],[-97.70717,30.28815],[-97.7068,30.28691],[-97.70608,30.28556],[-97.70593,30.28559],[-97.7041,30.28275],[-97.70422,30.28269],[-97.70409,30.28273],[-97.70178,30.27911],[-97.70193,30.27897],[-97.70172,30.27901],[-97.70016,30.27659],[-97.69861,30.2749],[-97.69804,30.27394],[-97.69774,30.27298],[-97.69802,30.27292],[-97.69789,30.27249],[-97.69761,30.27255],[-97.69635,30.26835],[-97.69643,30.26833],[-97.69635,30.26835],[-97.69532,30.26494],[-97.69545,30.26491],[-97.69537,30.26515],[-97.6937,30.25957],[-97.69377,30.25936],[-97.69365,30.25939],[-97.69336,30.25841],[-97.69267,30.25447],[-97.6928,30.25446],[-97.69267,30.25447],[-97.69257,30.25384],[-97.69293,30.25319],[-97.69314,30.25238],[-97.69351,30.2521],[-97.69385,30.25201],[-97.69441,30.25208],[-97.69549,30.25256],[-97.69616,30.25247],[-97.6976,30.25332],[-97.69838,30.25192],[-97.69846,30.25194],[-97.69838,30.25192],[-97.6986,30.25137],[-97.69659,30.25108],[-97.69635,30.25099],[-97.69603,30.25054],[-97.69421,30.25013],[-97.69306,30.24942],[-97.69239,30.24859],[-97.692,30.24753],[-97.69158,30.24718],[-97.6911,30.24407],[-97.69129,30.24317],[-97.69285,30.24154],[-97.69474,30.23873],[-97.69552,30.23724],[-97.69676,30.23541],[-97.69683,30.23545],[-97.69676,30.23541],[-97.69877,30.23243],[-97.70062,30.22937],[-97.7007,30.22941],[-97.70062,30.22937],[-97.70193,30.22731],[-97.70201,30.22735],[-97.70193,30.22731],[-97.7029,30.22578],[-97.70299,30.22582],[-97.7029,30.22578],[-97.7034,30.22497],[-97.70786,30.22706],[-97.70637,30.2295],[-97.70616,30.23039],[-97.7062,30.2315],[-97.70595,30.23235],[-97.70418,30.23501],[-97.70365,30.23595],[-97.70372,30.23618]]]},"properties":{"id":"350","short":"350","name":"350-Airport Blvd","color":"#004A97","type":3}},{"type":"Feature","geometry":{"type":"MultiLineString","coordinates":[[[-97.71196,30.35001],[-97.71137,30.34999],[-97.71113,30.34966],[-97.71251,30.34838],[-97.71282,30.34909],[-97.71334,30.35121],[-97.71461,30.35424],[-97.71634,30.35979],[-97.71768,30.36457],[-97.71838,30.36833],[-97.71878,30.3692],[-97.71961,30.37022],[-97.7204,30.37085],[-97.72451,30.37264],[-97.72617,30.37349],[-97.72596,30.37518],[-97.72364,30.38555],[-97.72181,30.39123],[-97.72482,30.39202],[-97.73336,30.39619],[-97.73393,30.39454],[-97.73498,30.39001],[-97.73529,30.39016],[-97.73728,30.39055],[-97.73937,30.39078],[-97.7396,30.39347],[-97.74239,30.39323],[-97.74324,30.3934],[-97.74476,30.394],[-97.74538,30.39413],[-97.74974,30.39428],[-97.75005,30.39626],[-97.74998,30.39775],[-97.74976,30.39865],[-97.74889,30.40071],[-97.74717,30.40063],[-97.74545,30.40038],[-97.74473,30.40778],[-97.74475,30.40937],[-97.74494,30.41102],[-97.74678,30.42086],[-97.74734,30.42254],[-97.74816,30.42368],[-97.74968,30.42488],[-97.75908,30.42951],[-97.75948,30.42886],[-97.75679,30.42753],[-97.75697,30.4272],[-97.75746,30.42728],[-97.75755,30.42717],[-97.75734,30.42685],[-97.75707,30.42714],[-97.75654,30.4274],[-97.75074,30.42457],[-97.74914,30.42353],[-97.74846,30.42278],[-97.74792,30.42181],[-97.74731,30.41898],[-97.74646,30.41909],[-97.74678,30.42086],[-97.74717,30.42218],[-97.74788,30.42336],[-97.74873,30.42422],[-97.75042,30.42526],[-97.7653,30.43255],[-97.76905,30.43453],[-97.7701,30.43496],[-97.77022,30.43548],[-97.77121,30.43688],[-97.77189,30.43813],[-97.77312,30.44086],[-97.77393,30.44197],[-97.78523,30.4504],[-97.78813,30.44944],[-97.79697,30.44697],[-97.8012,30.44717],[-97.80402,30.44715],[-97.80397,30.44806],[-97.8038,30.44844],[-97.8026,30.44992],[-97.80236,30.45072],[-97.8035,30.45406],[-97.80378,30.45529],[-97.80395,30.45571],[-97.80455,30.4563],[-97.80361,30.45718],[-97.80306,30.45747],[-97.80057,30.45787],[-97.79999,30.45811],[-97.79947,30.45847],[-97.79734,30.46059],[-97.79697,30.46072],[-97.79547,30.46081],[-97.79301,30.46153],[-97.79249,30.46178],[-97.79162,30.46246],[-97.78989,30.46329],[-97.78897,30.46398],[-97.78794,30.46498],[-97.78757,30.46576],[-97.78748,30.46663],[-97.78762,30.46729],[-97.78791,30.46784],[-97.78953,30.46952],[-97.79041,30.47182],[-97.79111,30.47245],[-97.79233,30.47299],[-97.79277,30.47331],[-97.79321,30.47384],[-97.79387,30.47539],[-97.79608,30.47459],[-97.79853,30.47319],[-97.80202,30.47206],[-97.80277,30.47381],[-97.8032,30.47437],[-97.8039,30.47484],[-97.8058,30.47558],[-97.80712,30.47687],[-97.80417,30.47884],[-97.80257,30.47974],[-97.80158,30.48004],[-97.79852,30.48007],[-97.79691,30.47983],[-97.79615,30.47985],[-97.78996,30.48172],[-97.78959,30.48182],[-97.78945,30.48173],[-97.78764,30.48228],[-97.78667,30.48056]],[[-97.78667,30.48056],[-97.78662,30.48069],[-97.78526,30.47959],[-97.78508,30.47914],[-97.78557,30.47886],[-97.78595,30.47895],[-97.78647,30.47964],[-97.78735,30.48044],[-97.78816,30.47988],[-97.789,30.48076],[-97.7895,30.48198],[-97.79634,30.47999],[-97.7969,30.47996],[-97.79859,30.48021],[-97.80196,30.48016],[-97.80267,30.47991],[-97.80427,30.47901],[-97.80732,30.4769],[-97.80592,30.4755],[-97.80417,30.47479],[-97.80323,30.47417],[-97.80284,30.47357],[-97.80214,30.47188],[-97.80031,30.47235],[-97.79833,30.47309],[-97.79764,30.47342],[-97.79646,30.47423],[-97.79532,30.47474],[-97.79398,30.47515],[-97.79334,30.47373],[-97.79288,30.47319],[-97.79107,30.47221],[-97.79064,30.47178],[-97.78969,30.46954],[-97.78932,30.46902],[-97.78817,30.46799],[-97.78764,30.46683],[-97.78769,30.46583],[-97.78809,30.46501],[-97.78981,30.46349],[-97.79167,30.46258],[-97.79296,30.46168],[-97.79549,30.46092],[-97.79697,30.46082],[-97.79742,30.46068],[-97.79993,30.45827],[-97.80064,30.45797],[-97.80289,30.45764],[-97.80336,30.45748],[-97.80464,30.45638],[-97.80392,30.45564],[-97.80236,30.45072],[-97.8026,30.44992],[-97.8038,30.44844],[-97.80397,30.44806],[-97.80402,30.44715],[-97.8012,30.44717],[-97.79697,30.44697],[-97.78813,30.44944],[-97.78523,30.4504],[-97.77575,30.44339],[-97.77366,30.44168],[-97.77312,30.44086],[-97.77121,30.43688],[-97.77022,30.43548],[-97.77084,30.43443],[-97.75679,30.42753],[-97.75697,30.4272],[-97.75746,30.42728],[-97.75755,30.42717],[-97.75734,30.42685],[-97.75707,30.42714],[-97.75654,30.4274],[-97.75074,30.42457],[-97.74991,30.42411],[-97.74902,30.42342],[-97.74823,30.42243],[-97.74767,30.42097],[-97.7457,30.41046],[-97.74557,30.40789],[-97.74626,30.40096],[-97.74664,30.40066],[-97.7476,30.40076],[-97.74889,30.40071],[-97.74976,30.39865],[-97.74998,30.39775],[-97.75005,30.39626],[-97.74974,30.39413],[-97.74944,30.39412],[-97.74974,30.39413],[-97.74974,30.39428],[-97.74538,30.39413],[-97.74476,30.394],[-97.74324,30.3934],[-97.74239,30.39323],[-97.7396,30.39347],[-97.73937,30.39078],[-97.73694,30.39049],[-97.7338,30.38978],[-97.73287,30.39262],[-97.7323,30.39484],[-97.73196,30.3951],[-97.73163,30.39513],[-97.72457,30.39179],[-97.72184,30.39112],[-97.72339,30.3865],[-97.72596,30.37518],[-97.72663,30.37292],[-97.72105,30.37021],[-97.72029,30.36961],[-97.71953,30.36869],[-97.71898,30.36746],[-97.71801,30.36386],[-97.71584,30.35694],[-97.71438,30.35067],[-97.71344,30.34797],[-97.71312,30.34754],[-97.71245,30.34699],[-97.71195,30.34774],[-97.71264,30.34861],[-97.71308,30.35017],[-97.71275,30.3503],[-97.71196,30.35001]]]},"properties":{"id":"383","short":"383","name":"383-Research","color":"#004A97","type":3}},{"type":"Feature","geometry":{"type":"MultiLineString","coordinates":[[[-97.71579,30.39296],[-97.71607,30.39317],[-97.71546,30.39287],[-97.71507,30.39251],[-97.71398,30.3908],[-97.71323,30.39133],[-97.71249,30.39226],[-97.71171,30.39283],[-97.7107,30.39308],[-97.70957,30.39285],[-97.703,30.39006],[-97.69808,30.38726],[-97.69419,30.38524],[-97.69219,30.38447],[-97.68893,30.38294],[-97.68636,30.38195],[-97.68188,30.37927],[-97.67771,30.37744],[-97.67537,30.37688],[-97.66994,30.37409],[-97.66808,30.37342],[-97.66574,30.37233],[-97.66499,30.37282],[-97.66117,30.37465],[-97.66,30.37552],[-97.65862,30.37723],[-97.65967,30.37804],[-97.66115,30.38052],[-97.66131,30.38111],[-97.66124,30.38185],[-97.66205,30.38211],[-97.66245,30.38243],[-97.66262,30.38347],[-97.66241,30.38408],[-97.66138,30.38566],[-97.66096,30.38787],[-97.65908,30.3908],[-97.66039,30.3915],[-97.66511,30.39519],[-97.6683,30.39688],[-97.66872,30.39746],[-97.66885,30.3979],[-97.66884,30.39897],[-97.66257,30.39866],[-97.66112,30.39885],[-97.66009,30.39926],[-97.65923,30.39985],[-97.65723,30.40239],[-97.66224,30.40485],[-97.66384,30.40537],[-97.66315,30.40849],[-97.66321,30.40923],[-97.66376,30.41155],[-97.66331,30.41431],[-97.66729,30.41493],[-97.66694,30.41585],[-97.66651,30.41785],[-97.66723,30.41801],[-97.66763,30.41835],[-97.66938,30.41864],[-97.66954,30.41854],[-97.66941,30.41844],[-97.66844,30.41832]],[[-97.66887,30.41829],[-97.66761,30.41818],[-97.66651,30.41785],[-97.66694,30.41585],[-97.66729,30.41493],[-97.66347,30.41434],[-97.66392,30.41153],[-97.66337,30.4092],[-97.66331,30.40841],[-97.66403,30.40515],[-97.6624,30.40463],[-97.65752,30.40226],[-97.65926,30.40006],[-97.66015,30.39942],[-97.66121,30.399],[-97.66274,30.39883],[-97.66884,30.39914],[-97.66885,30.3979],[-97.66872,30.39746],[-97.6683,30.39688],[-97.66511,30.39519],[-97.66039,30.3915],[-97.65908,30.3908],[-97.66096,30.38787],[-97.66138,30.38566],[-97.66241,30.38408],[-97.66262,30.38347],[-97.66245,30.38243],[-97.66205,30.38211],[-97.66124,30.38185],[-97.66131,30.38111],[-97.66115,30.38052],[-97.65967,30.37804],[-97.65876,30.37732],[-97.65999,30.37575],[-97.66126,30.37475],[-97.66578,30.3725],[-97.66819,30.37358],[-97.66988,30.37418],[-97.67537,30.37688],[-97.67771,30.37744],[-97.68188,30.37927],[-97.68644,30.38207],[-97.69226,30.38467],[-97.69437,30.3855],[-97.69797,30.38736],[-97.70272,30.39007],[-97.70994,30.39314],[-97.71102,30.39316],[-97.71187,30.3929],[-97.71235,30.39259],[-97.71361,30.39118],[-97.71467,30.3907],[-97.71582,30.39042],[-97.71704,30.39031],[-97.71795,30.3904],[-97.72181,30.39123],[-97.72041,30.39532],[-97.71607,30.39317]]]},"properties":{"id":"392","short":"392","name":"392-Braker","color":"#004A97","type":3}},{"type":"Feature","geometry":{"type":"MultiLineString","coordinates":[[[-97.76483,30.27502],[-97.76465,30.27514],[-97.76484,30.27489],[-97.76314,30.27366],[-97.75999,30.27235],[-97.75281,30.26968],[-97.75092,30.26934],[-97.74556,30.26778],[-97.74486,30.26966],[-97.73342,30.26645],[-97.72176,30.26243],[-97.71776,30.2615],[-97.71115,30.26053],[-97.70947,30.2601],[-97.7041,30.25763],[-97.6976,30.25332],[-97.69829,30.25215],[-97.69727,30.25153],[-97.69725,30.25141],[-97.69737,30.25131],[-97.69813,30.25132],[-97.70431,30.25193],[-97.70873,30.2517],[-97.71005,30.25204],[-97.71279,30.253],[-97.71061,30.25764]],[[-97.7106,30.25744],[-97.71061,30.25764],[-97.70947,30.2601],[-97.71115,30.26053],[-97.71776,30.2615],[-97.72176,30.26243],[-97.73384,30.26658],[-97.73352,30.26749],[-97.74559,30.27092],[-97.7463,30.26902],[-97.75096,30.27036],[-97.76265,30.27482],[-97.7637,30.27534],[-97.76422,30.27576],[-97.76465,30.27514]]]},"properties":{"id":"4","short":"4","name":"4-7th Street","color":"#004A97","type":3}},{"type":"Feature","geometry":{"type":"MultiLineString","coordinates":[[[-97.7398,30.26565],[-97.73864,30.26896],[-97.74559,30.27088],[-97.74796,30.26435],[-97.75409,30.26619],[-97.75602,30.26646],[-97.75664,30.26666],[-97.75842,30.26802],[-97.7615,30.26938],[-97.76277,30.27046],[-97.76521,30.27324],[-97.76635,30.27485],[-97.76724,30.27706],[-97.7673,30.27859],[-97.76701,30.27959],[-97.76585,30.28186],[-97.76505,30.28392],[-97.761,30.28984],[-97.76008,30.29156],[-97.7594,30.29335],[-97.75813,30.29811],[-97.75802,30.29951],[-97.75829,30.30352],[-97.75703,30.30995],[-97.75581,30.32022],[-97.75541,30.33495],[-97.75531,30.33623],[-97.75505,30.33735],[-97.75454,30.33861],[-97.75191,30.34367],[-97.74965,30.34871],[-97.7486,30.35233],[-97.74679,30.35494],[-97.74622,30.35607],[-97.74455,30.36109],[-97.74317,30.36452],[-97.742,30.36928],[-97.73949,30.37573],[-97.73576,30.3838],[-97.73266,30.39555],[-97.73223,30.3967],[-97.73121,30.39868],[-97.72979,30.40057],[-97.72816,30.40234],[-97.72507,30.40493],[-97.7225,30.40645],[-97.72032,30.40744],[-97.71852,30.40792],[-97.71468,30.40854],[-97.71244,30.40933],[-97.71092,30.41021],[-97.70984,30.41104],[-97.70695,30.4139],[-97.70589,30.41543],[-97.70536,30.4166],[-97.70233,30.42538],[-97.70057,30.43088],[-97.69927,30.43386],[-97.69889,30.4358],[-97.69871,30.43782],[-97.6978,30.44022],[-97.70016,30.44074],[-97.70043,30.44046],[-97.70061,30.43955],[-97.70085,30.43945],[-97.70204,30.4407],[-97.70207,30.44089],[-97.70189,30.44121],[-97.70053,30.4407],[-97.69786,30.44008],[-97.69699,30.44222],[-97.69651,30.44426],[-97.69608,30.44819],[-97.69615,30.45061],[-97.69641,30.45237],[-97.697,30.45464],[-97.69894,30.46039],[-97.70019,30.46362],[-97.70117,30.46679],[-97.70231,30.4722],[-97.70258,30.47504],[-97.70296,30.47581],[-97.70337,30.47633],[-97.70461,30.47719],[-97.71208,30.47973],[-97.71352,30.48005],[-97.71525,30.48018],[-97.71829,30.47993],[-97.72648,30.47799],[-97.72872,30.47784],[-97.73108,30.47824],[-97.73958,30.48103],[-97.74067,30.48129],[-97.74251,30.48148],[-97.74912,30.48137],[-97.75163,30.48094],[-97.76749,30.47567],[-97.76978,30.47527],[-97.77378,30.47514],[-97.77859,30.47459],[-97.78112,30.47399],[-97.7897,30.47126],[-97.79014,30.47129],[-97.79067,30.47213],[-97.79272,30.47318],[-97.79327,30.47391],[-97.79412,30.47591],[-97.79436,30.47766],[-97.79527,30.4801],[-97.79176,30.48117],[-97.79073,30.48166],[-97.78953,30.48197],[-97.78945,30.48176],[-97.78757,30.48222],[-97.78732,30.48154],[-97.7867,30.48073],[-97.7852,30.4795],[-97.7851,30.47914],[-97.78549,30.47887],[-97.78596,30.47893],[-97.7864,30.47955],[-97.78738,30.48035],[-97.78807,30.47976],[-97.78897,30.48068],[-97.78953,30.48197],[-97.79646,30.47997],[-97.79845,30.48022],[-97.80183,30.48026],[-97.8021,30.48041],[-97.80298,30.48166],[-97.80378,30.48309],[-97.80414,30.48399],[-97.80428,30.48592],[-97.80408,30.48753],[-97.80378,30.48849],[-97.80263,30.49107],[-97.80236,30.49209],[-97.80225,30.49325],[-97.80249,30.49541],[-97.803,30.49693],[-97.8039,30.49842],[-97.80487,30.49947],[-97.80737,30.50166],[-97.80871,30.50353],[-97.814,30.51656],[-97.81476,30.51894],[-97.81701,30.52902],[-97.81722,30.53044],[-97.81711,30.53229],[-97.81585,30.53809],[-97.81587,30.54009],[-97.81921,30.55353],[-97.8199,30.55529],[-97.82977,30.57216],[-97.83161,30.57537],[-97.83344,30.57896],[-97.83569,30.58276],[-97.83733,30.58225],[-97.83805,30.58214],[-97.84018,30.58239],[-97.84117,30.5823],[-97.84573,30.58101],[-97.85286,30.57866],[-97.85573,30.58551],[-97.85704,30.58769],[-97.85606,30.58798],[-97.85592,30.58791],[-97.85566,30.58706],[-97.85526,30.58643]],[[-97.85547,30.58661],[-97.85498,30.58627],[-97.85441,30.58613],[-97.85318,30.58652],[-97.85306,30.5869],[-97.85506,30.5878],[-97.85539,30.58785],[-97.85568,30.5881],[-97.85704,30.58769],[-97.85573,30.58551],[-97.85286,30.57866],[-97.84573,30.58101],[-97.84117,30.5823],[-97.84018,30.58239],[-97.83829,30.58213],[-97.83686,30.58238],[-97.83637,30.58227],[-97.83353,30.57742],[-97.83331,30.57724],[-97.83092,30.57349],[-97.82013,30.55509],[-97.81952,30.55348],[-97.81623,30.54033],[-97.81612,30.53888],[-97.81622,30.53785],[-97.81742,30.53214],[-97.81749,30.53034],[-97.81623,30.52405],[-97.81496,30.51886],[-97.81406,30.51621],[-97.80898,30.50336],[-97.8076,30.50144],[-97.80514,30.49926],[-97.80425,30.49827],[-97.8033,30.49667],[-97.80288,30.49529],[-97.80271,30.49398],[-97.80276,30.49287],[-97.80329,30.49145],[-97.80441,30.48955],[-97.80519,30.48771],[-97.80566,30.48332],[-97.80556,30.4826],[-97.80528,30.48192],[-97.80329,30.47935],[-97.80242,30.47981],[-97.80129,30.48006],[-97.79841,30.48005],[-97.79692,30.47982],[-97.79617,30.47982],[-97.79176,30.48117],[-97.79073,30.48166],[-97.78953,30.48197],[-97.78945,30.48176],[-97.78757,30.48222],[-97.78732,30.48154],[-97.7867,30.48073],[-97.7852,30.4795],[-97.7851,30.47914],[-97.78549,30.47887],[-97.78596,30.47893],[-97.7864,30.47955],[-97.78738,30.48035],[-97.78807,30.47976],[-97.78897,30.48068],[-97.78953,30.48197],[-97.79322,30.48098],[-97.79555,30.48022],[-97.79451,30.47758],[-97.79427,30.47577],[-97.79345,30.47384],[-97.79319,30.47342],[-97.79262,30.47292],[-97.79145,30.47241],[-97.79085,30.47198],[-97.79056,30.47157],[-97.79001,30.47019],[-97.78224,30.47263],[-97.7802,30.47315],[-97.7762,30.47373],[-97.77241,30.47399],[-97.76954,30.47465],[-97.76482,30.47615],[-97.76487,30.47627],[-97.76282,30.47695],[-97.75159,30.48059],[-97.74998,30.48094],[-97.74867,30.48106],[-97.7426,30.48115],[-97.74074,30.48096],[-97.73869,30.48041],[-97.73101,30.47787],[-97.72947,30.47757],[-97.72843,30.4775],[-97.72682,30.47758],[-97.72567,30.47779],[-97.7182,30.47959],[-97.71735,30.47968],[-97.71469,30.47947],[-97.71256,30.47899],[-97.70557,30.4767],[-97.70483,30.47631],[-97.70425,30.47583],[-97.70372,30.47519],[-97.70335,30.47446],[-97.70108,30.46524],[-97.69879,30.45867],[-97.69749,30.45377],[-97.69688,30.45089],[-97.69669,30.44856],[-97.69674,30.44708],[-97.69707,30.44499],[-97.69862,30.44083],[-97.69903,30.44057],[-97.70026,30.44069],[-97.7004,30.44054],[-97.70061,30.43955],[-97.70073,30.43944],[-97.70104,30.43957],[-97.70204,30.4407],[-97.70207,30.44089],[-97.70189,30.44121],[-97.70053,30.4407],[-97.69924,30.44045],[-97.69894,30.44],[-97.69938,30.43861],[-97.70028,30.43261],[-97.70259,30.4256],[-97.70609,30.41576],[-97.70723,30.41408],[-97.70927,30.41201],[-97.71112,30.41043],[-97.71295,30.40944],[-97.71478,30.40884],[-97.71873,30.4082],[-97.72028,30.40778],[-97.72279,30.40666],[-97.72485,30.40546],[-97.72721,30.40367],[-97.72934,30.40161],[-97.73104,30.39957],[-97.73242,30.39714],[-97.73316,30.39509],[-97.73611,30.38386],[-97.73944,30.37637],[-97.74243,30.36892],[-97.74349,30.36453],[-97.74503,30.36058],[-97.7465,30.35617],[-97.74707,30.35503],[-97.7489,30.3523],[-97.74986,30.34894],[-97.75546,30.33721],[-97.75576,30.33529],[-97.75616,30.31994],[-97.75729,30.31083],[-97.75864,30.3038],[-97.75865,30.30259],[-97.75837,30.29948],[-97.75856,30.29788],[-97.7597,30.29363],[-97.76068,30.29113],[-97.76149,30.28974],[-97.76525,30.28429],[-97.76735,30.28011],[-97.7689,30.27781],[-97.76844,30.27682],[-97.76771,30.27624],[-97.76512,30.27507],[-97.76323,30.27369],[-97.75847,30.27178],[-97.75309,30.26973],[-97.75056,30.26921],[-97.73539,30.26494],[-97.73677,30.26123],[-97.73664,30.26122],[-97.74107,30.26243],[-97.73984,30.26572]]]},"properties":{"id":"454","short":"454","name":"454-Rail Shuttle","color":"#004A97","type":3}},{"type":"Feature","geometry":{"type":"MultiLineString","coordinates":[[[-97.73353,30.28555],[-97.73363,30.28563],[-97.73358,30.28743],[-97.73445,30.28859],[-97.73445,30.28913],[-97.73424,30.28927],[-97.73299,30.28911],[-97.73076,30.28914],[-97.72977,30.28882],[-97.729,30.28814],[-97.7271,30.28722],[-97.72583,30.28687],[-97.72491,30.28648],[-97.7237,30.28584],[-97.72223,30.28479],[-97.72184,30.28438],[-97.72216,30.28379],[-97.72121,30.27979],[-97.70942,30.28168],[-97.70927,30.28038],[-97.70959,30.27956],[-97.70981,30.27951],[-97.70975,30.27932],[-97.70953,30.27937],[-97.70959,30.27956],[-97.70934,30.28016]],[[-97.70922,30.28016],[-97.70934,30.28016],[-97.70925,30.28063],[-97.70942,30.28168],[-97.72709,30.27875],[-97.72955,30.27849],[-97.73094,30.27864],[-97.73455,30.27963],[-97.73439,30.2801],[-97.73372,30.28063],[-97.73329,30.28133],[-97.73335,30.28198],[-97.73393,30.28295],[-97.73405,30.28341],[-97.73363,30.28563]]]},"properties":{"id":"465","short":"465","name":"465-MLK/University of Texas","color":"#004A97","type":3}},{"type":"Feature","geometry":{"type":"MultiLineString","coordinates":[[[-97.71579,30.39296],[-97.7154,30.39283],[-97.71487,30.39227],[-97.71398,30.3908],[-97.71323,30.39133],[-97.71212,30.39259],[-97.71115,30.39302],[-97.71053,30.39307],[-97.70981,30.39294],[-97.7083,30.39224],[-97.70583,30.39574],[-97.70515,30.39706],[-97.70293,30.40056],[-97.70504,30.40171],[-97.70545,30.40166],[-97.70777,30.40057],[-97.70893,30.40262],[-97.70956,30.40314],[-97.71093,30.40384],[-97.71207,30.40492],[-97.71361,30.40433],[-97.71396,30.40395],[-97.71609,30.40498],[-97.71828,30.40123],[-97.71874,30.40019],[-97.72364,30.38555],[-97.72768,30.38688],[-97.72688,30.38879],[-97.72686,30.38946],[-97.72652,30.39041],[-97.72536,30.39271],[-97.72549,30.3932],[-97.72622,30.39378],[-97.72662,30.39449],[-97.72663,30.3961],[-97.72511,30.4002],[-97.71938,30.39833],[-97.72041,30.39532],[-97.71629,30.39328]]]},"properties":{"id":"466","short":"466","name":"466-Kramer/Domain","color":"#004A97","type":3}},{"type":"Feature","geometry":{"type":"MultiLineString","coordinates":[[[-97.74511,30.26861],[-97.74521,30.26871],[-97.74513,30.26894],[-97.74053,30.28133],[-97.74193,30.28172],[-97.74208,30.28218],[-97.7412,30.29196],[-97.74277,30.29513],[-97.74279,30.29542],[-97.73282,30.31115],[-97.73265,30.31181],[-97.73221,30.31616],[-97.73147,30.31781],[-97.7204,30.33539],[-97.71881,30.33762],[-97.71827,30.33874],[-97.71496,30.34397],[-97.71372,30.34527],[-97.71195,30.34774],[-97.71256,30.34844],[-97.71273,30.34883],[-97.71334,30.35121],[-97.7143,30.35333],[-97.71542,30.35675],[-97.71768,30.36457],[-97.71838,30.36833],[-97.71771,30.36866],[-97.71563,30.37192],[-97.71395,30.37111],[-97.7131,30.37042],[-97.70906,30.36843],[-97.70738,30.36786],[-97.70574,30.36707],[-97.7046,30.36666],[-97.69703,30.36305],[-97.69784,30.36165]],[[-97.69793,30.36176],[-97.69784,30.36165],[-97.6998,30.35819],[-97.70066,30.35702],[-97.70913,30.3508],[-97.7095,30.35069],[-97.71097,30.34981],[-97.71288,30.34791],[-97.71539,30.34326],[-97.71895,30.3378],[-97.73079,30.31887],[-97.73218,30.31688],[-97.73236,30.31598],[-97.73235,30.31494],[-97.73265,30.31181],[-97.73282,30.31115],[-97.74279,30.29542],[-97.74277,30.29513],[-97.7412,30.29196],[-97.74208,30.28218],[-97.7418,30.28123],[-97.74664,30.26813],[-97.74556,30.26778],[-97.74538,30.26826]]]},"properties":{"id":"481","short":"481","name":"481-Night Owl North Lamar","color":"#004A97","type":3}},{"type":"Feature","geometry":{"type":"MultiLineString","coordinates":[[[-97.66566,30.20274],[-97.66576,30.20279],[-97.66495,30.20303],[-97.66299,30.20505],[-97.66268,30.20585],[-97.66268,30.20788],[-97.66246,30.20857],[-97.66208,30.20912],[-97.6609,30.21017],[-97.66495,30.21354],[-97.66492,30.2138],[-97.66424,30.21447],[-97.66341,30.21591],[-97.66686,30.21766],[-97.66758,30.21791],[-97.67372,30.22107],[-97.67742,30.22274],[-97.67843,30.22305],[-97.67949,30.22319],[-97.68136,30.22297],[-97.6834,30.22234],[-97.68667,30.22107],[-97.69122,30.21882],[-97.69206,30.21944],[-97.69687,30.22221],[-97.70442,30.22543],[-97.70898,30.22759],[-97.71437,30.23044],[-97.71748,30.23171],[-97.71991,30.23228],[-97.72063,30.23257],[-97.72286,30.23414],[-97.72379,30.23357],[-97.7243,30.23304],[-97.72783,30.22752],[-97.72905,30.22817],[-97.73035,30.22939],[-97.73302,30.23072],[-97.73369,30.23094],[-97.73343,30.23159],[-97.73223,30.23274],[-97.73184,30.2337],[-97.73112,30.23425],[-97.72883,30.23542],[-97.72761,30.23738],[-97.72757,30.23767],[-97.72792,30.23853],[-97.72791,30.23879],[-97.72704,30.24034],[-97.73084,30.24546],[-97.73354,30.24756],[-97.73605,30.24819],[-97.73786,30.24959],[-97.73984,30.25029],[-97.74018,30.2505],[-97.74117,30.25178],[-97.74379,30.25351],[-97.74462,30.25477],[-97.74649,30.25681],[-97.74849,30.25868],[-97.74934,30.25971],[-97.74872,30.26096],[-97.74771,30.26365],[-97.74686,30.26426],[-97.74538,30.26826],[-97.74511,30.26861]],[[-97.74511,30.26861],[-97.74521,30.26871],[-97.74452,30.27059],[-97.74559,30.27092],[-97.74798,30.26454],[-97.74771,30.26365],[-97.74872,30.26096],[-97.74934,30.25971],[-97.74849,30.25868],[-97.74649,30.25681],[-97.74462,30.25477],[-97.74379,30.25351],[-97.74315,30.25294],[-97.74132,30.25179],[-97.74036,30.25055],[-97.73957,30.25009],[-97.73757,30.24926],[-97.73624,30.24812],[-97.7337,30.24744],[-97.73112,30.24547],[-97.72712,30.24021],[-97.72791,30.23879],[-97.72792,30.23853],[-97.72757,30.23767],[-97.72761,30.23738],[-97.72883,30.23542],[-97.73112,30.23425],[-97.73184,30.2337],[-97.73223,30.23274],[-97.73343,30.23159],[-97.73369,30.23094],[-97.73302,30.23072],[-97.73035,30.22939],[-97.72905,30.22817],[-97.72769,30.22745],[-97.72417,30.23305],[-97.72361,30.2335],[-97.72337,30.23349],[-97.72247,30.23304],[-97.7204,30.23231],[-97.71767,30.23165],[-97.71308,30.2297],[-97.71056,30.22825],[-97.70487,30.22549],[-97.70225,30.22446],[-97.697,30.22212],[-97.69122,30.21882],[-97.69059,30.21806],[-97.68954,30.21855],[-97.68434,30.22149],[-97.68347,30.22189],[-97.68177,30.22243],[-97.68049,30.22253],[-97.67795,30.22236],[-97.6766,30.22204],[-97.67565,30.22168],[-97.66751,30.2176],[-97.66594,30.21651],[-97.66457,30.21577],[-97.66425,30.21538],[-97.66418,30.21486],[-97.66518,30.21372],[-97.662,30.21108],[-97.66285,30.21037],[-97.66426,30.20996],[-97.66765,30.21017],[-97.66916,30.20979],[-97.67003,30.20923],[-97.67053,30.20867],[-97.67097,30.20788],[-97.67115,30.20708],[-97.6711,30.20591],[-97.67081,30.20508],[-97.67023,30.20427],[-97.66899,30.20295],[-97.66821,30.20276],[-97.66566,30.20274]]]},"properties":{"id":"483","short":"483","name":"483-Night Owl Riverside","color":"#004A97","type":3}},{"type":"Feature","geometry":{"type":"MultiLineString","coordinates":[[[-97.7907,30.2328],[-97.79088,30.23269],[-97.79013,30.2335],[-97.79003,30.23378],[-97.79019,30.2354],[-97.78857,30.23812],[-97.78895,30.23832],[-97.78925,30.2387],[-97.77817,30.24653],[-97.77677,30.24704],[-97.77294,30.2476],[-97.76869,30.24883],[-97.767,30.24967],[-97.76552,30.25083],[-97.76326,30.25323],[-97.76102,30.25674],[-97.7593,30.2584],[-97.75863,30.26068],[-97.75625,30.26659],[-97.75458,30.27032],[-97.75281,30.26968],[-97.75092,30.26934],[-97.74556,30.26778],[-97.74538,30.26826]],[[-97.74511,30.26861],[-97.74521,30.26871],[-97.74452,30.27059],[-97.74559,30.27092],[-97.7463,30.26902],[-97.75058,30.27023],[-97.754,30.27156],[-97.75761,30.26356],[-97.75857,30.26098],[-97.75923,30.25853],[-97.75955,30.25807],[-97.76102,30.25674],[-97.76312,30.25342],[-97.76393,30.25249],[-97.76617,30.25025],[-97.76703,30.24965],[-97.7684,30.24894],[-97.77294,30.2476],[-97.77616,30.24716],[-97.77775,30.24672],[-97.77875,30.24617],[-97.78112,30.24448],[-97.78131,30.24434],[-97.78162,30.24274],[-97.78222,30.24172],[-97.78215,30.24029],[-97.78225,30.23989],[-97.78307,30.23814],[-97.78805,30.23033],[-97.79147,30.23199],[-97.79088,30.23269]]]},"properties":{"id":"484","short":"484","name":"484-Night Owl South Lamar","color":"#004A97","type":3}},{"type":"Feature","geometry":{"type":"MultiLineString","coordinates":[[[-97.74511,30.26861],[-97.74521,30.26871],[-97.74486,30.26966],[-97.73342,30.26645],[-97.72176,30.26243],[-97.71776,30.2615],[-97.71115,30.26053],[-97.70947,30.2601],[-97.7041,30.25763],[-97.69596,30.25216],[-97.69556,30.25257],[-97.69424,30.25204],[-97.69375,30.25203],[-97.69315,30.25241],[-97.69289,30.25303],[-97.69248,30.25312],[-97.69337,30.25847],[-97.6981,30.27411],[-97.6985,30.27477],[-97.70034,30.27687],[-97.70638,30.28628],[-97.7022,30.287],[-97.70033,30.2882],[-97.69847,30.28913],[-97.69899,30.29144],[-97.69984,30.29303],[-97.70006,30.29397],[-97.70027,30.30079],[-97.70014,30.30154],[-97.69979,30.30232],[-97.70368,30.30417],[-97.70278,30.30573],[-97.70974,30.30908],[-97.7083,30.31053],[-97.70019,30.31679],[-97.69565,30.32092],[-97.69448,30.3224],[-97.6901,30.32934],[-97.68963,30.32977],[-97.68816,30.33041],[-97.68754,30.33088],[-97.68612,30.3328],[-97.68322,30.3373],[-97.69204,30.34148],[-97.69242,30.34103],[-97.69163,30.34019],[-97.69088,30.34067],[-97.69055,30.34055],[-97.69135,30.3402]],[[-97.69135,30.3402],[-97.6914,30.34005],[-97.69177,30.34028],[-97.69242,30.34103],[-97.69204,30.34148],[-97.68332,30.33735],[-97.686,30.33321],[-97.68764,30.33097],[-97.68804,30.3306],[-97.6896,30.32994],[-97.69024,30.3294],[-97.69477,30.3222],[-97.69633,30.32029],[-97.70019,30.31679],[-97.7083,30.31053],[-97.70974,30.30908],[-97.7029,30.30578],[-97.70385,30.30425],[-97.70382,30.3041],[-97.70001,30.30227],[-97.70027,30.30168],[-97.70044,30.30076],[-97.70023,30.29391],[-97.70001,30.293],[-97.69922,30.2915],[-97.69861,30.28906],[-97.70033,30.2882],[-97.7022,30.287],[-97.70638,30.28628],[-97.70034,30.27687],[-97.6985,30.27477],[-97.6981,30.27411],[-97.69314,30.25749],[-97.69257,30.2537],[-97.69295,30.25314],[-97.69315,30.25241],[-97.6936,30.25208],[-97.69408,30.25202],[-97.69545,30.25255],[-97.69609,30.25245],[-97.6966,30.25266],[-97.7041,30.25763],[-97.70947,30.2601],[-97.71115,30.26053],[-97.71776,30.2615],[-97.72176,30.26243],[-97.73384,30.26658],[-97.73352,30.26749],[-97.74559,30.27092],[-97.74664,30.26813],[-97.74556,30.26778],[-97.74538,30.26826]]]},"properties":{"id":"485","short":"485","name":"485-Night Owl 7th Street/Cameron","color":"#004A97","type":3}},{"type":"Feature","geometry":{"type":"MultiLineString","coordinates":[[[-97.74799,30.17989],[-97.74815,30.18002],[-97.74685,30.17957],[-97.74661,30.18099],[-97.74484,30.18391],[-97.74494,30.18476],[-97.74619,30.18616],[-97.74635,30.18673],[-97.74626,30.18722],[-97.74546,30.18866],[-97.74484,30.19039],[-97.74456,30.1924],[-97.74464,30.19402],[-97.75441,30.19347],[-97.75542,30.19348],[-97.75624,30.19369],[-97.757,30.19413],[-97.759,30.19586],[-97.76069,30.19694],[-97.76141,30.19727],[-97.76251,30.19756],[-97.76365,30.19818],[-97.76447,30.19869],[-97.76668,30.20049],[-97.76743,30.20073],[-97.76875,30.20095],[-97.76946,30.20126],[-97.77313,30.2042],[-97.77478,30.20502],[-97.77404,30.20674],[-97.77304,30.20857],[-97.76363,30.22342],[-97.76126,30.22796],[-97.75891,30.23182],[-97.75724,30.2344],[-97.75298,30.23951],[-97.75248,30.24203],[-97.74689,30.25716],[-97.74849,30.25868],[-97.74934,30.25971],[-97.74872,30.26096],[-97.74771,30.26365],[-97.74686,30.26426],[-97.74538,30.26826]],[[-97.74511,30.26861],[-97.74521,30.26871],[-97.74452,30.27059],[-97.74559,30.27092],[-97.74798,30.26454],[-97.74771,30.26365],[-97.74872,30.26096],[-97.74934,30.25971],[-97.74849,30.25868],[-97.74689,30.25716],[-97.75248,30.24203],[-97.75298,30.23951],[-97.7565,30.23535],[-97.75814,30.23302],[-97.76126,30.22796],[-97.76363,30.22342],[-97.77368,30.20747],[-97.77454,30.20562],[-97.77517,30.2039],[-97.77693,30.19765],[-97.77888,30.19294],[-97.77712,30.19257],[-97.77518,30.19182],[-97.77345,30.19142],[-97.77094,30.19065],[-97.76848,30.1893],[-97.75948,30.18661],[-97.7571,30.18543],[-97.7564,30.18484],[-97.75445,30.18369],[-97.7516,30.18148],[-97.74789,30.17995]]]},"properties":{"id":"486","short":"486","name":"486-Night Owl South Congress","color":"#004A97","type":3}},{"type":"Feature","geometry":{"type":"MultiLineString","coordinates":[[[-97.72198,30.23524],[-97.72198,30.23496],[-97.72286,30.23414],[-97.72402,30.23514],[-97.72514,30.23668],[-97.72615,30.23911],[-97.72704,30.24034],[-97.72619,30.24162],[-97.72579,30.24142],[-97.72524,30.24143],[-97.72468,30.24125],[-97.71958,30.23877],[-97.7141,30.24743],[-97.71369,30.24888],[-97.71337,30.25152],[-97.71237,30.25388],[-97.72823,30.2594]],[[-97.72804,30.25942],[-97.72795,30.2593],[-97.7322,30.26079],[-97.73262,30.25989],[-97.73607,30.26111],[-97.73745,30.2614],[-97.7432,30.263],[-97.74148,30.26769],[-97.74282,30.26806],[-97.74451,30.26338],[-97.74061,30.2623]]]},"properties":{"id":"490","short":"490","name":"490-HEB Shuttle","color":"#004A97","type":3}},{"type":"Feature","geometry":{"type":"MultiLineString","coordinates":[[[-97.74376,30.30532],[-97.7436,30.30541],[-97.74311,30.30518],[-97.74472,30.30269],[-97.74891,30.30476],[-97.74926,30.30517],[-97.74921,30.30579],[-97.74938,30.30609],[-97.75074,30.30722],[-97.75161,30.30776],[-97.75064,30.30913],[-97.7526,30.31211],[-97.75513,30.31747],[-97.75513,30.31781],[-97.75439,30.31902],[-97.7543,30.31898],[-97.75439,30.31902]],[[-97.75439,30.31902],[-97.74914,30.32763],[-97.74407,30.32514],[-97.74292,30.32527],[-97.74107,30.32573],[-97.73963,30.32583],[-97.74005,30.33312],[-97.74025,30.33314],[-97.74009,30.33463],[-97.74057,30.33474],[-97.74074,30.33399],[-97.7407,30.33349],[-97.74025,30.33314],[-97.74005,30.33312],[-97.73983,30.3348],[-97.7399,30.33432],[-97.74071,30.3344],[-97.7399,30.33432],[-97.73857,30.3428],[-97.73813,30.34434],[-97.73324,30.35226],[-97.73532,30.35326],[-97.73569,30.35356],[-97.73649,30.35572],[-97.73661,30.35626],[-97.73649,30.35683],[-97.73879,30.35779],[-97.73847,30.35843],[-97.73853,30.35914],[-97.73842,30.35953],[-97.73714,30.36133],[-97.7373,30.36107],[-97.73665,30.36072],[-97.73588,30.36049]],[[-97.73588,30.36049],[-97.73774,30.36068],[-97.736,30.3604],[-97.73575,30.36078],[-97.73582,30.36086],[-97.73715,30.36145],[-97.73842,30.35953],[-97.73853,30.35914],[-97.73847,30.35843],[-97.73879,30.35779],[-97.73649,30.35683],[-97.73673,30.35634],[-97.73668,30.35586],[-97.73591,30.35364],[-97.73537,30.35316],[-97.7333,30.35217],[-97.73768,30.34517],[-97.73833,30.34381],[-97.74005,30.33312],[-97.74025,30.33314],[-97.74009,30.33463],[-97.74057,30.33474],[-97.74074,30.33399],[-97.7407,30.33349],[-97.74025,30.33314],[-97.74005,30.33312],[-97.73975,30.32752],[-97.74204,30.32559]],[[-97.73975,30.32752],[-97.73963,30.32583],[-97.74127,30.3257],[-97.74392,30.32512],[-97.74914,30.32763],[-97.75516,30.31773],[-97.7541,30.3152],[-97.7526,30.31211],[-97.75198,30.31118],[-97.75206,30.31114],[-97.75198,30.31118],[-97.75064,30.30913],[-97.75161,30.30776],[-97.75074,30.30722],[-97.75035,30.30712],[-97.74853,30.30726],[-97.74693,30.30692],[-97.74374,30.30548]]]},"properties":{"id":"491","short":"491","name":"491-Allandale","color":"#004A97","type":3}},{"type":"Feature","geometry":{"type":"MultiLineString","coordinates":[[[-97.72058,30.30022],[-97.72073,30.30058],[-97.72171,30.30108],[-97.72236,30.29968],[-97.71817,30.29767],[-97.71977,30.29493],[-97.7178,30.29401],[-97.71717,30.29495],[-97.71729,30.2955],[-97.71854,30.29612],[-97.7114,30.30727],[-97.71093,30.30749],[-97.70754,30.3059],[-97.70649,30.3075],[-97.70974,30.30908],[-97.7088,30.31012],[-97.70634,30.31199],[-97.70706,30.31239],[-97.70613,30.31571],[-97.70705,30.31607],[-97.70595,30.31788],[-97.7041,30.31699],[-97.70361,30.31765],[-97.70266,30.31807],[-97.70228,30.31849],[-97.70436,30.3195],[-97.70408,30.3199],[-97.70436,30.3195],[-97.70507,30.31985],[-97.70403,30.32147],[-97.70399,30.32178],[-97.69939,30.32142],[-97.6958,30.32077],[-97.69448,30.3224],[-97.69356,30.32391],[-97.69436,30.32435],[-97.69487,30.32445],[-97.69632,30.32417],[-97.69643,30.32439],[-97.69668,30.32436],[-97.69675,30.32407],[-97.69729,30.32394],[-97.69806,30.32403],[-97.69839,30.32327],[-97.6986,30.32223],[-97.70409,30.32272],[-97.70593,30.32268],[-97.70604,30.32202],[-97.70586,30.3218],[-97.70477,30.32183],[-97.69939,30.32142],[-97.6958,30.32077],[-97.69448,30.3224],[-97.69034,30.329],[-97.6892,30.32839],[-97.68845,30.3273],[-97.68777,30.32698],[-97.68932,30.32459],[-97.69225,30.32603],[-97.6901,30.32934],[-97.68963,30.32977],[-97.68816,30.33041],[-97.68765,30.33077],[-97.68612,30.3328],[-97.68789,30.33363],[-97.68773,30.33384],[-97.68886,30.33436],[-97.689,30.33414],[-97.69313,30.33609],[-97.69232,30.3374],[-97.6923,30.33802],[-97.6926,30.33858],[-97.69219,30.33869],[-97.69192,30.33826],[-97.69168,30.33827],[-97.69176,30.33842],[-97.69037,30.33904],[-97.6908,30.33958]],[[-97.69062,30.3394],[-97.69177,30.34028],[-97.69242,30.34103],[-97.69204,30.34148],[-97.68332,30.33735],[-97.68625,30.33285],[-97.68612,30.3328],[-97.68754,30.33088],[-97.68816,30.33041],[-97.68963,30.32977],[-97.69034,30.329],[-97.6892,30.32839],[-97.68845,30.3273],[-97.68777,30.32698],[-97.68932,30.32459],[-97.69238,30.32608],[-97.69365,30.32402],[-97.69436,30.32435],[-97.69487,30.32445],[-97.69632,30.32417],[-97.69643,30.32439],[-97.69668,30.32436],[-97.69675,30.32407],[-97.69729,30.32394],[-97.69806,30.32403],[-97.69839,30.32327],[-97.6986,30.32223],[-97.70409,30.32272],[-97.70593,30.32268],[-97.70604,30.32202],[-97.70586,30.3218],[-97.70477,30.32183],[-97.70096,30.32156],[-97.70109,30.32032],[-97.70228,30.31849],[-97.70436,30.3195],[-97.70408,30.3199],[-97.70436,30.3195],[-97.70228,30.31849],[-97.70244,30.31826],[-97.70361,30.31765],[-97.7041,30.31699],[-97.70595,30.31788],[-97.70705,30.31607],[-97.70613,30.31571],[-97.70706,30.31239],[-97.70634,30.31199],[-97.7088,30.31012],[-97.70974,30.30908],[-97.71048,30.30959],[-97.71102,30.31034],[-97.71129,30.31038],[-97.71144,30.31029],[-97.71136,30.30887],[-97.71157,30.30809],[-97.71555,30.30197],[-97.71817,30.29767],[-97.72137,30.29921],[-97.72059,30.30042]]]},"properties":{"id":"492","short":"492","name":"492-Delwood","color":"#004A97","type":3}},{"type":"Feature","geometry":{"type":"MultiLineString","coordinates":[[[-97.69775,30.27252],[-97.69762,30.27258],[-97.69625,30.26809],[-97.70552,30.27131],[-97.70881,30.26565],[-97.70921,30.26529],[-97.71018,30.26483],[-97.70998,30.26464],[-97.70819,30.26403],[-97.70837,30.26476],[-97.70903,30.26542],[-97.71161,30.26413],[-97.71275,30.26298],[-97.71426,30.25975],[-97.71231,30.25909],[-97.71161,30.2606],[-97.71776,30.2615],[-97.72145,30.26235],[-97.72906,30.26497],[-97.72948,30.26405],[-97.7305,30.26441],[-97.73427,30.25632],[-97.73031,30.25492],[-97.73139,30.25254],[-97.73247,30.25273],[-97.73409,30.25243],[-97.73468,30.25245],[-97.73489,30.25223],[-97.73549,30.25242],[-97.73569,30.25299],[-97.73555,30.25351],[-97.73262,30.25989],[-97.73607,30.26111],[-97.73745,30.2614],[-97.7432,30.263],[-97.74148,30.26769],[-97.74241,30.26795],[-97.74148,30.26769],[-97.7432,30.263],[-97.74104,30.26242]],[[-97.74064,30.26221],[-97.74061,30.2623],[-97.73607,30.26111],[-97.73262,30.25989],[-97.73427,30.25632],[-97.73031,30.25492],[-97.73139,30.25254],[-97.73247,30.25273],[-97.73409,30.25243],[-97.73468,30.25245],[-97.73489,30.25223],[-97.73549,30.25242],[-97.73567,30.25321],[-97.73008,30.2653],[-97.72176,30.26243],[-97.71776,30.2615],[-97.71373,30.26089],[-97.71426,30.25975],[-97.71231,30.25909],[-97.71161,30.2606],[-97.71373,30.26089],[-97.71275,30.26298],[-97.71161,30.26413],[-97.71018,30.26483],[-97.70998,30.26464],[-97.70819,30.26403],[-97.70837,30.26476],[-97.70903,30.26542],[-97.70486,30.27243],[-97.69791,30.27357],[-97.69763,30.27262]]]},"properties":{"id":"493","short":"493","name":"493-Eastview","color":"#004A97","type":3}},{"type":"Feature","geometry":{"type":"MultiLineString","coordinates":[[[-97.73346,30.35718],[-97.73375,30.35747],[-97.72322,30.35248],[-97.72332,30.35119],[-97.72302,30.34891],[-97.72527,30.34516],[-97.72533,30.34447],[-97.72503,30.34322],[-97.72529,30.34236],[-97.7303,30.33445],[-97.73064,30.33361],[-97.73089,30.33224],[-97.73123,30.33146],[-97.7376,30.32142],[-97.73571,30.32053],[-97.73682,30.31879],[-97.73489,30.31787],[-97.73665,30.31515],[-97.73667,30.31488],[-97.74018,30.3098],[-97.74695,30.29905],[-97.74832,30.29829],[-97.74881,30.29755],[-97.74895,30.29683],[-97.74882,30.29615],[-97.74709,30.29343],[-97.74707,30.29273],[-97.74729,30.2924],[-97.74766,30.29215],[-97.75038,30.29162],[-97.75077,30.29144],[-97.75217,30.28976],[-97.75267,30.28888],[-97.75318,30.2867],[-97.75319,30.28552],[-97.7527,30.28443],[-97.75208,30.28357],[-97.7511,30.28255],[-97.75069,30.28174],[-97.75055,30.28068],[-97.75074,30.27857],[-97.75157,30.2765],[-97.75458,30.27032],[-97.75281,30.26968],[-97.75092,30.26934],[-97.74664,30.26813],[-97.74798,30.26454],[-97.74795,30.26432],[-97.74708,30.26405],[-97.74684,30.26431],[-97.74486,30.26966],[-97.739,30.26803],[-97.7372,30.27281],[-97.73332,30.27178],[-97.73165,30.2719],[-97.68719,30.27893],[-97.68681,30.27891],[-97.68505,30.27811],[-97.68245,30.27958],[-97.68079,30.27984],[-97.68028,30.27857],[-97.6796,30.27787],[-97.67905,30.27635],[-97.67825,30.27654],[-97.676,30.27622],[-97.67153,30.28305],[-97.67144,30.28347],[-97.67161,30.28399],[-97.67083,30.28433],[-97.66944,30.28632],[-97.66604,30.28575],[-97.66831,30.27613],[-97.66853,30.27603],[-97.66884,30.27608],[-97.66945,30.27634]],[[-97.66973,30.2766],[-97.66995,30.2766],[-97.67135,30.27736],[-97.67159,30.27763],[-97.67181,30.27824],[-97.67393,30.2794],[-97.676,30.27622],[-97.67825,30.27654],[-97.67905,30.27635],[-97.6796,30.27787],[-97.68028,30.27857],[-97.68079,30.27984],[-97.68245,30.27958],[-97.68505,30.27811],[-97.68681,30.27891],[-97.68719,30.27893],[-97.7319,30.27187],[-97.73321,30.27188],[-97.73821,30.27326],[-97.73973,30.26926],[-97.74559,30.27092],[-97.74798,30.26454],[-97.74795,30.26432],[-97.75022,30.26501],[-97.74843,30.26962],[-97.75096,30.27036],[-97.754,30.27156],[-97.75097,30.27786],[-97.75065,30.2788],[-97.75036,30.28059],[-97.75096,30.28232],[-97.75235,30.28391],[-97.75313,30.28525],[-97.75321,30.28646],[-97.75278,30.28854],[-97.75217,30.28976],[-97.75077,30.29144],[-97.75038,30.29162],[-97.74766,30.29215],[-97.74729,30.2924],[-97.74707,30.29273],[-97.74709,30.29343],[-97.74882,30.29615],[-97.74895,30.29683],[-97.74881,30.29755],[-97.74832,30.29829],[-97.74695,30.29905],[-97.74007,30.30997],[-97.73652,30.31483],[-97.73653,30.31529],[-97.73489,30.31787],[-97.73682,30.31879],[-97.73571,30.32053],[-97.7376,30.32142],[-97.73123,30.33146],[-97.73089,30.33224],[-97.73064,30.33361],[-97.7303,30.33445],[-97.72529,30.34236],[-97.72503,30.34322],[-97.72533,30.34447],[-97.72527,30.34516],[-97.72302,30.34891],[-97.72332,30.35119],[-97.72322,30.35248],[-97.7309,30.35614],[-97.7314,30.35513],[-97.73324,30.35226],[-97.73552,30.3534],[-97.73589,30.35398],[-97.73649,30.35572],[-97.73661,30.35626],[-97.73649,30.35683],[-97.73555,30.3583],[-97.73375,30.35747]]]},"properties":{"id":"5","short":"5","name":"5-Woodrow/Lamar","color":"#004A97","type":3}},{"type":"Feature","geometry":{"type":"MultiLineString","coordinates":[[[-97.66391,30.48545],[-97.66363,30.48537],[-97.66441,30.48539],[-97.6651,30.48561],[-97.66674,30.48678],[-97.66737,30.4871],[-97.66828,30.48709],[-97.67098,30.48624],[-97.67156,30.48615],[-97.67272,30.48658],[-97.67351,30.48722],[-97.67417,30.48883],[-97.67554,30.49146],[-97.67604,30.49948],[-97.67629,30.5014],[-97.67682,30.50329],[-97.67882,30.50861],[-97.68157,30.5078],[-97.68103,30.50718],[-97.68057,30.50705],[-97.68095,30.50798],[-97.67143,30.51067],[-97.6721,30.51249],[-97.67208,30.51291],[-97.67094,30.5168],[-97.67074,30.51799],[-97.67031,30.51833],[-97.66049,30.5172],[-97.6554,30.51787],[-97.65561,30.51937],[-97.65559,30.52103],[-97.65841,30.52106],[-97.65919,30.52128],[-97.65983,30.52097],[-97.66275,30.52093],[-97.66686,30.52186],[-97.66781,30.52186],[-97.668,30.5362],[-97.66814,30.53811],[-97.66854,30.53942],[-97.66876,30.53989],[-97.66914,30.54028],[-97.67169,30.54139],[-97.6725,30.54203],[-97.67286,30.54257],[-97.67507,30.5479],[-97.68043,30.56164],[-97.68061,30.56253],[-97.68056,30.56401],[-97.68151,30.56423],[-97.6823,30.56494],[-97.68279,30.5657],[-97.68316,30.56661],[-97.68329,30.56774],[-97.6835,30.56826],[-97.68388,30.56866],[-97.68446,30.56898],[-97.6854,30.5691],[-97.68678,30.56884],[-97.68662,30.56656],[-97.68737,30.56348],[-97.68715,30.56163],[-97.68638,30.55984],[-97.67586,30.56291],[-97.67485,30.56336],[-97.67309,30.56455],[-97.67189,30.5651],[-97.65492,30.5702],[-97.65341,30.57134],[-97.65272,30.57072],[-97.65238,30.57005],[-97.65234,30.56928],[-97.65287,30.56756],[-97.65284,30.56691],[-97.65264,30.56645],[-97.65237,30.5659],[-97.65177,30.56525],[-97.64996,30.56382],[-97.64961,30.56315],[-97.64931,30.55853],[-97.65067,30.55844],[-97.6521,30.55804],[-97.65376,30.56101],[-97.65433,30.5618],[-97.65723,30.56445],[-97.65774,30.56509],[-97.65849,30.56688]],[[-97.65849,30.56688],[-97.65934,30.56885],[-97.67189,30.5651],[-97.67309,30.56455],[-97.67485,30.56336],[-97.67586,30.56291],[-97.68638,30.55984],[-97.68707,30.56185],[-97.68722,30.56345],[-97.6871,30.56443],[-97.68649,30.56655],[-97.68662,30.56873],[-97.68526,30.56898],[-97.68455,30.56888],[-97.68405,30.56862],[-97.68356,30.56808],[-97.68338,30.56772],[-97.68332,30.56689],[-97.683,30.56596],[-97.68221,30.56463],[-97.6816,30.56413],[-97.68072,30.56386],[-97.68076,30.56261],[-97.6805,30.56173],[-97.67815,30.55597],[-97.67507,30.5479],[-97.67274,30.54235],[-97.67169,30.54139],[-97.66932,30.54041],[-97.66863,30.53966],[-97.66814,30.53811],[-97.668,30.5362],[-97.66781,30.52186],[-97.66686,30.52186],[-97.66275,30.52093],[-97.65983,30.52097],[-97.65919,30.52128],[-97.65841,30.52106],[-97.65559,30.52103],[-97.6557,30.5192],[-97.65562,30.51807],[-97.66085,30.51724],[-97.67068,30.51837],[-97.67094,30.5168],[-97.67208,30.51291],[-97.6721,30.51249],[-97.67158,30.51099],[-97.67175,30.51058],[-97.68157,30.5078],[-97.68103,30.50718],[-97.68057,30.50705],[-97.68095,30.50798],[-97.67882,30.50861],[-97.67682,30.50329],[-97.67629,30.5014],[-97.67604,30.49948],[-97.67554,30.49146],[-97.67417,30.48883],[-97.67351,30.48722],[-97.67272,30.48658],[-97.67156,30.48615],[-97.67098,30.48624],[-97.66828,30.48709],[-97.66737,30.4871],[-97.66674,30.48678],[-97.6651,30.48561],[-97.66441,30.48539],[-97.66363,30.48537]]]},"properties":{"id":"50","short":"50","name":"50-Round Rock Techridge","color":"#004A97","type":3}},{"type":"Feature","geometry":{"type":"MultiLineString","coordinates":[[[-97.73845,30.26484],[-97.73994,30.26519],[-97.73599,30.26404],[-97.7335,30.2639],[-97.73032,30.26283],[-97.72817,30.26243],[-97.71843,30.25917],[-97.7178,30.25912],[-97.71714,30.25932],[-97.71673,30.25965],[-97.71613,30.26045],[-97.71504,30.26111],[-97.71419,30.26179],[-97.71362,30.26242],[-97.71325,30.26309],[-97.71306,30.26405],[-97.71322,30.265],[-97.71371,30.2659],[-97.71508,30.26742],[-97.71531,30.26814],[-97.71524,30.26887],[-97.71475,30.26981],[-97.71283,30.2713],[-97.71233,30.27195],[-97.70866,30.28093],[-97.70853,30.28432],[-97.70866,30.28511],[-97.70893,30.28575],[-97.70955,30.28651],[-97.71217,30.28827],[-97.71438,30.2901],[-97.71468,30.29062],[-97.71627,30.29484],[-97.71666,30.29621],[-97.71673,30.29795],[-97.71547,30.31441],[-97.71642,30.32657],[-97.71603,30.32988],[-97.71605,30.33077],[-97.71656,30.33238],[-97.71998,30.33907],[-97.72038,30.34007],[-97.72245,30.35017],[-97.7226,30.35178],[-97.72174,30.35824],[-97.72194,30.35926],[-97.72338,30.36256],[-97.72363,30.36347],[-97.72389,30.37148],[-97.72338,30.37313],[-97.71955,30.38029],[-97.71564,30.39564],[-97.71499,30.39732],[-97.7134,30.40045],[-97.7109,30.4029],[-97.71024,30.40395],[-97.71004,30.40487],[-97.71005,30.40802],[-97.71066,30.41118],[-97.71036,30.41531],[-97.70974,30.41654],[-97.70493,30.42163],[-97.70422,30.42273],[-97.70043,30.43439],[-97.70005,30.43682],[-97.70024,30.43794],[-97.70067,30.43876],[-97.70119,30.43939],[-97.70252,30.44082],[-97.70335,30.44142],[-97.70481,30.44212],[-97.71153,30.44479],[-97.71583,30.44702],[-97.71746,30.44833],[-97.71798,30.44891],[-97.72099,30.45357],[-97.72128,30.45495],[-97.72077,30.4581],[-97.71974,30.47083],[-97.71999,30.47181],[-97.72052,30.47268],[-97.72208,30.47431],[-97.72306,30.47505],[-97.72425,30.4755],[-97.72904,30.47657],[-97.73042,30.47685],[-97.73153,30.4769],[-97.73735,30.47657],[-97.74389,30.47465],[-97.74896,30.47405],[-97.75075,30.47404],[-97.75305,30.4745],[-97.76587,30.479],[-97.76754,30.4794],[-97.76962,30.47951],[-97.7814,30.47883],[-97.78267,30.47892],[-97.78395,30.47923],[-97.78474,30.47952],[-97.78555,30.48],[-97.78708,30.48165],[-97.78753,30.48253],[-97.78766,30.48383],[-97.78698,30.49057],[-97.78706,30.49844],[-97.78679,30.49971],[-97.78641,30.50066],[-97.78578,30.50171],[-97.78456,30.5033],[-97.78402,30.50438],[-97.78388,30.50517],[-97.78394,30.50566],[-97.78414,30.50613],[-97.78469,30.50671],[-97.78575,30.50713],[-97.78913,30.50735],[-97.7939,30.50707],[-97.79842,30.50562],[-97.79956,30.50496],[-97.80216,30.50312],[-97.80315,30.5027],[-97.80439,30.5025],[-97.81633,30.50428],[-97.81811,30.50493],[-97.81939,30.50587],[-97.81996,30.50652],[-97.82369,30.51189],[-97.82439,30.5131],[-97.83203,30.5342],[-97.84418,30.55875],[-97.85594,30.58694],[-97.85574,30.5864]],[[-97.85574,30.5864],[-97.85594,30.58694],[-97.84418,30.55875],[-97.83203,30.5342],[-97.82439,30.5131],[-97.82369,30.51189],[-97.81996,30.50652],[-97.81939,30.50587],[-97.81811,30.50493],[-97.81633,30.50428],[-97.80439,30.5025],[-97.80315,30.5027],[-97.80216,30.50312],[-97.79956,30.50496],[-97.79842,30.50562],[-97.7939,30.50707],[-97.78913,30.50735],[-97.78575,30.50713],[-97.78469,30.50671],[-97.78414,30.50613],[-97.78394,30.50566],[-97.78388,30.50517],[-97.78402,30.50438],[-97.78456,30.5033],[-97.78578,30.50171],[-97.78641,30.50066],[-97.78679,30.49971],[-97.78706,30.49844],[-97.78698,30.49057],[-97.78766,30.48383],[-97.78753,30.48253],[-97.78708,30.48165],[-97.78555,30.48],[-97.78474,30.47952],[-97.78395,30.47923],[-97.78267,30.47892],[-97.7814,30.47883],[-97.76962,30.47951],[-97.76754,30.4794],[-97.76587,30.479],[-97.75305,30.4745],[-97.75075,30.47404],[-97.74896,30.47405],[-97.74389,30.47465],[-97.73735,30.47657],[-97.73153,30.4769],[-97.73042,30.47685],[-97.72904,30.47657],[-97.72425,30.4755],[-97.72306,30.47505],[-97.72208,30.47431],[-97.72052,30.47268],[-97.71999,30.47181],[-97.71974,30.47083],[-97.72077,30.4581],[-97.72128,30.45495],[-97.72099,30.45357],[-97.71798,30.44891],[-97.71746,30.44833],[-97.71583,30.44702],[-97.71153,30.44479],[-97.70481,30.44212],[-97.70335,30.44142],[-97.70252,30.44082],[-97.70119,30.43939],[-97.70067,30.43876],[-97.70024,30.43794],[-97.70005,30.43682],[-97.70043,30.43439],[-97.70422,30.42273],[-97.70493,30.42163],[-97.70974,30.41654],[-97.71036,30.41531],[-97.71066,30.41118],[-97.71005,30.40802],[-97.71004,30.40487],[-97.71024,30.40395],[-97.7109,30.4029],[-97.7134,30.40045],[-97.71499,30.39732],[-97.71564,30.39564],[-97.71955,30.38029],[-97.72338,30.37313],[-97.72389,30.37148],[-97.72363,30.36347],[-97.72338,30.36256],[-97.72194,30.35926],[-97.72174,30.35824],[-97.7226,30.35178],[-97.72245,30.35017],[-97.72038,30.34007],[-97.71998,30.33907],[-97.71656,30.33238],[-97.71605,30.33077],[-97.71603,30.32988],[-97.71642,30.32657],[-97.71547,30.31441],[-97.71673,30.29795],[-97.71666,30.29621],[-97.71627,30.29484],[-97.71468,30.29062],[-97.71438,30.2901],[-97.71217,30.28827],[-97.70955,30.28651],[-97.70893,30.28575],[-97.70866,30.28511],[-97.70853,30.28432],[-97.70866,30.28093],[-97.71233,30.27195],[-97.71283,30.2713],[-97.71475,30.26981],[-97.71524,30.26887],[-97.71531,30.26814],[-97.71508,30.26742],[-97.71371,30.2659],[-97.71322,30.265],[-97.71306,30.26405],[-97.71325,30.26309],[-97.71362,30.26242],[-97.71419,30.26179],[-97.71504,30.26111],[-97.71613,30.26045],[-97.71673,30.25965],[-97.71714,30.25932],[-97.7178,30.25912],[-97.71843,30.25917],[-97.72817,30.26243],[-97.73032,30.26283],[-97.7335,30.2639],[-97.73599,30.26404],[-97.73994,30.26519],[-97.73845,30.26484]]]},"properties":{"id":"550","short":"550","name":"550-Metro Rail Red Line","color":"#E2231A","type":0}},{"type":"Feature","geometry":{"type":"MultiLineString","coordinates":[[[-97.74113,30.28384],[-97.74108,30.28375],[-97.74192,30.28381],[-97.74141,30.28979],[-97.73461,30.28931],[-97.73445,30.28859],[-97.73356,30.28735],[-97.73355,30.28608],[-97.73372,30.28523],[-97.7316,30.28498]],[[-97.7316,30.28498],[-97.73073,30.28494],[-97.731,30.2839],[-97.72707,30.28302],[-97.72603,30.28314],[-97.72548,30.28062]]]},"properties":{"id":"640","short":"640","name":"640-Forty Acres","color":"#004A97","type":3}},{"type":"Feature","geometry":{"type":"MultiLineString","coordinates":[[[-97.73344,30.28603],[-97.73355,30.28608],[-97.73361,30.28752],[-97.73445,30.28859],[-97.73461,30.28931],[-97.7391,30.28966],[-97.7389,30.29181],[-97.74275,30.29202],[-97.74287,30.29056],[-97.74756,30.29087],[-97.74808,30.28544],[-97.74182,30.28498],[-97.74208,30.28218],[-97.74193,30.28172],[-97.73455,30.27963],[-97.73439,30.2801],[-97.73372,30.28063],[-97.73329,30.28133],[-97.73335,30.28198],[-97.73393,30.28295],[-97.73405,30.28341],[-97.73355,30.28608]]]},"properties":{"id":"642","short":"642","name":"642-West Campus/UT","color":"#004A97","type":3}},{"type":"Feature","geometry":{"type":"MultiLineString","coordinates":[[[-97.72913,30.31653],[-97.72847,30.31765],[-97.73088,30.31874],[-97.73226,30.31666],[-97.73265,30.31181],[-97.73299,30.31085],[-97.72842,30.30864],[-97.73683,30.29537],[-97.73655,30.29498],[-97.73523,30.2939],[-97.73632,30.29288],[-97.73656,30.29246],[-97.73679,30.28949],[-97.73574,30.28941]],[[-97.73537,30.28924],[-97.7353,30.28937],[-97.73461,30.28931],[-97.73449,30.29005],[-97.73474,30.29098],[-97.73576,30.29213],[-97.73598,30.29269],[-97.73602,30.29316],[-97.73523,30.2939],[-97.73655,30.29498],[-97.73683,30.29537],[-97.72842,30.30864],[-97.73299,30.31085],[-97.72938,30.31628]]]},"properties":{"id":"656","short":"656","name":"656-Intramural Fields/UT","color":"#004A97","type":3}},{"type":"Feature","geometry":{"type":"MultiLineString","coordinates":[[[-97.75666,30.35159],[-97.75737,30.35268],[-97.75797,30.35298],[-97.75618,30.35575],[-97.75475,30.35721],[-97.7545,30.35802],[-97.754,30.3589],[-97.7525,30.35824],[-97.75077,30.35834],[-97.75074,30.35727],[-97.75316,30.35337],[-97.75086,30.35226],[-97.74998,30.35195],[-97.7497,30.35158],[-97.75027,30.34858],[-97.75093,30.34666],[-97.75385,30.34068],[-97.75546,30.33812],[-97.75601,30.33659],[-97.75586,30.33319],[-97.7562,30.3199],[-97.75698,30.31358],[-97.75779,30.30905],[-97.7579,30.30863],[-97.75819,30.30824],[-97.75859,30.3082],[-97.75894,30.30853],[-97.75887,30.3089],[-97.75825,30.30913],[-97.75462,30.30857],[-97.7527,30.30811],[-97.75161,30.30776],[-97.75074,30.30722],[-97.75035,30.30712],[-97.74853,30.30726],[-97.74693,30.30692],[-97.73951,30.30353],[-97.73816,30.30275],[-97.74279,30.29542],[-97.74277,30.29513],[-97.74124,30.29216],[-97.74141,30.28979],[-97.73944,30.28968]],[[-97.73959,30.28955],[-97.73944,30.28968],[-97.73797,30.28959],[-97.73775,30.2917],[-97.7412,30.29196],[-97.74277,30.29513],[-97.74279,30.29542],[-97.73816,30.30275],[-97.73951,30.30353],[-97.74636,30.30668],[-97.74775,30.3072],[-97.7487,30.30737],[-97.75023,30.3071],[-97.75074,30.30722],[-97.75203,30.30792],[-97.75462,30.30857],[-97.75587,30.30877],[-97.75618,30.30838],[-97.7565,30.30828],[-97.75682,30.30836],[-97.757,30.30859],[-97.75693,30.31058],[-97.75572,30.3206],[-97.75543,30.33433],[-97.75525,30.33667],[-97.75449,30.33871],[-97.75184,30.34377],[-97.74909,30.34975],[-97.74837,30.35161],[-97.7505,30.35221],[-97.7531,30.35345],[-97.75486,30.35054],[-97.75549,30.34985],[-97.75664,30.35144]]]},"properties":{"id":"661","short":"661","name":"661-Far West/UT","color":"#004A97","type":3}},{"type":"Feature","geometry":{"type":"MultiLineString","coordinates":[[[-97.78334,30.28895],[-97.78222,30.28731],[-97.78103,30.28772],[-97.78023,30.28782],[-97.77765,30.28444],[-97.77407,30.27928],[-97.77236,30.27795],[-97.77102,30.27732],[-97.76721,30.27628],[-97.76552,30.27539],[-97.76332,30.27375],[-97.75999,30.27235],[-97.75315,30.26978],[-97.75092,30.26934],[-97.74556,30.26778],[-97.74053,30.28133],[-97.73978,30.28113],[-97.73956,30.28362],[-97.74108,30.28375]],[[-97.7409,30.28383],[-97.74108,30.28375],[-97.74192,30.28381],[-97.74208,30.28218],[-97.74181,30.28139],[-97.74183,30.2811],[-97.7463,30.26902],[-97.75096,30.27036],[-97.7623,30.27468],[-97.76624,30.27676],[-97.76674,30.27683],[-97.76752,30.27667],[-97.76802,30.27671],[-97.77148,30.27752],[-97.77236,30.27795],[-97.77407,30.27928],[-97.77765,30.28444],[-97.78197,30.2901],[-97.78271,30.28968],[-97.78359,30.28984],[-97.78325,30.28889]]]},"properties":{"id":"663","short":"663","name":"663-Lake Austin/UT","color":"#004A97","type":3}},{"type":"Feature","geometry":{"type":"MultiLineString","coordinates":[[[-97.7135,30.23737],[-97.71354,30.23756],[-97.71323,30.23765],[-97.71323,30.23795],[-97.71335,30.23806],[-97.7135,30.23793],[-97.71322,30.23776],[-97.71323,30.23765],[-97.71354,30.23756],[-97.71365,30.23706],[-97.71404,30.23669],[-97.71458,30.23543],[-97.7158,30.23367],[-97.71692,30.23269],[-97.71748,30.23171],[-97.72034,30.23244],[-97.71958,30.23473],[-97.7181,30.23616],[-97.71718,30.23754],[-97.72504,30.24138],[-97.72579,30.24142],[-97.72619,30.24162],[-97.72704,30.24034],[-97.73079,30.24541],[-97.73349,30.24753],[-97.73468,30.248],[-97.73518,30.24876],[-97.73597,30.25246],[-97.73675,30.255],[-97.73705,30.257],[-97.73693,30.25888],[-97.73573,30.26258],[-97.73231,30.27184],[-97.73111,30.2741],[-97.73045,30.27605],[-97.72909,30.27854],[-97.7298,30.27849],[-97.73094,30.27864],[-97.73455,30.27963],[-97.73439,30.2801],[-97.73372,30.28063],[-97.73329,30.28133],[-97.73335,30.28198],[-97.73393,30.28295],[-97.73405,30.28341],[-97.73372,30.28523],[-97.7328,30.28515]],[[-97.73262,30.28507],[-97.7328,30.28515],[-97.73073,30.28494],[-97.73149,30.28233],[-97.73165,30.28124],[-97.73181,30.28127],[-97.7339,30.27534],[-97.73177,30.27478],[-97.73252,30.27167],[-97.73536,30.26398],[-97.73678,30.26058],[-97.73711,30.25951],[-97.73726,30.25843],[-97.73709,30.25496],[-97.73577,30.24796],[-97.7337,30.24744],[-97.73112,30.24547],[-97.72712,30.24021],[-97.72619,30.24162],[-97.72579,30.24142],[-97.72504,30.24138],[-97.71718,30.23754],[-97.7181,30.23616],[-97.71958,30.23473],[-97.7204,30.23231],[-97.7174,30.23155],[-97.71694,30.23248],[-97.71574,30.23355],[-97.71461,30.23513],[-97.71401,30.23622],[-97.71394,30.23676],[-97.71357,30.23722]]]},"properties":{"id":"670","short":"670","name":"670-North Riverside","color":"#004A97","type":3}},{"type":"Feature","geometry":{"type":"MultiLineString","coordinates":[[[-97.72423,30.24094],[-97.72444,30.24113],[-97.71958,30.23877],[-97.7141,30.24743],[-97.71381,30.24823],[-97.71322,30.25202],[-97.70947,30.2601],[-97.7082,30.26392],[-97.7082,30.26427],[-97.70858,30.26507],[-97.71029,30.26638],[-97.71092,30.26711],[-97.71343,30.27255],[-97.71421,30.27324],[-97.71537,30.27366],[-97.71587,30.2741],[-97.71728,30.28044],[-97.72513,30.27905],[-97.72955,30.27849],[-97.73094,30.27864],[-97.73455,30.27963],[-97.73439,30.2801],[-97.73372,30.28063],[-97.73329,30.28133],[-97.73335,30.28198],[-97.73393,30.28295],[-97.73405,30.28341],[-97.73372,30.28523],[-97.73199,30.28508]],[[-97.73181,30.285],[-97.73199,30.28508],[-97.73073,30.28494],[-97.73149,30.28233],[-97.73165,30.28124],[-97.73181,30.28127],[-97.7339,30.27534],[-97.73177,30.27478],[-97.73252,30.27167],[-97.73711,30.25951],[-97.73727,30.25754],[-97.73709,30.25496],[-97.73577,30.24796],[-97.7337,30.24744],[-97.73112,30.24547],[-97.72712,30.24021],[-97.72619,30.24162],[-97.72579,30.24142],[-97.72524,30.24143],[-97.72468,30.24125]]]},"properties":{"id":"672","short":"672","name":"672-Lakeshore","color":"#004A97","type":3}},{"type":"Feature","geometry":{"type":"MultiLineString","coordinates":[[[-97.76759,30.18995],[-97.76739,30.19003],[-97.76791,30.18911],[-97.75914,30.18647],[-97.7571,30.18543],[-97.7564,30.18484],[-97.75445,30.18369],[-97.7516,30.18148],[-97.74878,30.18026],[-97.74685,30.17957],[-97.74661,30.18099],[-97.74488,30.18375],[-97.74481,30.1841],[-97.74501,30.18488],[-97.74619,30.18616],[-97.74634,30.18689],[-97.74529,30.18905],[-97.74482,30.19047],[-97.74456,30.1924],[-97.74473,30.19574],[-97.74449,30.19649],[-97.74406,30.19699],[-97.7468,30.19829],[-97.7484,30.19974],[-97.75061,30.20089],[-97.75394,30.20326],[-97.74725,30.21376],[-97.74701,30.21389],[-97.74673,30.21386],[-97.74539,30.21322],[-97.74418,30.21527],[-97.74378,30.21879],[-97.74394,30.21962],[-97.7429,30.22013],[-97.74229,30.22083],[-97.74213,30.22218],[-97.74225,30.22455],[-97.73936,30.22907],[-97.7384,30.22998],[-97.73693,30.2323],[-97.73522,30.23115],[-97.73369,30.23094],[-97.73343,30.23159],[-97.73223,30.23274],[-97.73184,30.2337],[-97.73112,30.23425],[-97.72883,30.23542],[-97.72761,30.23738],[-97.72757,30.23767],[-97.72792,30.23853],[-97.72791,30.23879],[-97.72704,30.24034],[-97.73084,30.24546],[-97.73354,30.24756],[-97.73605,30.24819],[-97.73786,30.24959],[-97.73984,30.25029],[-97.74018,30.2505],[-97.74117,30.25178],[-97.74379,30.25351],[-97.74462,30.25477],[-97.74649,30.25681],[-97.74849,30.25868],[-97.74934,30.25971],[-97.74872,30.26096],[-97.74771,30.26365],[-97.74686,30.26426],[-97.74486,30.26966],[-97.739,30.26803],[-97.73503,30.27862],[-97.73469,30.27914],[-97.73439,30.2801],[-97.73372,30.28063],[-97.73329,30.28133],[-97.73335,30.28198],[-97.73393,30.28295],[-97.73405,30.28341],[-97.73355,30.28608],[-97.73356,30.28735],[-97.73453,30.28878],[-97.73461,30.28931],[-97.73446,30.29061],[-97.73464,30.29112],[-97.7261,30.30467],[-97.71635,30.31975],[-97.71899,30.32102],[-97.7186,30.32192],[-97.71437,30.31996],[-97.71245,30.31988],[-97.71257,30.32046],[-97.71289,30.32098],[-97.71423,30.32203],[-97.71502,30.32287],[-97.71549,30.32361],[-97.71591,30.32474],[-97.71608,30.32702],[-97.71567,30.32996],[-97.71567,30.33095],[-97.71609,30.3323],[-97.71852,30.33715],[-97.71858,30.33802],[-97.71785,30.33939],[-97.71932,30.34008],[-97.71979,30.33934],[-97.71955,30.33872]],[[-97.71955,30.33872],[-97.71908,30.33855],[-97.7184,30.33966],[-97.71785,30.33939],[-97.71895,30.3378],[-97.71852,30.33715],[-97.71613,30.33239],[-97.71572,30.33128],[-97.71563,30.33038],[-97.71608,30.32702],[-97.71591,30.32474],[-97.71529,30.32326],[-97.71481,30.32262],[-97.71353,30.32135],[-97.71348,30.32095],[-97.71376,30.32073],[-97.71437,30.32057],[-97.71496,30.3205],[-97.71581,30.32061],[-97.71855,30.322],[-97.7186,30.32192],[-97.71899,30.32102],[-97.71635,30.31975],[-97.7261,30.30467],[-97.73464,30.29112],[-97.73446,30.29061],[-97.73461,30.28931],[-97.73453,30.28878],[-97.73356,30.28735],[-97.73355,30.28608],[-97.73405,30.28341],[-97.73393,30.28295],[-97.73329,30.28179],[-97.73341,30.28103],[-97.73372,30.28063],[-97.73426,30.28037],[-97.73544,30.2802],[-97.73573,30.27997],[-97.73973,30.26926],[-97.74559,30.27092],[-97.74798,30.26454],[-97.74771,30.26365],[-97.74872,30.26096],[-97.74934,30.25971],[-97.74849,30.25868],[-97.74649,30.25681],[-97.74462,30.25477],[-97.74379,30.25351],[-97.74315,30.25294],[-97.74132,30.25179],[-97.74036,30.25055],[-97.73957,30.25009],[-97.73757,30.24926],[-97.73624,30.24812],[-97.7337,30.24744],[-97.73112,30.24547],[-97.72712,30.24021],[-97.72791,30.23879],[-97.72792,30.23853],[-97.72757,30.23767],[-97.72761,30.23738],[-97.72883,30.23542],[-97.73112,30.23425],[-97.73184,30.2337],[-97.73223,30.23274],[-97.73343,30.23159],[-97.73369,30.23094],[-97.73522,30.23115],[-97.73693,30.2323],[-97.7384,30.22998],[-97.73963,30.2287],[-97.74225,30.22455],[-97.74213,30.22218],[-97.74229,30.22083],[-97.7429,30.22013],[-97.74394,30.21962],[-97.74378,30.21879],[-97.74418,30.21527],[-97.74539,30.21322],[-97.74673,30.21386],[-97.74701,30.21389],[-97.74725,30.21376],[-97.75394,30.20326],[-97.75061,30.20089],[-97.7484,30.19974],[-97.7468,30.19829],[-97.74462,30.19722],[-97.74429,30.19696],[-97.74468,30.19634],[-97.74484,30.19579],[-97.74468,30.19242],[-97.74491,30.19061],[-97.74531,30.1893],[-97.74637,30.18723],[-97.74646,30.18677],[-97.74621,30.18599],[-97.74508,30.18484],[-97.74496,30.18397],[-97.74659,30.1812],[-97.74697,30.18005],[-97.74725,30.17995],[-97.74824,30.18019],[-97.75137,30.18152],[-97.75347,30.18303],[-97.75426,30.18374],[-97.75616,30.18486],[-97.75696,30.18551],[-97.75924,30.18666],[-97.76835,30.18941],[-97.77007,30.19035],[-97.76723,30.19381],[-97.76565,30.19291],[-97.76513,30.19278],[-97.76529,30.19221],[-97.7657,30.19149],[-97.76759,30.18995]]]},"properties":{"id":"7","short":"7","name":"7-Duval / Dove Springs","color":"#004A97","type":3}},{"type":"Feature","geometry":{"type":"MultiLineString","coordinates":[[[-97.75901,30.15152],[-97.75911,30.15175],[-97.75732,30.15198],[-97.75644,30.15188],[-97.75535,30.15148],[-97.75422,30.15071],[-97.75261,30.14898],[-97.75148,30.14805],[-97.74416,30.1454],[-97.74309,30.14541],[-97.74048,30.14589],[-97.73953,30.14593],[-97.73596,30.14585],[-97.73181,30.14503],[-97.73005,30.14512],[-97.73179,30.15135],[-97.73189,30.15228],[-97.73171,30.15321],[-97.73118,30.15459],[-97.72583,30.16312],[-97.72648,30.16356],[-97.72803,30.16418],[-97.73282,30.16487],[-97.73668,30.1667],[-97.7379,30.16803],[-97.73902,30.17058],[-97.7396,30.17148],[-97.74284,30.17499],[-97.74582,30.1788],[-97.74683,30.17973],[-97.74661,30.18099],[-97.74488,30.18375],[-97.74481,30.1841],[-97.74494,30.18476],[-97.74619,30.18616],[-97.74635,30.18673],[-97.74626,30.18722],[-97.7452,30.18927],[-97.74473,30.1909],[-97.74456,30.1924],[-97.74471,30.19592],[-97.74449,30.19649],[-97.74408,30.19694],[-97.74236,30.20005],[-97.74215,30.20101],[-97.74215,30.20348],[-97.74189,30.20429],[-97.74058,30.20657],[-97.74026,30.20683],[-97.74035,30.20701],[-97.73515,30.21516],[-97.73378,30.21772],[-97.73367,30.21965],[-97.73441,30.22142],[-97.7359,30.23091],[-97.73587,30.23134],[-97.73574,30.23147],[-97.73496,30.23107],[-97.73341,30.23087],[-97.73158,30.23004],[-97.73012,30.22923],[-97.72877,30.22798],[-97.72769,30.22745],[-97.72417,30.23305],[-97.72369,30.23349],[-97.72248,30.23423],[-97.72204,30.23472],[-97.72162,30.23559],[-97.7141,30.24743],[-97.71381,30.24823],[-97.71322,30.25202],[-97.70947,30.2601],[-97.7082,30.26392],[-97.70833,30.26469],[-97.70858,30.26507],[-97.70903,30.26542],[-97.70486,30.27243],[-97.69791,30.27357],[-97.6985,30.27477],[-97.70034,30.27687],[-97.70638,30.28628],[-97.7022,30.287],[-97.70033,30.2882],[-97.69847,30.28913],[-97.69899,30.29144],[-97.69984,30.29303],[-97.70006,30.29397],[-97.70027,30.30079],[-97.70014,30.30154],[-97.69979,30.30232],[-97.70368,30.30417],[-97.70278,30.30573],[-97.69974,30.30435],[-97.69895,30.30385],[-97.69969,30.30279]],[[-97.69987,30.30269],[-97.69948,30.30314],[-97.70017,30.30196],[-97.70042,30.30105],[-97.70023,30.29391],[-97.70001,30.293],[-97.69922,30.2915],[-97.69861,30.28906],[-97.70033,30.2882],[-97.7022,30.287],[-97.70638,30.28628],[-97.70034,30.27687],[-97.6985,30.27477],[-97.69791,30.27357],[-97.70486,30.27243],[-97.70903,30.26542],[-97.70858,30.26507],[-97.70833,30.26469],[-97.7082,30.26392],[-97.70947,30.2601],[-97.71322,30.25202],[-97.71381,30.24823],[-97.7141,30.24743],[-97.72198,30.23496],[-97.72255,30.23437],[-97.72412,30.23327],[-97.72783,30.22752],[-97.72905,30.22817],[-97.73035,30.22939],[-97.73158,30.23004],[-97.73341,30.23087],[-97.73496,30.23107],[-97.73574,30.23147],[-97.73587,30.23134],[-97.7359,30.23091],[-97.73441,30.22142],[-97.73367,30.21965],[-97.73378,30.21772],[-97.73515,30.21516],[-97.74029,30.2071],[-97.74053,30.20696],[-97.74204,30.20432],[-97.74231,30.20329],[-97.74225,30.20124],[-97.74243,30.20021],[-97.74274,30.19949],[-97.74394,30.1974],[-97.74428,30.19704],[-97.74482,30.19594],[-97.74468,30.1931],[-97.7448,30.19115],[-97.74531,30.1893],[-97.74637,30.18723],[-97.74646,30.18677],[-97.74621,30.18599],[-97.74508,30.18484],[-97.74496,30.18397],[-97.74672,30.18094],[-97.74693,30.17962],[-97.74606,30.17887],[-97.74472,30.17729],[-97.74306,30.17503],[-97.73961,30.17123],[-97.73917,30.17053],[-97.73799,30.16787],[-97.73681,30.16659],[-97.7326,30.1648],[-97.72803,30.16418],[-97.72648,30.16356],[-97.72592,30.16322],[-97.73134,30.15459],[-97.73184,30.15329],[-97.73194,30.15251],[-97.73179,30.15135],[-97.73012,30.14538],[-97.73077,30.14524],[-97.73201,30.14526],[-97.73547,30.14602],[-97.73806,30.14612],[-97.74044,30.14613],[-97.74241,30.14572],[-97.74405,30.14563],[-97.74503,30.14587],[-97.75133,30.14825],[-97.7521,30.1488],[-97.75447,30.15123],[-97.75595,30.15194],[-97.75683,30.15216],[-97.75746,30.15219],[-97.76256,30.15178],[-97.76478,30.15187],[-97.76484,30.15169],[-97.76265,30.15154],[-97.75833,30.15192],[-97.75831,30.15165],[-97.75901,30.15152]]]},"properties":{"id":"800","short":"800","name":"800 PLEASANT VALLEY","color":"#555555","type":3}},{"type":"Feature","geometry":{"type":"MultiLineString","coordinates":[[[-97.79032,30.16288],[-97.79163,30.16341],[-97.79095,30.16714],[-97.78852,30.16705],[-97.78854,30.16816],[-97.78823,30.16902],[-97.78626,30.17077],[-97.78577,30.17145],[-97.77934,30.19176],[-97.77693,30.19765],[-97.77517,30.2039],[-97.77433,30.20612],[-97.77285,30.20889],[-97.76481,30.22152],[-97.76732,30.22256],[-97.76659,30.22372],[-97.76644,30.22372],[-97.76616,30.22355],[-97.76601,30.22328],[-97.76668,30.22226],[-97.76481,30.22152],[-97.76288,30.22472],[-97.76126,30.22796],[-97.75757,30.2339],[-97.75637,30.23551],[-97.75308,30.23932],[-97.75292,30.23966],[-97.75248,30.24203],[-97.74689,30.25716],[-97.74849,30.25868],[-97.74934,30.25971],[-97.74872,30.26096],[-97.74771,30.26365],[-97.74686,30.26426],[-97.74053,30.28133],[-97.74193,30.28172],[-97.74208,30.28218],[-97.7412,30.29196],[-97.74277,30.29513],[-97.74274,30.29554],[-97.73282,30.31115],[-97.73265,30.31181],[-97.73221,30.31616],[-97.73147,30.31781],[-97.7204,30.33539],[-97.71881,30.33762],[-97.71827,30.33874],[-97.71496,30.34397],[-97.71372,30.34527],[-97.71195,30.34774],[-97.71264,30.34861],[-97.71308,30.35017],[-97.71275,30.3503],[-97.71137,30.34999],[-97.71113,30.34966],[-97.71251,30.34838],[-97.71319,30.34743],[-97.71312,30.34754],[-97.71245,30.34699],[-97.7115,30.34852],[-97.70913,30.3508],[-97.70109,30.35667],[-97.70034,30.35737],[-97.6998,30.35819],[-97.68636,30.38195],[-97.6845,30.38555],[-97.67973,30.39724],[-97.67947,30.39842],[-97.67907,30.40275],[-97.67832,30.40733],[-97.67792,30.40774],[-97.67644,30.40787],[-97.67552,30.40814],[-97.67416,30.40796],[-97.67381,30.40823],[-97.67306,30.41109],[-97.67311,30.41423],[-97.67246,30.41776],[-97.67059,30.41766],[-97.66978,30.41737],[-97.66802,30.41536],[-97.66729,30.41493],[-97.66694,30.41585],[-97.66651,30.41785],[-97.66723,30.41801],[-97.66763,30.41835],[-97.66938,30.41864],[-97.66954,30.41854],[-97.66941,30.41844],[-97.66844,30.41832]],[[-97.66825,30.4182],[-97.66844,30.41832],[-97.66651,30.41785],[-97.66633,30.41893],[-97.66662,30.41999],[-97.66576,30.42189],[-97.67008,30.42401],[-97.67187,30.42457],[-97.67737,30.41441],[-97.67776,30.41295],[-97.67801,30.40944],[-97.67907,30.40275],[-97.67939,30.3991],[-97.67965,30.39753],[-97.67999,30.39646],[-97.6845,30.38555],[-97.68602,30.38256],[-97.70023,30.3575],[-97.70109,30.35667],[-97.70913,30.3508],[-97.7095,30.35069],[-97.71097,30.34981],[-97.71251,30.34838],[-97.71294,30.34783],[-97.71539,30.34326],[-97.71895,30.3378],[-97.73079,30.31887],[-97.73218,30.31688],[-97.73236,30.31598],[-97.73235,30.31494],[-97.73265,30.31181],[-97.73282,30.31115],[-97.74274,30.29554],[-97.74277,30.29513],[-97.7412,30.29196],[-97.74208,30.28218],[-97.74181,30.28117],[-97.74798,30.26454],[-97.74771,30.26365],[-97.74872,30.26096],[-97.74934,30.25971],[-97.74849,30.25868],[-97.74689,30.25716],[-97.75248,30.24203],[-97.75292,30.23966],[-97.75308,30.23932],[-97.75637,30.23551],[-97.75757,30.2339],[-97.76126,30.22796],[-97.76288,30.22472],[-97.76481,30.22152],[-97.76732,30.22256],[-97.76659,30.22372],[-97.76644,30.22372],[-97.76616,30.22355],[-97.76601,30.22328],[-97.76668,30.22226],[-97.76481,30.22152],[-97.77285,30.20889],[-97.77429,30.20621],[-97.77517,30.2039],[-97.77693,30.19765],[-97.77934,30.19176],[-97.78577,30.17145],[-97.78626,30.17077],[-97.78797,30.16934],[-97.78844,30.16859],[-97.78852,30.16705],[-97.78755,30.16702],[-97.78723,30.1669],[-97.78715,30.16666],[-97.78908,30.16221],[-97.79059,30.16292]]]},"properties":{"id":"801","short":"801","name":"801-N Lamar S Congress","color":"#555555","type":3}},{"type":"Feature","geometry":{"type":"MultiLineString","coordinates":[[[-97.7903,30.2309],[-97.7902,30.23137],[-97.79405,30.23321],[-97.79501,30.2338],[-97.7952,30.23415],[-97.79508,30.23454],[-97.79247,30.23616],[-97.79163,30.2368],[-97.79141,30.2371],[-97.78931,30.23866],[-97.77817,30.24653],[-97.77677,30.24704],[-97.77294,30.2476],[-97.76937,30.2486],[-97.76748,30.24939],[-97.76617,30.25025],[-97.76341,30.25305],[-97.76102,30.25674],[-97.75936,30.2583],[-97.75906,30.25895],[-97.75863,30.26068],[-97.75625,30.26659],[-97.75597,30.26722],[-97.75577,30.26738],[-97.75545,30.26737],[-97.75534,30.26707],[-97.75553,30.2664],[-97.75445,30.26626],[-97.74708,30.26405],[-97.74686,30.26426],[-97.74053,30.28133],[-97.74193,30.28172],[-97.74208,30.28218],[-97.7412,30.29196],[-97.74277,30.29513],[-97.74279,30.29542],[-97.73816,30.30275],[-97.73922,30.30339],[-97.74311,30.30518],[-97.74007,30.30997],[-97.73652,30.31483],[-97.73653,30.31529],[-97.73489,30.31787],[-97.73919,30.31984],[-97.74007,30.33283],[-97.73854,30.34297],[-97.73833,30.34381],[-97.7378,30.34497],[-97.7314,30.35513],[-97.7309,30.35614],[-97.72689,30.37124],[-97.72619,30.37338],[-97.72596,30.37518],[-97.72364,30.38555],[-97.72768,30.38688],[-97.72688,30.38879],[-97.72683,30.38957],[-97.72611,30.39139],[-97.72561,30.39225],[-97.72422,30.39168],[-97.72184,30.39112],[-97.71874,30.40019],[-97.71765,30.40232],[-97.71923,30.40279],[-97.72043,30.39977]],[[-97.72045,30.39985],[-97.7208,30.39875],[-97.71938,30.39833],[-97.72181,30.39123],[-97.72438,30.39185],[-97.72568,30.39244],[-97.72683,30.38957],[-97.72688,30.38879],[-97.72762,30.38715],[-97.72768,30.38688],[-97.72364,30.38555],[-97.72596,30.37518],[-97.72675,30.37241],[-97.72702,30.3707],[-97.73074,30.35655],[-97.7314,30.35513],[-97.7378,30.34497],[-97.73813,30.34434],[-97.73851,30.34313],[-97.74007,30.33283],[-97.73919,30.31984],[-97.73489,30.31787],[-97.73665,30.31515],[-97.73667,30.31488],[-97.74007,30.30997],[-97.74311,30.30518],[-97.73922,30.30339],[-97.73816,30.30275],[-97.74279,30.29542],[-97.74277,30.29513],[-97.7412,30.29196],[-97.74208,30.28218],[-97.74181,30.28117],[-97.74798,30.26454],[-97.74795,30.26432],[-97.75445,30.26626],[-97.75645,30.26658],[-97.75711,30.26695],[-97.7563,30.26778],[-97.75604,30.26789],[-97.75573,30.26777],[-97.75792,30.26275],[-97.75857,30.26098],[-97.75906,30.25895],[-97.7593,30.2584],[-97.76102,30.25674],[-97.76341,30.25305],[-97.76617,30.25025],[-97.76748,30.24939],[-97.76937,30.2486],[-97.77294,30.2476],[-97.77677,30.24704],[-97.77817,30.24653],[-97.79259,30.2363],[-97.79477,30.23529],[-97.79709,30.234],[-97.79563,30.23305],[-97.78891,30.22981],[-97.78865,30.2298],[-97.78838,30.23009],[-97.78841,30.2305],[-97.79078,30.23165],[-97.79118,30.2316],[-97.79132,30.23143],[-97.79058,30.23097]]]},"properties":{"id":"803","short":"803","name":"803-Burnet/S Lamar","color":"#555555","type":3}},{"type":"Feature","geometry":{"type":"MultiLineString","coordinates":[[[-97.74679,30.26805],[-97.74684,30.26819],[-97.74073,30.26643],[-97.74109,30.26551],[-97.74004,30.26523],[-97.73503,30.27862],[-97.73469,30.27914],[-97.73439,30.2801],[-97.73372,30.28063],[-97.73329,30.28133],[-97.73335,30.28198],[-97.73393,30.28295],[-97.73405,30.28341],[-97.73355,30.28608],[-97.73356,30.28735],[-97.73379,30.28778],[-97.73359,30.28922],[-97.73299,30.28911],[-97.73114,30.28919],[-97.72997,30.28892],[-97.72866,30.28795],[-97.7271,30.28722],[-97.72583,30.28687],[-97.72491,30.28648],[-97.7237,30.28584],[-97.72241,30.28493],[-97.72184,30.28438],[-97.72138,30.28415],[-97.72078,30.28404],[-97.7022,30.287],[-97.70033,30.2882],[-97.69847,30.28913],[-97.69899,30.29144],[-97.69978,30.29289],[-97.70001,30.2936],[-97.70017,30.29641],[-97.70024,30.30111],[-97.69999,30.30196],[-97.69895,30.30385],[-97.69774,30.30258],[-97.696,30.30179],[-97.69481,30.3015],[-97.69166,30.30138],[-97.69065,30.30112],[-97.6902,30.30082],[-97.68891,30.29912],[-97.68706,30.29815],[-97.68571,30.30038],[-97.6813,30.30455],[-97.67966,30.3071],[-97.67924,30.30751],[-97.67853,30.3078],[-97.67621,30.30804],[-97.67366,30.30795],[-97.67276,30.30806],[-97.66905,30.309],[-97.66803,30.30946],[-97.66714,30.31003],[-97.66648,30.31074],[-97.66138,30.31867],[-97.65883,30.31739],[-97.65842,30.31691],[-97.65799,30.31587],[-97.65745,30.31533],[-97.65042,30.31197],[-97.65224,30.30906],[-97.65254,30.30834],[-97.65277,30.30559],[-97.65297,30.30464],[-97.6532,30.30404],[-97.65397,30.30285],[-97.64421,30.29831],[-97.64066,30.29738],[-97.62818,30.29127],[-97.62799,30.29123],[-97.62602,30.29427],[-97.62403,30.29316],[-97.62449,30.29385],[-97.62523,30.29424]],[[-97.62501,30.29425],[-97.62523,30.29424],[-97.62523,30.29404],[-97.62403,30.29316],[-97.62602,30.29427],[-97.62799,30.29123],[-97.64059,30.29747],[-97.6443,30.29846],[-97.65392,30.30293],[-97.6532,30.30404],[-97.65297,30.30464],[-97.65277,30.30559],[-97.65254,30.30834],[-97.65224,30.30906],[-97.65042,30.31197],[-97.65745,30.31533],[-97.65799,30.31587],[-97.65842,30.31691],[-97.65883,30.31739],[-97.66138,30.31867],[-97.66614,30.31134],[-97.66721,30.3101],[-97.66833,30.30932],[-97.66905,30.309],[-97.67276,30.30806],[-97.67366,30.30795],[-97.67621,30.30804],[-97.67853,30.3078],[-97.67924,30.30751],[-97.67966,30.3071],[-97.6813,30.30455],[-97.68571,30.30038],[-97.68706,30.29815],[-97.68891,30.29912],[-97.6902,30.30082],[-97.69065,30.30112],[-97.6914,30.30135],[-97.69453,30.30147],[-97.69576,30.30171],[-97.69749,30.30241],[-97.69799,30.30277],[-97.69895,30.30385],[-97.69907,30.30378],[-97.70027,30.30168],[-97.70042,30.30105],[-97.70042,30.29967],[-97.70018,30.2936],[-97.69995,30.29286],[-97.69922,30.2915],[-97.69861,30.28906],[-97.70033,30.2882],[-97.7022,30.287],[-97.72061,30.28406],[-97.72164,30.28436],[-97.7227,30.28531],[-97.72413,30.28625],[-97.72544,30.28687],[-97.72701,30.28732],[-97.7286,30.28806],[-97.73004,30.2891],[-97.73116,30.28933],[-97.73359,30.28922],[-97.73379,30.28778],[-97.73356,30.28735],[-97.73355,30.28608],[-97.73405,30.28341],[-97.73393,30.28295],[-97.73335,30.28198],[-97.73329,30.28133],[-97.73372,30.28063],[-97.73438,30.28033],[-97.73544,30.2802],[-97.73573,30.27997],[-97.74109,30.26551],[-97.74916,30.26782],[-97.74875,30.26873],[-97.74684,30.26819]]]},"properties":{"id":"837","short":"837","name":"837-EXPO CENTER","color":"#555555","type":3}},{"type":"Feature","geometry":{"type":"MultiLineString","coordinates":[[[-97.73607,30.28929],[-97.73592,30.28943],[-97.73461,30.28931],[-97.73445,30.28859],[-97.73358,30.28743],[-97.73355,30.28608],[-97.73405,30.28341],[-97.73393,30.28295],[-97.73329,30.28179],[-97.73341,30.28103],[-97.73372,30.28063],[-97.73426,30.28037],[-97.73544,30.2802],[-97.73573,30.27997],[-97.73973,30.26926],[-97.74559,30.27092],[-97.74798,30.26454],[-97.74795,30.26432],[-97.75445,30.26626],[-97.75628,30.26651],[-97.75711,30.26695],[-97.75856,30.26807],[-97.76166,30.26945],[-97.76265,30.2703],[-97.76532,30.27336],[-97.76625,30.27468],[-97.7668,30.27567],[-97.76732,30.2771],[-97.76737,30.27821],[-97.76718,30.27918],[-97.76551,30.28256],[-97.76482,30.28425],[-97.76111,30.2898],[-97.76025,30.29136],[-97.7595,30.29327],[-97.7582,30.29812],[-97.75807,30.29942],[-97.75835,30.30264],[-97.75833,30.30382],[-97.75707,30.31016],[-97.75588,30.31988],[-97.75547,30.33548],[-97.75519,30.33712],[-97.75478,30.33824],[-97.75225,30.34316],[-97.74971,30.34882],[-97.7487,30.35233],[-97.74692,30.35496],[-97.74633,30.35611],[-97.74469,30.36101],[-97.74332,30.36443],[-97.74256,30.36783],[-97.74204,30.3694],[-97.73947,30.37596],[-97.73587,30.38378],[-97.73274,30.3956],[-97.73186,30.39771],[-97.73079,30.39949],[-97.72907,30.4016],[-97.72666,30.40385],[-97.72465,30.40532],[-97.72236,30.40663],[-97.72013,30.40759],[-97.71859,30.40798],[-97.7149,30.40858],[-97.7126,30.40933],[-97.71118,30.4101],[-97.71032,30.41072],[-97.70751,30.41334],[-97.70602,30.41532],[-97.70466,30.41829],[-97.70302,30.42208],[-97.70049,30.43008],[-97.70004,30.43041],[-97.68995,30.42818],[-97.68593,30.42756],[-97.68455,30.42759],[-97.68271,30.42809],[-97.6814,30.42826],[-97.68012,30.42814],[-97.67912,30.42786],[-97.67235,30.42457],[-97.67057,30.42401],[-97.66586,30.4217],[-97.66662,30.41999],[-97.66633,30.41893],[-97.66651,30.41785],[-97.66723,30.41801],[-97.66754,30.41832],[-97.6678,30.41836]],[[-97.66828,30.41844],[-97.66938,30.41864],[-97.66954,30.41854],[-97.66941,30.41844],[-97.66761,30.41818],[-97.66651,30.41785],[-97.66633,30.41893],[-97.66662,30.41999],[-97.66576,30.42189],[-97.67008,30.42401],[-97.67187,30.42457],[-97.67906,30.42807],[-97.68022,30.42838],[-97.68174,30.42843],[-97.68474,30.42774],[-97.68602,30.42776],[-97.69018,30.42842],[-97.69857,30.43022],[-97.70125,30.43093],[-97.70333,30.42359],[-97.70579,30.41647],[-97.70657,30.415],[-97.7079,30.41328],[-97.71031,30.41092],[-97.71159,30.41002],[-97.71254,30.40952],[-97.71487,30.40873],[-97.71845,30.40815],[-97.72008,30.40774],[-97.72206,30.40692],[-97.72437,30.40565],[-97.72672,30.404],[-97.72876,30.40215],[-97.73042,30.40026],[-97.73193,30.39792],[-97.7326,30.39645],[-97.73309,30.39499],[-97.73599,30.38393],[-97.73928,30.37664],[-97.7422,30.36927],[-97.74277,30.36743],[-97.74352,30.36414],[-97.74488,30.36079],[-97.74641,30.35618],[-97.74712,30.35483],[-97.74875,30.35247],[-97.74982,30.34882],[-97.7549,30.33838],[-97.75545,30.33695],[-97.75574,30.33475],[-97.75613,30.31975],[-97.7573,30.31044],[-97.75858,30.3039],[-97.75861,30.30269],[-97.75834,30.29959],[-97.75852,30.29784],[-97.75974,30.29334],[-97.7606,30.2912],[-97.76169,30.28937],[-97.76518,30.28448],[-97.76668,30.28168],[-97.7682,30.27975],[-97.76878,30.2786],[-97.76894,30.27774],[-97.76885,30.27747],[-97.76848,30.27683],[-97.76798,30.27634],[-97.76532,30.27521],[-97.76314,30.27366],[-97.75999,30.27235],[-97.75315,30.26978],[-97.75092,30.26934],[-97.74556,30.26778],[-97.74486,30.26966],[-97.739,30.26803],[-97.73503,30.27862],[-97.73469,30.27914],[-97.73439,30.2801],[-97.73372,30.28063],[-97.73329,30.28133],[-97.73335,30.28198],[-97.73393,30.28295],[-97.73405,30.28341],[-97.73355,30.28608],[-97.73361,30.28752],[-97.73445,30.28859],[-97.73461,30.28931],[-97.73683,30.28949]]]},"properties":{"id":"935","short":"935","name":"935-Tech Ridge Express","color":"#E2231A","type":3}},{"type":"Feature","geometry":{"type":"MultiLineString","coordinates":[[[-97.73714,30.28953],[-97.73683,30.28949],[-97.74141,30.28979],[-97.74208,30.28218],[-97.74181,30.28117],[-97.74798,30.26454],[-97.74795,30.26432],[-97.75445,30.26626],[-97.75628,30.26651],[-97.75711,30.26695],[-97.75856,30.26807],[-97.76166,30.26945],[-97.76239,30.27002],[-97.76532,30.27336],[-97.76639,30.2749],[-97.76727,30.27688],[-97.76737,30.27821],[-97.76709,30.27941],[-97.76551,30.28256],[-97.76493,30.28405],[-97.76111,30.2898],[-97.7601,30.29168],[-97.7595,30.29327],[-97.7582,30.29812],[-97.75807,30.29942],[-97.75835,30.30264],[-97.75833,30.30382],[-97.75707,30.31016],[-97.75588,30.31988],[-97.75547,30.33548],[-97.75512,30.33737],[-97.75478,30.33824],[-97.75225,30.34316],[-97.74971,30.34882],[-97.74865,30.35244],[-97.74692,30.35496],[-97.74633,30.35611],[-97.74469,30.36101],[-97.74332,30.36443],[-97.74256,30.36783],[-97.74204,30.3694],[-97.73947,30.37596],[-97.73587,30.38378],[-97.73274,30.3956],[-97.73201,30.39741],[-97.7312,30.39888],[-97.72997,30.40057],[-97.72784,30.40283],[-97.72601,30.40437],[-97.72321,30.40618],[-97.72137,30.4071],[-97.71969,30.40772],[-97.7149,30.40858],[-97.71353,30.40896],[-97.71154,30.40988],[-97.70985,30.41111],[-97.70712,30.41378],[-97.70617,30.41507],[-97.70563,30.41609],[-97.70302,30.42208],[-97.70016,30.4311],[-97.69911,30.43375],[-97.69877,30.4355],[-97.69765,30.43509],[-97.69594,30.43482],[-97.6941,30.43372],[-97.69398,30.43355],[-97.69375,30.43359],[-97.69382,30.43381],[-97.69406,30.4338],[-97.69462,30.43407],[-97.6959,30.43491],[-97.6976,30.43518],[-97.69875,30.43566],[-97.69868,30.43795],[-97.69782,30.4402],[-97.70027,30.44077],[-97.70063,30.43949],[-97.70084,30.43943],[-97.70209,30.4408],[-97.70191,30.44122],[-97.70069,30.44076],[-97.69786,30.4401],[-97.69711,30.44192],[-97.69656,30.44401],[-97.69607,30.44852],[-97.69623,30.45137],[-97.69665,30.45353],[-97.70005,30.46314],[-97.70114,30.46671],[-97.70221,30.47162],[-97.70231,30.47354],[-97.70199,30.47464],[-97.70148,30.47539],[-97.70054,30.47614],[-97.69935,30.47664],[-97.69528,30.47734],[-97.69393,30.47772],[-97.68506,30.47921],[-97.68023,30.47963],[-97.67637,30.47979],[-97.67538,30.48014],[-97.67463,30.48082],[-97.67426,30.48167],[-97.67814,30.49372],[-97.67956,30.49694],[-97.6834,30.50405],[-97.68544,30.50957],[-97.68129,30.50895],[-97.68095,30.50798],[-97.68157,30.5078],[-97.68117,30.5074]],[[-97.68116,30.50715],[-97.68117,30.5074],[-97.68101,30.50691],[-97.68057,30.50705],[-97.68129,30.50895],[-97.68465,30.50941],[-97.6867,30.50987],[-97.68555,30.5067],[-97.68019,30.49765],[-97.67854,30.49422],[-97.67697,30.48954],[-97.67623,30.48626],[-97.67523,30.48312],[-97.67517,30.48244],[-97.67535,30.48177],[-97.67591,30.48103],[-97.67701,30.48049],[-97.68265,30.48002],[-97.69153,30.47844],[-97.69432,30.4781],[-97.69987,30.47719],[-97.70063,30.47697],[-97.70156,30.47646],[-97.70224,30.47581],[-97.70273,30.475],[-97.70297,30.47361],[-97.70214,30.46929],[-97.70093,30.46474],[-97.69892,30.45917],[-97.69762,30.45426],[-97.69697,30.4515],[-97.69671,30.44871],[-97.69675,30.44708],[-97.69706,30.44505],[-97.69859,30.44087],[-97.69913,30.44057],[-97.70027,30.44077],[-97.70073,30.43943],[-97.70095,30.43949],[-97.70209,30.4408],[-97.70191,30.44122],[-97.70069,30.44076],[-97.69738,30.43995],[-97.69586,30.43996],[-97.6955,30.43921],[-97.69464,30.4387],[-97.69558,30.43707],[-97.69659,30.43595],[-97.69688,30.43509],[-97.69803,30.43533],[-97.69875,30.43566],[-97.69877,30.43707],[-97.69859,30.43829],[-97.69782,30.4402],[-97.69876,30.44049],[-97.69883,30.44037],[-97.69941,30.43864],[-97.70008,30.43375],[-97.70056,30.43189],[-97.70579,30.41647],[-97.70646,30.41517],[-97.70764,30.41356],[-97.71031,30.41092],[-97.71227,30.40965],[-97.71454,30.40881],[-97.71881,30.40808],[-97.72038,30.40764],[-97.72302,30.40643],[-97.72528,30.40506],[-97.72743,30.4034],[-97.72964,30.40121],[-97.73108,30.39934],[-97.73229,30.39719],[-97.73309,30.39499],[-97.73599,30.38393],[-97.73928,30.37664],[-97.7422,30.36927],[-97.74277,30.36743],[-97.74352,30.36414],[-97.74488,30.36079],[-97.74641,30.35618],[-97.74712,30.35483],[-97.74875,30.35247],[-97.74982,30.34882],[-97.7549,30.33838],[-97.75545,30.33695],[-97.75574,30.33475],[-97.75613,30.31975],[-97.7573,30.31044],[-97.75858,30.3039],[-97.75861,30.30269],[-97.75834,30.29959],[-97.75852,30.29784],[-97.75974,30.29334],[-97.7606,30.2912],[-97.76169,30.28937],[-97.76518,30.28448],[-97.76668,30.28168],[-97.7682,30.27975],[-97.76878,30.2786],[-97.76894,30.27774],[-97.76885,30.27747],[-97.76848,30.27683],[-97.76798,30.27634],[-97.76532,30.27521],[-97.76332,30.27375],[-97.76083,30.27269],[-97.75315,30.26978],[-97.75092,30.26934],[-97.74556,30.26778],[-97.74053,30.28133],[-97.74193,30.28172],[-97.74208,30.28218],[-97.74141,30.28979],[-97.73592,30.28943]]]},"properties":{"id":"980","short":"980","name":"980-North Mopac Express","color":"#E2231A","type":3}},{"type":"Feature","geometry":{"type":"MultiLineString","coordinates":[[[-97.74924,30.2671],[-97.74947,30.26685],[-97.74875,30.26873],[-97.74556,30.26778],[-97.74053,30.28133],[-97.74193,30.28172],[-97.74208,30.28218],[-97.7412,30.29196],[-97.74277,30.29513],[-97.74279,30.29542],[-97.73816,30.30275],[-97.73951,30.30353],[-97.74636,30.30668],[-97.74775,30.3072],[-97.7487,30.30737],[-97.75023,30.3071],[-97.75074,30.30722],[-97.75203,30.30792],[-97.75462,30.30857],[-97.75587,30.30877],[-97.75618,30.30838],[-97.7565,30.30828],[-97.75682,30.30836],[-97.757,30.30859],[-97.75693,30.31058],[-97.75572,30.3206],[-97.75531,30.33629],[-97.7549,30.33781],[-97.75184,30.34377],[-97.74961,30.34881],[-97.74865,30.35222],[-97.74683,30.35493],[-97.7462,30.35618],[-97.74471,30.36066],[-97.74337,30.36397],[-97.74211,30.36896],[-97.74019,30.37384],[-97.73819,30.37785],[-97.73797,30.37885],[-97.7381,30.37955],[-97.73848,30.3802],[-97.74099,30.38254],[-97.74191,30.38385],[-97.74248,30.38506],[-97.74357,30.38829],[-97.74449,30.39015],[-97.74534,30.39111],[-97.74565,30.39166],[-97.746,30.39295],[-97.746,30.39416],[-97.74974,30.39428],[-97.75005,30.39626],[-97.74998,30.39775],[-97.74984,30.39843],[-97.74889,30.40071],[-97.74771,30.40426],[-97.7479,30.40778],[-97.74693,30.4077],[-97.74581,30.4079],[-97.74473,30.40778],[-97.74475,30.40937],[-97.74494,30.41102],[-97.74705,30.42188],[-97.74788,30.42336],[-97.74873,30.42422],[-97.74942,30.42473],[-97.75908,30.42951],[-97.75948,30.42886],[-97.75679,30.42753],[-97.75697,30.4272],[-97.75746,30.42728],[-97.75755,30.42717],[-97.75746,30.42694]],[[-97.75748,30.42682],[-97.75746,30.42694],[-97.75728,30.42688],[-97.75707,30.42714],[-97.75654,30.4274],[-97.75074,30.42457],[-97.74991,30.42411],[-97.74902,30.42342],[-97.74823,30.42243],[-97.74785,30.42163],[-97.7457,30.41046],[-97.74557,30.40801],[-97.74613,30.40797],[-97.74693,30.4077],[-97.7479,30.40778],[-97.74771,30.40426],[-97.74889,30.40071],[-97.74984,30.39843],[-97.74998,30.39775],[-97.75005,30.39626],[-97.74974,30.39413],[-97.74696,30.39411],[-97.74691,30.39255],[-97.74657,30.39075],[-97.74554,30.38879],[-97.7446,30.38765],[-97.74381,30.3862],[-97.74258,30.38264],[-97.74157,30.38143],[-97.74056,30.38078],[-97.73953,30.37983],[-97.73919,30.37934],[-97.7391,30.37891],[-97.73938,30.37719],[-97.74024,30.37439],[-97.74257,30.36848],[-97.74352,30.36446],[-97.7449,30.361],[-97.74648,30.35622],[-97.74694,30.35526],[-97.74898,30.35221],[-97.74996,30.34883],[-97.75544,30.33728],[-97.7558,30.3353],[-97.75618,30.32021],[-97.75636,30.31852],[-97.75698,30.31358],[-97.75779,30.30905],[-97.7579,30.30863],[-97.75819,30.30824],[-97.75872,30.30825],[-97.75896,30.30864],[-97.75873,30.30901],[-97.75825,30.30913],[-97.75462,30.30857],[-97.7527,30.30811],[-97.75161,30.30776],[-97.75074,30.30722],[-97.75035,30.30712],[-97.74853,30.30726],[-97.74693,30.30692],[-97.73951,30.30353],[-97.73816,30.30275],[-97.74279,30.29542],[-97.74277,30.29513],[-97.7412,30.29196],[-97.74208,30.28218],[-97.74181,30.28117],[-97.74798,30.26454],[-97.74795,30.26432],[-97.75022,30.26501],[-97.74949,30.26678]]]},"properties":{"id":"982","short":"982","name":"982-Pavilion Express","color":"#E2231A","type":3}},{"type":"Feature","geometry":{"type":"MultiLineString","coordinates":[[[-97.73378,30.28551],[-97.73365,30.28551],[-97.73405,30.28341],[-97.73393,30.28295],[-97.73335,30.28198],[-97.73329,30.28133],[-97.73341,30.28103],[-97.73387,30.28055],[-97.73438,30.28033],[-97.73563,30.2801],[-97.73709,30.27629],[-97.74299,30.27797],[-97.74798,30.26454],[-97.74795,30.26432],[-97.75445,30.26626],[-97.75628,30.26651],[-97.75711,30.26695],[-97.75856,30.26807],[-97.76166,30.26945],[-97.76239,30.27002],[-97.76532,30.27336],[-97.76639,30.2749],[-97.76722,30.27673],[-97.76737,30.27821],[-97.76709,30.27941],[-97.76551,30.28256],[-97.76482,30.28425],[-97.76111,30.2898],[-97.76025,30.29136],[-97.7595,30.29327],[-97.7582,30.29812],[-97.75807,30.29942],[-97.75835,30.30264],[-97.75833,30.30382],[-97.75707,30.31016],[-97.75588,30.31988],[-97.75547,30.33548],[-97.75512,30.33737],[-97.75478,30.33824],[-97.75225,30.34316],[-97.74971,30.34882],[-97.74865,30.35244],[-97.74692,30.35496],[-97.74638,30.35598],[-97.74469,30.36101],[-97.74332,30.36443],[-97.74256,30.36783],[-97.74204,30.3694],[-97.73947,30.37596],[-97.73799,30.37907],[-97.73836,30.38004],[-97.74022,30.38129],[-97.74137,30.38258],[-97.74239,30.38438],[-97.74561,30.3908],[-97.74622,30.39245],[-97.74638,30.39458],[-97.74508,30.407],[-97.745,30.40897],[-97.74516,30.41071],[-97.74732,30.42184],[-97.74828,30.42342],[-97.74894,30.42405],[-97.74987,30.4247],[-97.77626,30.43775],[-97.7874,30.44485],[-97.78858,30.44577],[-97.78945,30.44678],[-97.78996,30.44767],[-97.79029,30.4486],[-97.79223,30.45704],[-97.79652,30.4677],[-97.7977,30.47166],[-97.799,30.47484],[-97.80163,30.47971],[-97.80134,30.48007],[-97.80091,30.48009],[-97.79852,30.48007],[-97.79691,30.47983],[-97.79615,30.47985],[-97.78996,30.48172],[-97.78959,30.48182],[-97.78945,30.48173],[-97.78764,30.48228],[-97.78736,30.48168],[-97.78662,30.48069],[-97.78526,30.47959],[-97.78505,30.47926],[-97.78537,30.47894],[-97.78584,30.47889],[-97.78735,30.48044],[-97.78816,30.47988],[-97.789,30.48076],[-97.7895,30.48198],[-97.79634,30.47999],[-97.7969,30.47996],[-97.79859,30.48021],[-97.80196,30.48016],[-97.80381,30.4832],[-97.80446,30.48526],[-97.80453,30.48726],[-97.80412,30.48856],[-97.80292,30.49084],[-97.80247,30.49222],[-97.80231,30.4934],[-97.80245,30.49528],[-97.803,30.4969],[-97.80393,30.49845],[-97.80473,30.49933],[-97.8074,30.50169],[-97.80827,30.5028],[-97.80882,30.50375],[-97.81008,30.50668],[-97.8145,30.518],[-97.81507,30.52017],[-97.81718,30.53024],[-97.81716,30.53182],[-97.81586,30.53832],[-97.81595,30.54049],[-97.81925,30.55359],[-97.81986,30.55518],[-97.83186,30.57566],[-97.83389,30.57974],[-97.83571,30.58278],[-97.83721,30.58228],[-97.83812,30.58214],[-97.84018,30.58239],[-97.84106,30.58232],[-97.84612,30.5809],[-97.85285,30.57866],[-97.85571,30.58551],[-97.85684,30.58737],[-97.85667,30.58778],[-97.856,30.588],[-97.85571,30.5869],[-97.85543,30.58637]],[[-97.8553,30.58641],[-97.85552,30.58647],[-97.85499,30.58606],[-97.8546,30.58598],[-97.85265,30.58658],[-97.85322,30.58774],[-97.85411,30.58773],[-97.85527,30.58806],[-97.85534,30.58819],[-97.85701,30.58767],[-97.85953,30.59375],[-97.85415,30.59505],[-97.85291,30.59577],[-97.84451,30.59065],[-97.84337,30.59017],[-97.84158,30.58913],[-97.84001,30.58779],[-97.83831,30.5859],[-97.83741,30.58457],[-97.81998,30.55477],[-97.81938,30.55298],[-97.8162,30.54017],[-97.81612,30.53888],[-97.81623,30.53775],[-97.81734,30.53257],[-97.81751,30.53085],[-97.81723,30.52876],[-97.81513,30.51943],[-97.81436,30.51699],[-97.80915,30.50364],[-97.80843,30.50244],[-97.8075,30.50131],[-97.80525,30.49936],[-97.80424,30.49826],[-97.80336,30.49682],[-97.80288,30.49546],[-97.80269,30.49417],[-97.80273,30.49304],[-97.80339,30.49122],[-97.80496,30.48835],[-97.80531,30.48716],[-97.80568,30.48322],[-97.80543,30.48214],[-97.80328,30.47934],[-97.80228,30.47986],[-97.80124,30.48008],[-97.79852,30.48007],[-97.79691,30.47983],[-97.79615,30.47985],[-97.78996,30.48172],[-97.78959,30.48182],[-97.78945,30.48173],[-97.78764,30.48228],[-97.78736,30.48168],[-97.78662,30.48069],[-97.78526,30.47959],[-97.78505,30.47926],[-97.78537,30.47894],[-97.78584,30.47889],[-97.78735,30.48044],[-97.78816,30.47988],[-97.789,30.48076],[-97.7895,30.48198],[-97.79634,30.47999],[-97.7969,30.47996],[-97.79859,30.48021],[-97.80126,30.48023],[-97.80218,30.48011],[-97.8034,30.4795],[-97.80078,30.47635],[-97.79903,30.47319],[-97.79269,30.45731],[-97.79206,30.45509],[-97.79069,30.44874],[-97.79028,30.44755],[-97.78976,30.44665],[-97.78891,30.44563],[-97.7876,30.4446],[-97.7762,30.43737],[-97.75013,30.42452],[-97.74933,30.42401],[-97.7485,30.42323],[-97.74768,30.42193],[-97.7474,30.42102],[-97.74571,30.41205],[-97.74533,30.40914],[-97.74553,30.40542],[-97.74664,30.39453],[-97.74653,30.39259],[-97.74587,30.39069],[-97.74271,30.38439],[-97.74184,30.3822],[-97.74116,30.38134],[-97.74002,30.38034],[-97.73929,30.37989],[-97.73859,30.3797],[-97.73802,30.37936],[-97.73964,30.37578],[-97.7422,30.36927],[-97.74277,30.36743],[-97.74352,30.36414],[-97.74488,30.36079],[-97.74641,30.35618],[-97.74712,30.35483],[-97.74875,30.35247],[-97.74982,30.34882],[-97.7549,30.33838],[-97.75545,30.33695],[-97.75574,30.33475],[-97.75613,30.31975],[-97.7573,30.31044],[-97.75858,30.3039],[-97.75861,30.30269],[-97.75834,30.29959],[-97.75852,30.29784],[-97.75974,30.29334],[-97.76075,30.29091],[-97.76169,30.28937],[-97.76518,30.28448],[-97.76668,30.28168],[-97.7682,30.27975],[-97.76878,30.2786],[-97.76893,30.27763],[-97.76848,30.27683],[-97.76798,30.27634],[-97.76532,30.27521],[-97.76301,30.2736],[-97.75999,30.27235],[-97.75315,30.26978],[-97.75092,30.26934],[-97.74556,30.26778],[-97.74196,30.27754],[-97.73609,30.27588],[-97.73439,30.2801],[-97.73372,30.28063],[-97.73329,30.28133],[-97.73335,30.28198],[-97.73393,30.28295],[-97.73405,30.28341],[-97.73355,30.28608],[-97.73356,30.28735],[-97.7345,30.2887]]]},"properties":{"id":"985","short":"985","name":"985-Leander/Lakeline Direct","color":"#E2231A","type":3}},{"type":"Feature","geometry":{"type":"MultiLineString","coordinates":[[[-97.74621,30.26579],[-97.74591,30.26687],[-97.74053,30.28133],[-97.74193,30.28172],[-97.74208,30.28218],[-97.7412,30.29196],[-97.74277,30.29513],[-97.74279,30.29542],[-97.73282,30.31115],[-97.73265,30.31181],[-97.73228,30.31569],[-97.73203,30.31675],[-97.73147,30.31781],[-97.72675,30.32531],[-97.72611,30.32569],[-97.72519,30.32435],[-97.72384,30.32347],[-97.72245,30.32298],[-97.72051,30.32267],[-97.71979,30.32245],[-97.71614,30.32072],[-97.71528,30.3204],[-97.71477,30.32033],[-97.71294,30.3204],[-97.71184,30.3206],[-97.70692,30.32199],[-97.70591,30.32216],[-97.70278,30.32208],[-97.69571,30.32125],[-97.69232,30.3211],[-97.68526,30.32158],[-97.68384,30.32185],[-97.68235,30.32229],[-97.67251,30.32568],[-97.67032,30.32627],[-97.66808,30.32661],[-97.66455,30.32744],[-97.64152,30.32918],[-97.62993,30.3299],[-97.62664,30.33],[-97.62387,30.3304],[-97.6212,30.33061],[-97.60592,30.33462],[-97.60181,30.33584],[-97.5932,30.33923],[-97.58029,30.34391],[-97.57911,30.34163],[-97.57777,30.342],[-97.57276,30.34245],[-97.56139,30.34167],[-97.55768,30.34107],[-97.55809,30.33944],[-97.56012,30.33974],[-97.55972,30.34142],[-97.55458,30.34052],[-97.55402,30.34051],[-97.55329,30.34075],[-97.55174,30.3419],[-97.55016,30.34287],[-97.54837,30.3435],[-97.54662,30.34361],[-97.54116,30.34315],[-97.53966,30.34283],[-97.5124,30.33489],[-97.51147,30.33477],[-97.51068,30.33499],[-97.51016,30.33547],[-97.50079,30.3504],[-97.4899,30.35083],[-97.46997,30.35134],[-97.44532,30.35134],[-97.42521,30.35209],[-97.39027,30.35183],[-97.38857,30.35156],[-97.38683,30.35085],[-97.38307,30.3567],[-97.38225,30.35775],[-97.38195,30.35758],[-97.38237,30.35697],[-97.3827,30.3572],[-97.38322,30.35646],[-97.38248,30.3562],[-97.38142,30.3561],[-97.3808,30.35589],[-97.37255,30.35199],[-97.37211,30.35168],[-97.37008,30.34684],[-97.37211,30.34629]],[[-97.37168,30.34649],[-97.37112,30.34656],[-97.37211,30.34629],[-97.37238,30.34699],[-97.37039,30.34759],[-97.37211,30.35168],[-97.37255,30.35199],[-97.3808,30.35589],[-97.38142,30.3561],[-97.38248,30.3562],[-97.38322,30.35646],[-97.38225,30.35775],[-97.38195,30.35758],[-97.38237,30.35697],[-97.3827,30.3572],[-97.38286,30.357],[-97.38568,30.35254],[-97.38649,30.35192],[-97.3873,30.35174],[-97.39058,30.35213],[-97.42616,30.35237],[-97.44533,30.35163],[-97.4693,30.35163],[-97.49063,30.35108],[-97.50061,30.3507],[-97.51016,30.33547],[-97.51068,30.33499],[-97.51147,30.33477],[-97.5124,30.33489],[-97.53966,30.34283],[-97.54116,30.34315],[-97.54662,30.34361],[-97.54837,30.3435],[-97.55016,30.34287],[-97.55174,30.3419],[-97.55329,30.34075],[-97.55372,30.34057],[-97.55458,30.34052],[-97.55768,30.34107],[-97.55809,30.33944],[-97.56012,30.33974],[-97.55972,30.34142],[-97.56299,30.34181],[-97.56404,30.34203],[-97.57276,30.34245],[-97.57777,30.342],[-97.57896,30.34169],[-97.58011,30.34396],[-97.58069,30.34483],[-97.5834,30.34403],[-97.59223,30.3405],[-97.59469,30.33981],[-97.59773,30.33874],[-97.60437,30.33596],[-97.60625,30.33538],[-97.62158,30.33136],[-97.65275,30.32918],[-97.66505,30.32822],[-97.66812,30.32759],[-97.67103,30.32646],[-97.68329,30.32239],[-97.68661,30.32165],[-97.69317,30.32131],[-97.69768,30.32165],[-97.70314,30.32228],[-97.70587,30.32235],[-97.71002,30.32175],[-97.71437,30.32057],[-97.71534,30.32053],[-97.71581,30.32061],[-97.71954,30.32247],[-97.7209,30.32285],[-97.72273,30.32316],[-97.72396,30.32363],[-97.72516,30.32446],[-97.72591,30.32564],[-97.72631,30.326],[-97.73147,30.31781],[-97.73218,30.31688],[-97.73236,30.31598],[-97.73235,30.31494],[-97.73265,30.31181],[-97.73282,30.31115],[-97.74279,30.29542],[-97.74277,30.29513],[-97.7412,30.29196],[-97.74208,30.28218],[-97.7418,30.28123],[-97.74647,30.26859]]]},"properties":{"id":"990","short":"990","name":"990-Manor/Elgin Express","color":"#E2231A","type":3}}]}