{"type":"FeatureCollection","meta":{"source":"CapMetro static GTFS via data.texas.gov","version":"260826_0956 (20260826\u201320270109)"},"features":[{"type":"Feature","geometry":{"type":"Point","coordinates":[-97.72731,30.24034]},"properties":{"id":"1002","name":"Riverside/Burton","routes":["20","483","7"],"route_ids":["20","483","7"]}},{"type":"Feature","geometry":{"type":"Point","coordinates":[-97.72602,30.23828]},"properties":{"id":"1003","name":"2237 Riverside/Willow Creek","routes":["20"],"route_ids":["20"]}},{"type":"Feature","geometry":{"type":"Point","coordinates":[-97.72376,30.23387]},"properties":{"id":"1005","name":"2507 Riverside/Pleasant Valley","routes":["20"],"route_ids":["20"]}},{"type":"Feature","geometry":{"type":"Point","coordinates":[-97.72626,30.22662]},"properties":{"id":"1008","name":"4411 Oltorf/Huntwick","routes":["228","310"],"route_ids":["228","310"]}},{"type":"Feature","geometry":{"type":"Point","coordinates":[-97.72349,30.22604]},"properties":{"id":"1009","name":"2401 Wickersham/Oltorf","routes":["310"],"route_ids":["310"]}},{"type":"Feature","geometry":{"type":"Point","coordinates":[-97.72185,30.22702]},"properties":{"id":"1010","name":"Wickersham/Cromwell","routes":["310"],"route_ids":["310"]}},{"type":"Feature","geometry":{"type":"Point","coordinates":[-97.72135,30.22931]},"properties":{"id":"1011","name":"2207 Wickersham/Sheringham","routes":["310"],"route_ids":["310"]}},{"type":"Feature","geometry":{"type":"Point","coordinates":[-97.71704,30.23132]},"properties":{"id":"1013","name":"4825 Riverside/Kirksey","routes":["20","310","483"],"route_ids":["20","310","483"]}},{"type":"Feature","geometry":{"type":"Point","coordinates":[-97.71232,30.22917]},"properties":{"id":"1015","name":"5401 Riverside/Faro","routes":["20","310","483"],"route_ids":["20","310","483"]}},{"type":"Feature","geometry":{"type":"Point","coordinates":[-97.70656,30.22954]},"properties":{"id":"1017","name":"Ruiz Library","routes":["310","311","350"],"route_ids":["310","311","350"]}},{"type":"Feature","geometry":{"type":"Point","coordinates":[-97.7129,30.22983]},"properties":{"id":"1018","name":"Riverside/Faro","routes":["20","310","483"],"route_ids":["20","310","483"]}},{"type":"Feature","geometry":{"type":"Point","coordinates":[-97.71786,30.23193]},"properties":{"id":"1021","name":"4823 Riverside/Crossing Place","routes":["20","310","483"],"route_ids":["20","310","483"]}},{"type":"Feature","geometry":{"type":"Point","coordinates":[-97.72088,30.23153]},"properties":{"id":"1022","name":"2100 Wickersham/Riverside","routes":["310"],"route_ids":["310"]}},{"type":"Feature","geometry":{"type":"Point","coordinates":[-97.72149,30.22991]},"properties":{"id":"1023","name":"Wickersham/Sheringham","routes":["310"],"route_ids":["310"]}},{"type":"Feature","geometry":{"type":"Point","coordinates":[-97.72173,30.22753]},"properties":{"id":"1024","name":"2300 Wickersham/Cromwell","routes":["310"],"route_ids":["310"]}},{"type":"Feature","geometry":{"type":"Point","coordinates":[-97.72378,30.22608]},"properties":{"id":"1025","name":"2440 Wickersham/Oltorf","routes":["310"],"route_ids":["310"]}},{"type":"Feature","geometry":{"type":"Point","coordinates":[-97.72729,30.228]},"properties":{"id":"1027","name":"Oltorf East NB (Pleasant Valley/Oltorf)","routes":["228","300","483","800"],"route_ids":["228","300","483","800"]}},{"type":"Feature","geometry":{"type":"Point","coordinates":[-97.72531,30.23116]},"properties":{"id":"1028","name":"Sheringham NB (Pleasant Valley/Sheringham)","routes":["228","300","483","800"],"route_ids":["228","300","483","800"]}},{"type":"Feature","geometry":{"type":"Point","coordinates":[-97.72563,30.23806]},"properties":{"id":"1030","name":"Riverside/Willow Creek","routes":["20","228"],"route_ids":["20","228"]}},{"type":"Feature","geometry":{"type":"Point","coordinates":[-97.72759,30.24114]},"properties":{"id":"1032","name":"Riverside/Town Creek","routes":["20","483","7"],"route_ids":["20","483","7"]}},{"type":"Feature","geometry":{"type":"Point","coordinates":[-97.73197,30.2465]},"properties":{"id":"1034","name":"1600 Riverside/Summit","routes":["20","483","7"],"route_ids":["20","483","7"]}},{"type":"Feature","geometry":{"type":"Point","coordinates":[-97.74084,30.26246]},"properties":{"id":"1038","name":"400 Cesar Chavez/Trinity","routes":["2","490","493"],"route_ids":["2","490","493"]}},{"type":"Feature","geometry":{"type":"Point","coordinates":[-97.74162,30.28575]},"properties":{"id":"1042","name":"2231 Guadalupe/West Mall UT","routes":["1","105","20","3","30","481","640","980","982","990"],"route_ids":["1","105","20","3","30","481","640","980","982","990"]}},{"type":"Feature","geometry":{"type":"Point","coordinates":[-97.73434,30.29922]},"properties":{"id":"1049","name":"Speedway/35th","routes":["656"],"route_ids":["656"]}},{"type":"Feature","geometry":{"type":"Point","coordinates":[-97.73283,30.30159]},"properties":{"id":"1051","name":"Speedway/39th","routes":["656"],"route_ids":["656"]}},{"type":"Feature","geometry":{"type":"Point","coordinates":[-97.72962,30.30662]},"properties":{"id":"1053","name":"4301 Speedway/43rd","routes":["656"],"route_ids":["656"]}},{"type":"Feature","geometry":{"type":"Point","coordinates":[-97.72924,30.30911]},"properties":{"id":"1054","name":"108 45th Street/Avenue D","routes":["345"],"route_ids":["345"]}},{"type":"Feature","geometry":{"type":"Point","coordinates":[-97.73188,30.31042]},"properties":{"id":"1055","name":"408 45th Street/Avenue A","routes":["345","656"],"route_ids":["345","656"]}},{"type":"Feature","geometry":{"type":"Point","coordinates":[-97.73328,30.31112]},"properties":{"id":"1056","name":"619 45th/Guadalupe","routes":["345"],"route_ids":["345"]}},{"type":"Feature","geometry":{"type":"Point","coordinates":[-97.73725,30.3134]},"properties":{"id":"1057","name":"918 45th/Lamar","routes":["345"],"route_ids":["345"]}},{"type":"Feature","geometry":{"type":"Point","coordinates":[-97.73573,30.31642]},"properties":{"id":"1058","name":"Sunshine Station (NB)","routes":["5","803"],"route_ids":["5","803"]}},{"type":"Feature","geometry":{"type":"Point","coordinates":[-97.73512,30.31737]},"properties":{"id":"1059","name":"4801 Sunshine (Criss Cole Rehab)","routes":["5"],"route_ids":["5"]}},{"type":"Feature","geometry":{"type":"Point","coordinates":[-97.73664,30.31879]},"properties":{"id":"1060","name":"1100 49th/Grover","routes":["5"],"route_ids":["5"]}},{"type":"Feature","geometry":{"type":"Point","coordinates":[-97.73599,30.32071]},"properties":{"id":"1061","name":"1200 51st/Grover","routes":["5"],"route_ids":["5"]}},{"type":"Feature","geometry":{"type":"Point","coordinates":[-97.73689,30.32237]},"properties":{"id":"1062","name":"5113 Woodrow/North","routes":["5"],"route_ids":["5"]}},{"type":"Feature","geometry":{"type":"Point","coordinates":[-97.73582,30.32406]},"properties":{"id":"1063","name":"5223 Woodrow/North Loop","routes":["5"],"route_ids":["5"]}},{"type":"Feature","geometry":{"type":"Point","coordinates":[-97.73448,30.32619]},"properties":{"id":"1064","name":"5413 Woodrow/Houston","routes":["5"],"route_ids":["5"]}},{"type":"Feature","geometry":{"type":"Point","coordinates":[-97.7336,30.32756]},"properties":{"id":"1065","name":"5515 Woodrow/Houston","routes":["5"],"route_ids":["5"]}},{"type":"Feature","geometry":{"type":"Point","coordinates":[-97.73267,30.32903]},"properties":{"id":"1066","name":"5701 Woodrow/Theckla","routes":["5"],"route_ids":["5"]}},{"type":"Feature","geometry":{"type":"Point","coordinates":[-97.73158,30.33074]},"properties":{"id":"1067","name":"5819 Woodrow/Koenig","routes":["5"],"route_ids":["5"]}},{"type":"Feature","geometry":{"type":"Point","coordinates":[-97.73068,30.33281]},"properties":{"id":"1068","name":"Woodrow/Alguno","routes":["5"],"route_ids":["5"]}},{"type":"Feature","geometry":{"type":"Point","coordinates":[-97.73013,30.33457]},"properties":{"id":"1069","name":"Woodrow/Alegria","routes":["5"],"route_ids":["5"]}},{"type":"Feature","geometry":{"type":"Point","coordinates":[-97.72842,30.33728]},"properties":{"id":"1070","name":"6523 Woodrow/Brentwood","routes":["5"],"route_ids":["5"]}},{"type":"Feature","geometry":{"type":"Point","coordinates":[-97.72659,30.34017]},"properties":{"id":"1072","name":"Woodrow/Dwyce","routes":["5"],"route_ids":["5"]}},{"type":"Feature","geometry":{"type":"Point","coordinates":[-97.72498,30.34285]},"properties":{"id":"1074","name":"7115 Woodrow/Piedmont","routes":["5"],"route_ids":["5"]}},{"type":"Feature","geometry":{"type":"Point","coordinates":[-97.72521,30.34498]},"properties":{"id":"1075","name":"Woodrow/Pasadena","routes":["5"],"route_ids":["5"]}},{"type":"Feature","geometry":{"type":"Point","coordinates":[-97.72376,30.34743]},"properties":{"id":"1076","name":"Woodrow/Morrow","routes":["5"],"route_ids":["5"]}},{"type":"Feature","geometry":{"type":"Point","coordinates":[-97.72302,30.34989]},"properties":{"id":"1077","name":"7717 Woodrow/Princeton","routes":["5"],"route_ids":["5"]}},{"type":"Feature","geometry":{"type":"Point","coordinates":[-97.72362,30.35279]},"properties":{"id":"1078","name":"1700 Anderson/Wooten Park","routes":["339","5"],"route_ids":["339","5"]}},{"type":"Feature","geometry":{"type":"Point","coordinates":[-97.72622,30.35401]},"properties":{"id":"1080","name":"Anderson/Mullen","routes":["339","5"],"route_ids":["339","5"]}},{"type":"Feature","geometry":{"type":"Point","coordinates":[-97.67835,30.27659]},"properties":{"id":"1085","name":"Jackie Robinson/Delano","routes":["5"],"route_ids":["5"]}},{"type":"Feature","geometry":{"type":"Point","coordinates":[-97.68106,30.27989]},"properties":{"id":"1089","name":"1420 Webberville/Fort Branch","routes":["5"],"route_ids":["5"]}},{"type":"Feature","geometry":{"type":"Point","coordinates":[-97.68492,30.27825]},"properties":{"id":"1091","name":"12TH/WEBBERVILLE","routes":["5"],"route_ids":["5"]}},{"type":"Feature","geometry":{"type":"Point","coordinates":[-97.68668,30.27894]},"properties":{"id":"1092","name":"4600 12th/Springdale","routes":["5"],"route_ids":["5"]}},{"type":"Feature","geometry":{"type":"Point","coordinates":[-97.68954,30.27864]},"properties":{"id":"1093","name":"12th/Cometa","routes":["5"],"route_ids":["5"]}},{"type":"Feature","geometry":{"type":"Point","coordinates":[-97.69446,30.27786]},"properties":{"id":"1094","name":"3522 12th/E M Franklin","routes":["5"],"route_ids":["5"]}},{"type":"Feature","geometry":{"type":"Point","coordinates":[-97.70018,30.27698]},"properties":{"id":"1096","name":"3250 12th/Airport","routes":["5"],"route_ids":["5"]}},{"type":"Feature","geometry":{"type":"Point","coordinates":[-97.70424,30.27635]},"properties":{"id":"1098","name":"12th/Harvey","routes":["5"],"route_ids":["5"]}},{"type":"Feature","geometry":{"type":"Point","coordinates":[-97.70809,30.27572]},"properties":{"id":"1099","name":"2900 12th/Alexander","routes":["5"],"route_ids":["5"]}},{"type":"Feature","geometry":{"type":"Point","coordinates":[-97.7134,30.27488]},"properties":{"id":"1101","name":"12th/Cedar","routes":["5"],"route_ids":["5"]}},{"type":"Feature","geometry":{"type":"Point","coordinates":[-97.71649,30.27439]},"properties":{"id":"1102","name":"2204 12th/Chestnut","routes":["5"],"route_ids":["5"]}},{"type":"Feature","geometry":{"type":"Point","coordinates":[-97.71914,30.27396]},"properties":{"id":"1103","name":"1914 12th/Chicon","routes":["5"],"route_ids":["5"]}},{"type":"Feature","geometry":{"type":"Point","coordinates":[-97.72187,30.27352]},"properties":{"id":"1105","name":"1700 12th/Leona","routes":["5"],"route_ids":["5"]}},{"type":"Feature","geometry":{"type":"Point","coordinates":[-97.7249,30.27306]},"properties":{"id":"1106","name":"1400 12th/Angelina","routes":["5"],"route_ids":["5"]}},{"type":"Feature","geometry":{"type":"Point","coordinates":[-97.72684,30.27273]},"properties":{"id":"1107","name":"1220 12th/San Bernard","routes":["5"],"route_ids":["5"]}},{"type":"Feature","geometry":{"type":"Point","coordinates":[-97.73084,30.27209]},"properties":{"id":"1109","name":"12th/IH-35","routes":["5"],"route_ids":["5"]}},{"type":"Feature","geometry":{"type":"Point","coordinates":[-97.73131,30.27189]},"properties":{"id":"1113","name":"12th/Branch","routes":["5"],"route_ids":["5"]}},{"type":"Feature","geometry":{"type":"Point","coordinates":[-97.72784,30.27243]},"properties":{"id":"1114","name":"12th/Navasota","routes":["5"],"route_ids":["5"]}},{"type":"Feature","geometry":{"type":"Point","coordinates":[-97.72,30.2737]},"properties":{"id":"1118","name":"1819 12th/Chicon","routes":["5"],"route_ids":["5"]}},{"type":"Feature","geometry":{"type":"Point","coordinates":[-97.71285,30.27482]},"properties":{"id":"1121","name":"2601 12th/Cedar","routes":["5"],"route_ids":["5"]}},{"type":"Feature","geometry":{"type":"Point","coordinates":[-97.70835,30.27553]},"properties":{"id":"1123","name":"2863 12th/Alexander","routes":["5"],"route_ids":["5"]}},{"type":"Feature","geometry":{"type":"Point","coordinates":[-97.70055,30.27673]},"properties":{"id":"1126","name":"3245 12th/Airport","routes":["5"],"route_ids":["5"]}},{"type":"Feature","geometry":{"type":"Point","coordinates":[-97.69709,30.2773]},"properties":{"id":"1127","name":"3403 12th/Greenwood","routes":["5"],"route_ids":["5"]}},{"type":"Feature","geometry":{"type":"Point","coordinates":[-97.6944,30.27772]},"properties":{"id":"1128","name":"3525 12th/E M Franklin","routes":["5"],"route_ids":["5"]}},{"type":"Feature","geometry":{"type":"Point","coordinates":[-97.68454,30.27828]},"properties":{"id":"1130","name":"1201 Webberville/12th","routes":["5"],"route_ids":["5"]}},{"type":"Feature","geometry":{"type":"Point","coordinates":[-97.68097,30.27974]},"properties":{"id":"1132","name":"1419 Webberville/Fort Branch","routes":["5"],"route_ids":["5"]}},{"type":"Feature","geometry":{"type":"Point","coordinates":[-97.67398,30.27919]},"properties":{"id":"1138","name":"4021 Tannehill/Samuel Huston","routes":["5"],"route_ids":["5"]}},{"type":"Feature","geometry":{"type":"Point","coordinates":[-97.68111,30.354]},"properties":{"id":"1141","name":"1194 Rundberg/Teasdale","routes":["325"],"route_ids":["325"]}},{"type":"Feature","geometry":{"type":"Point","coordinates":[-97.68635,30.35744]},"properties":{"id":"1143","name":"838 Rundberg/Middle Fiskville","routes":["325"],"route_ids":["325"]}},{"type":"Feature","geometry":{"type":"Point","coordinates":[-97.69163,30.36004]},"properties":{"id":"1145","name":"RUNDBERG/NORTHCREEK","routes":["142","325"],"route_ids":["142","325"]}},{"type":"Feature","geometry":{"type":"Point","coordinates":[-97.69647,30.35583]},"properties":{"id":"1148","name":"Georgian/Home Pl.","routes":["324"],"route_ids":["324"]}},{"type":"Feature","geometry":{"type":"Point","coordinates":[-97.69904,30.35329]},"properties":{"id":"1149","name":"Georgian/Elliott","routes":["324"],"route_ids":["324"]}},{"type":"Feature","geometry":{"type":"Point","coordinates":[-97.70202,30.34975]},"properties":{"id":"1150","name":"Georgian/Jennifer","routes":["324"],"route_ids":["324"]}},{"type":"Feature","geometry":{"type":"Point","coordinates":[-97.70323,30.3477]},"properties":{"id":"1151","name":"Georgian/Powell","routes":["324"],"route_ids":["324"]}},{"type":"Feature","geometry":{"type":"Point","coordinates":[-97.70466,30.3449]},"properties":{"id":"1152","name":"8000 Georgian/Anderson","routes":["324"],"route_ids":["324"]}},{"type":"Feature","geometry":{"type":"Point","coordinates":[-97.70588,30.34336]},"properties":{"id":"1153","name":"7700 Northcrest/Anderson","routes":["324"],"route_ids":["324"]}},{"type":"Feature","geometry":{"type":"Point","coordinates":[-97.71176,30.33968]},"properties":{"id":"1156","name":"Crestland/Meadowview","routes":["324"],"route_ids":["324"]}},{"type":"Feature","geometry":{"type":"Point","coordinates":[-97.71483,30.33732]},"properties":{"id":"1158","name":"7106 Guadalupe/St Johns","routes":["324"],"route_ids":["324"]}},{"type":"Feature","geometry":{"type":"Point","coordinates":[-97.7159,30.33571]},"properties":{"id":"1159","name":"Guadalupe/Swanee","routes":["324"],"route_ids":["324"]}},{"type":"Feature","geometry":{"type":"Point","coordinates":[-97.7136,30.32849]},"properties":{"id":"1160","name":"105 Highland Mall/Jonathan","routes":["324","337"],"route_ids":["324","337"]}},{"type":"Feature","geometry":{"type":"Point","coordinates":[-97.719,30.32117]},"properties":{"id":"1164","name":"5600 Avenue F/56th","routes":["7"],"route_ids":["7"]}},{"type":"Feature","geometry":{"type":"Point","coordinates":[-97.71992,30.31436]},"properties":{"id":"1168","name":"Duval/51st","routes":["7"],"route_ids":["7"]}},{"type":"Feature","geometry":{"type":"Point","coordinates":[-97.72213,30.31097]},"properties":{"id":"1169","name":"Duval/48th","routes":["7"],"route_ids":["7"]}},{"type":"Feature","geometry":{"type":"Point","coordinates":[-97.72636,30.30438]},"properties":{"id":"1171","name":"Duval/43rd","routes":["7"],"route_ids":["7"]}},{"type":"Feature","geometry":{"type":"Point","coordinates":[-97.72804,30.30167]},"properties":{"id":"1172","name":"4002 Duval/41st","routes":["7"],"route_ids":["7"]}},{"type":"Feature","geometry":{"type":"Point","coordinates":[-97.73183,30.29565]},"properties":{"id":"1174","name":"Duval/33rd","routes":["7"],"route_ids":["7"]}},{"type":"Feature","geometry":{"type":"Point","coordinates":[-97.7325,30.2946]},"properties":{"id":"1175","name":"3200 Duval/32nd","routes":["7"],"route_ids":["7"]}},{"type":"Feature","geometry":{"type":"Point","coordinates":[-97.73422,30.29188]},"properties":{"id":"1176","name":"Duval/30th","routes":["7"],"route_ids":["7"]}},{"type":"Feature","geometry":{"type":"Point","coordinates":[-97.73469,30.2896]},"properties":{"id":"1177","name":"San Jacinto/Dean Keeton NW Corner","routes":["7"],"route_ids":["7"]}},{"type":"Feature","geometry":{"type":"Point","coordinates":[-97.73365,30.28671]},"properties":{"id":"1178","name":"2324 San Jacinto/24th","routes":["103","640","935"],"route_ids":["103","640","935"]}},{"type":"Feature","geometry":{"type":"Point","coordinates":[-97.73378,30.28551]},"properties":{"id":"1179","name":"UT Stadium SB (San Jacinto/23rd)","routes":["10","111","171","7","837","985"],"route_ids":["10","111","171","7","837","985"]}},{"type":"Feature","geometry":{"type":"Point","coordinates":[-97.7341,30.28301]},"properties":{"id":"1180","name":"2098 SAN JACINTO/21ST","routes":["10","103","111","171","7","935","985"],"route_ids":["10","103","111","171","7","935","985"]}},{"type":"Feature","geometry":{"type":"Point","coordinates":[-97.74061,30.25073]},"properties":{"id":"1186","name":"715 Riverside/Alameda","routes":["20","483","7"],"route_ids":["20","483","7"]}},{"type":"Feature","geometry":{"type":"Point","coordinates":[-97.73835,30.24959]},"properties":{"id":"1187","name":"1005 East Riverside/Travis Heights","routes":["20","483","7"],"route_ids":["20","483","7"]}},{"type":"Feature","geometry":{"type":"Point","coordinates":[-97.73689,30.24859]},"properties":{"id":"1188","name":"Riverside/Kenwood","routes":["20","483","7"],"route_ids":["20","483","7"]}},{"type":"Feature","geometry":{"type":"Point","coordinates":[-97.72846,30.23615]},"properties":{"id":"1190","name":"1724 Burton/Woodland","routes":["483","7"],"route_ids":["483","7"]}},{"type":"Feature","geometry":{"type":"Point","coordinates":[-97.73181,30.23386]},"properties":{"id":"1191","name":"1920 Burton/Mariposa","routes":["483","7"],"route_ids":["483","7"]}},{"type":"Feature","geometry":{"type":"Point","coordinates":[-97.73728,30.23187]},"properties":{"id":"1193","name":"2310 Parker/Oltorf","routes":["310","7"],"route_ids":["310","7"]}},{"type":"Feature","geometry":{"type":"Point","coordinates":[-97.73856,30.22993]},"properties":{"id":"1194","name":"2504 Parker/Braxton","routes":["310","7"],"route_ids":["310","7"]}},{"type":"Feature","geometry":{"type":"Point","coordinates":[-97.7405,30.2275]},"properties":{"id":"1195","name":"2718 Parker/Royal Hill","routes":["310","7"],"route_ids":["310","7"]}},{"type":"Feature","geometry":{"type":"Point","coordinates":[-97.74404,30.21715]},"properties":{"id":"1199","name":"Woodward/Ben White NW Corner","routes":["310","7"],"route_ids":["310","7"]}},{"type":"Feature","geometry":{"type":"Point","coordinates":[-97.74821,30.21249]},"properties":{"id":"1202","name":"Freidrich/Directors","routes":["7"],"route_ids":["7"]}},{"type":"Feature","geometry":{"type":"Point","coordinates":[-97.75091,30.20818]},"properties":{"id":"1203","name":"4600 Freidrich/St Elmo","routes":["7"],"route_ids":["7"]}},{"type":"Feature","geometry":{"type":"Point","coordinates":[-97.75218,30.20193]},"properties":{"id":"1204","name":"2035 Teri/Merritt","routes":["7"],"route_ids":["7"]}},{"type":"Feature","geometry":{"type":"Point","coordinates":[-97.74477,30.19375]},"properties":{"id":"1212","name":"Dove Springs SB (Pleasant Valley/Stassney)","routes":["7","800"],"route_ids":["7","800"]}},{"type":"Feature","geometry":{"type":"Point","coordinates":[-97.74555,30.18889]},"properties":{"id":"1213","name":"Village Square SB (Pleasant Valley/Village Square)","routes":["7","800"],"route_ids":["7","800"]}},{"type":"Feature","geometry":{"type":"Point","coordinates":[-97.74565,30.18536]},"properties":{"id":"1214","name":"6100 Pleasant Valley/Dove Springs","routes":["7"],"route_ids":["7"]}},{"type":"Feature","geometry":{"type":"Point","coordinates":[-97.7461,30.18211]},"properties":{"id":"1215","name":"6406 Pleasant Valley/Creek Bend","routes":["7"],"route_ids":["7"]}},{"type":"Feature","geometry":{"type":"Point","coordinates":[-97.7452,30.1852]},"properties":{"id":"1219","name":"6107 Pleasant Valley/Turnstone","routes":["486","7"],"route_ids":["486","7"]}},{"type":"Feature","geometry":{"type":"Point","coordinates":[-97.74529,30.18889]},"properties":{"id":"1220","name":"Village Square NB (Pleasant Valley/Village Square)","routes":["486","7","800"],"route_ids":["486","7","800"]}},{"type":"Feature","geometry":{"type":"Point","coordinates":[-97.74456,30.19373]},"properties":{"id":"1222","name":"Dove Springs NB (Pleasant Valley/Stassney)","routes":["7","800"],"route_ids":["7","800"]}},{"type":"Feature","geometry":{"type":"Point","coordinates":[-97.74702,30.19392]},"properties":{"id":"1223","name":"2522 Stassney/Chaparral","routes":["311","486"],"route_ids":["311","486"]}},{"type":"Feature","geometry":{"type":"Point","coordinates":[-97.75069,30.19371]},"properties":{"id":"1224","name":"2408 Stassney/Palo Blanco","routes":["311","486"],"route_ids":["311","486"]}},{"type":"Feature","geometry":{"type":"Point","coordinates":[-97.75252,30.20233]},"properties":{"id":"1228","name":"2008 Teri/Pepper","routes":["7"],"route_ids":["7"]}},{"type":"Feature","geometry":{"type":"Point","coordinates":[-97.75304,30.20447]},"properties":{"id":"1229","name":"4801 Freidrich/Teri","routes":["7"],"route_ids":["7"]}},{"type":"Feature","geometry":{"type":"Point","coordinates":[-97.75068,30.20817]},"properties":{"id":"1230","name":"4601 Freidrich/City Yard","routes":["7"],"route_ids":["7"]}},{"type":"Feature","geometry":{"type":"Point","coordinates":[-97.74869,30.21134]},"properties":{"id":"1231","name":"4217 Freidrich/St Elmo","routes":["7"],"route_ids":["7"]}},{"type":"Feature","geometry":{"type":"Point","coordinates":[-97.74612,30.21348]},"properties":{"id":"1232","name":"4115 Freidrich/Woodward","routes":["7"],"route_ids":["7"]}},{"type":"Feature","geometry":{"type":"Point","coordinates":[-97.74415,30.21508]},"properties":{"id":"1233","name":"Woodward/Ben White SE Corner","routes":["7"],"route_ids":["7"]}},{"type":"Feature","geometry":{"type":"Point","coordinates":[-97.74379,30.21946]},"properties":{"id":"1235","name":"1901 Woodward/Parker","routes":["310","7"],"route_ids":["310","7"]}},{"type":"Feature","geometry":{"type":"Point","coordinates":[-97.74216,30.22452]},"properties":{"id":"1237","name":"3101 Parker/Wickshire","routes":["310","7"],"route_ids":["310","7"]}},{"type":"Feature","geometry":{"type":"Point","coordinates":[-97.74039,30.22738]},"properties":{"id":"1238","name":"2801 Parker/Royal Hill","routes":["310","7"],"route_ids":["310","7"]}},{"type":"Feature","geometry":{"type":"Point","coordinates":[-97.7382,30.23014]},"properties":{"id":"1239","name":"2501 Parker/Braxton","routes":["310","7"],"route_ids":["310","7"]}},{"type":"Feature","geometry":{"type":"Point","coordinates":[-97.73693,30.23212]},"properties":{"id":"1240","name":"2301 Parker/Oltorf","routes":["310","7"],"route_ids":["310","7"]}},{"type":"Feature","geometry":{"type":"Point","coordinates":[-97.73193,30.23341]},"properties":{"id":"1242","name":"2001 Burton/Mariposa","routes":["483"],"route_ids":["483"]}},{"type":"Feature","geometry":{"type":"Point","coordinates":[-97.73131,30.23406]},"properties":{"id":"1243","name":"Burton/Valley Hill Cir.","routes":["483","7"],"route_ids":["483","7"]}},{"type":"Feature","geometry":{"type":"Point","coordinates":[-97.72851,30.23576]},"properties":{"id":"1244","name":"1801 Burton/Woodland","routes":["483","7"],"route_ids":["483","7"]}},{"type":"Feature","geometry":{"type":"Point","coordinates":[-97.73859,30.24991]},"properties":{"id":"1246","name":"1000 East Riverside/Travis Heights","routes":["20","483","7"],"route_ids":["20","483","7"]}},{"type":"Feature","geometry":{"type":"Point","coordinates":[-97.74546,30.25587]},"properties":{"id":"1249","name":"150 Riverside/Congress","routes":["142","20","483","7"],"route_ids":["142","20","483","7"]}},{"type":"Feature","geometry":{"type":"Point","coordinates":[-97.73391,30.2831]},"properties":{"id":"1253","name":"2031 San Jacinto/21st","routes":["10","103","111","171","465","642","7","935","985"],"route_ids":["10","103","111","171","465","642","7","935","985"]}},{"type":"Feature","geometry":{"type":"Point","coordinates":[-97.7344,30.28878]},"properties":{"id":"1256","name":"2525 San Jacinto/Dean Keeton","routes":["10","103","111","465","7","985"],"route_ids":["10","103","111","465","7","985"]}},{"type":"Feature","geometry":{"type":"Point","coordinates":[-97.73392,30.29213]},"properties":{"id":"1257","name":"Duval/Bellevue","routes":["7"],"route_ids":["7"]}},{"type":"Feature","geometry":{"type":"Point","coordinates":[-97.73311,30.29338]},"properties":{"id":"1258","name":"Duval/32nd","routes":["7"],"route_ids":["7"]}},{"type":"Feature","geometry":{"type":"Point","coordinates":[-97.73149,30.29591]},"properties":{"id":"1259","name":"Duval/Harris","routes":["7"],"route_ids":["7"]}},{"type":"Feature","geometry":{"type":"Point","coordinates":[-97.72983,30.29851]},"properties":{"id":"1260","name":"3717 Duval/38th","routes":["7"],"route_ids":["7"]}},{"type":"Feature","geometry":{"type":"Point","coordinates":[-97.7276,30.30214]},"properties":{"id":"1261","name":"4017 Duval/41st","routes":["7"],"route_ids":["7"]}},{"type":"Feature","geometry":{"type":"Point","coordinates":[-97.72636,30.30413]},"properties":{"id":"1262","name":"Duval/Park","routes":["7"],"route_ids":["7"]}},{"type":"Feature","geometry":{"type":"Point","coordinates":[-97.72458,30.3069]},"properties":{"id":"1263","name":"4433 Duval/45th","routes":["7"],"route_ids":["7"]}},{"type":"Feature","geometry":{"type":"Point","coordinates":[-97.72368,30.3083]},"properties":{"id":"1264","name":"4533 Duval/45th","routes":["7"],"route_ids":["7"]}},{"type":"Feature","geometry":{"type":"Point","coordinates":[-97.72179,30.31117]},"properties":{"id":"1265","name":"4803 Duval/48th Street","routes":["7"],"route_ids":["7"]}},{"type":"Feature","geometry":{"type":"Point","coordinates":[-97.7197,30.31443]},"properties":{"id":"1267","name":"Duval/Bruning","routes":["7"],"route_ids":["7"]}},{"type":"Feature","geometry":{"type":"Point","coordinates":[-97.71873,30.3216]},"properties":{"id":"1271","name":"5613 Avenue F/Koenig","routes":["7"],"route_ids":["7"]}},{"type":"Feature","geometry":{"type":"Point","coordinates":[-97.71704,30.33436]},"properties":{"id":"1273","name":"6902 Airport Blvd/Guadalupe","routes":["350","7"],"route_ids":["350","7"]}},{"type":"Feature","geometry":{"type":"Point","coordinates":[-97.71638,30.33469]},"properties":{"id":"1274","name":"Guadalupe/Kennistson","routes":["324"],"route_ids":["324"]}},{"type":"Feature","geometry":{"type":"Point","coordinates":[-97.71443,30.33767]},"properties":{"id":"1275","name":"7125 Guadalupe/St Johns","routes":["324"],"route_ids":["324"]}},{"type":"Feature","geometry":{"type":"Point","coordinates":[-97.7129,30.34]},"properties":{"id":"1276","name":"7417 Guadalupe/Crestland","routes":["324"],"route_ids":["324"]}},{"type":"Feature","geometry":{"type":"Point","coordinates":[-97.70842,30.34063]},"properties":{"id":"1278","name":"7601 Northcrest/Prairie Dell","routes":["324"],"route_ids":["324"]}},{"type":"Feature","geometry":{"type":"Point","coordinates":[-97.70201,30.34949]},"properties":{"id":"1282","name":"Georgian/Red Oak","routes":["324"],"route_ids":["324"]}},{"type":"Feature","geometry":{"type":"Point","coordinates":[-97.70051,30.3513]},"properties":{"id":"1283","name":"Georgian/Walnut","routes":["324"],"route_ids":["324"]}},{"type":"Feature","geometry":{"type":"Point","coordinates":[-97.69873,30.35343]},"properties":{"id":"1284","name":"Georgian/Little Walnut","routes":["324"],"route_ids":["324"]}},{"type":"Feature","geometry":{"type":"Point","coordinates":[-97.69617,30.35601]},"properties":{"id":"1285","name":"Georgian/Home Place","routes":["324"],"route_ids":["324"]}},{"type":"Feature","geometry":{"type":"Point","coordinates":[-97.69481,30.35812]},"properties":{"id":"1286","name":"9013 Georgian/Fawnridge","routes":["324"],"route_ids":["324"]}},{"type":"Feature","geometry":{"type":"Point","coordinates":[-97.69203,30.36004]},"properties":{"id":"1289","name":"307 Rundberg/North Creek","routes":["142","325"],"route_ids":["142","325"]}},{"type":"Feature","geometry":{"type":"Point","coordinates":[-97.71682,30.34127]},"properties":{"id":"1296","name":"7346 Lamar/Sugaree","routes":["1","350","481"],"route_ids":["1","350","481"]}},{"type":"Feature","geometry":{"type":"Point","coordinates":[-97.69485,30.32832]},"properties":{"id":"1308","name":"1127 St Johns/Grand Canyon","routes":["300"],"route_ids":["300"]}},{"type":"Feature","geometry":{"type":"Point","coordinates":[-97.68924,30.3223]},"properties":{"id":"1313","name":"Berkman/US 290 NW Corner","routes":["10"],"route_ids":["10"]}},{"type":"Feature","geometry":{"type":"Point","coordinates":[-97.69122,30.31645]},"properties":{"id":"1316","name":"6208 Berkman/Glen Valley","routes":["10"],"route_ids":["10"]}},{"type":"Feature","geometry":{"type":"Point","coordinates":[-97.69367,30.31231]},"properties":{"id":"1318","name":"5810 Berkman/Sweetbriar","routes":["10"],"route_ids":["10"]}},{"type":"Feature","geometry":{"type":"Point","coordinates":[-97.69554,30.30934]},"properties":{"id":"1319","name":"Berkman/Cloverleaf","routes":["10"],"route_ids":["10"]}},{"type":"Feature","geometry":{"type":"Point","coordinates":[-97.6803,30.2896]},"properties":{"id":"1330","name":"4612 Springdale/Touchstone","routes":["300"],"route_ids":["300"]}},{"type":"Feature","geometry":{"type":"Point","coordinates":[-97.68261,30.28613]},"properties":{"id":"1331","name":"4300 Springdale/Martin Luther King","routes":["300"],"route_ids":["300"]}},{"type":"Feature","geometry":{"type":"Point","coordinates":[-97.6853,30.28188]},"properties":{"id":"1334","name":"Springdale/Glomar","routes":["300"],"route_ids":["300"]}},{"type":"Feature","geometry":{"type":"Point","coordinates":[-97.68697,30.27923]},"properties":{"id":"1335","name":"1200 Springdale/12th","routes":["300"],"route_ids":["300"]}},{"type":"Feature","geometry":{"type":"Point","coordinates":[-97.68849,30.27673]},"properties":{"id":"1336","name":"1150 Springdale/Webberville","routes":["300"],"route_ids":["300"]}},{"type":"Feature","geometry":{"type":"Point","coordinates":[-97.69009,30.2743]},"properties":{"id":"1337","name":"1106 Springdale/Ledesma","routes":["300"],"route_ids":["300"]}},{"type":"Feature","geometry":{"type":"Point","coordinates":[-97.69222,30.2709]},"properties":{"id":"1338","name":"1050 Springdale/Prock","routes":["2","300"],"route_ids":["2","300"]}},{"type":"Feature","geometry":{"type":"Point","coordinates":[-97.69435,30.26758]},"properties":{"id":"1339","name":"1018 Springdale/Goodwin","routes":["2","300"],"route_ids":["2","300"]}},{"type":"Feature","geometry":{"type":"Point","coordinates":[-97.69528,30.26614]},"properties":{"id":"1340","name":"1006 Springdale/Airport","routes":["2","300"],"route_ids":["2","300"]}},{"type":"Feature","geometry":{"type":"Point","coordinates":[-97.69935,30.26508]},"properties":{"id":"1341","name":"3600 Govalle/Gunter","routes":["300"],"route_ids":["300"]}},{"type":"Feature","geometry":{"type":"Point","coordinates":[-97.70202,30.26602]},"properties":{"id":"1342","name":"3200 Govalle/Tillery","routes":["300"],"route_ids":["300"]}},{"type":"Feature","geometry":{"type":"Point","coordinates":[-97.70699,30.26774]},"properties":{"id":"1344","name":"Govalle/Webberville","routes":["300"],"route_ids":["300"]}},{"type":"Feature","geometry":{"type":"Point","coordinates":[-97.70883,30.26517]},"properties":{"id":"1346","name":"850 Pleasant Valley/Webberville","routes":["300"],"route_ids":["300"]}},{"type":"Feature","geometry":{"type":"Point","coordinates":[-97.70834,30.26366]},"properties":{"id":"1347","name":"820 Pleasant Valley/Lyons","routes":["300"],"route_ids":["300"]}},{"type":"Feature","geometry":{"type":"Point","coordinates":[-97.70974,30.25975]},"properties":{"id":"1349","name":"7th Street SB (Pleasant Valley/7th)","routes":["135","300","800"],"route_ids":["135","300","800"]}},{"type":"Feature","geometry":{"type":"Point","coordinates":[-97.71751,30.2422]},"properties":{"id":"1353","name":"Roy G Guerrero SB (Pleasant Valley/Lakeshore)","routes":["300","800"],"route_ids":["300","800"]}},{"type":"Feature","geometry":{"type":"Point","coordinates":[-97.72828,30.22784]},"properties":{"id":"1356","name":"Oltorf East SB (Oltorf/Pleasant Valley)","routes":["300","310","483","800"],"route_ids":["300","310","483","800"]}},{"type":"Feature","geometry":{"type":"Point","coordinates":[-97.73175,30.23021]},"properties":{"id":"1358","name":"2030 Oltorf/Willow Creek","routes":["300","310","483"],"route_ids":["300","310","483"]}},{"type":"Feature","geometry":{"type":"Point","coordinates":[-97.73355,30.23121]},"properties":{"id":"1359","name":"2201 Burton/Oltorf","routes":["483","7"],"route_ids":["483","7"]}},{"type":"Feature","geometry":{"type":"Point","coordinates":[-97.72758,30.2392]},"properties":{"id":"1361","name":"Burton/Riverside","routes":["483","7"],"route_ids":["483","7"]}},{"type":"Feature","geometry":{"type":"Point","coordinates":[-97.72149,30.23962]},"properties":{"id":"1363","name":"Elmont/Pleasant Valley/1","routes":["228","670"],"route_ids":["228","670"]}},{"type":"Feature","geometry":{"type":"Point","coordinates":[-97.71728,30.2422]},"properties":{"id":"1364","name":"Roy G Guerrero NB (Pleasant Valley/Lakeshore)","routes":["300","672","800"],"route_ids":["300","672","800"]}},{"type":"Feature","geometry":{"type":"Point","coordinates":[-97.71469,30.24628]},"properties":{"id":"1365","name":"517 Pleasant Valley (Krieg Field)","routes":["300"],"route_ids":["300"]}},{"type":"Feature","geometry":{"type":"Point","coordinates":[-97.7106,30.25744]},"properties":{"id":"1368","name":"501 Pleasant Valley/5th","routes":["300","4","672"],"route_ids":["300","4","672"]}},{"type":"Feature","geometry":{"type":"Point","coordinates":[-97.70948,30.25986]},"properties":{"id":"1369","name":"7th Street NB (Pleasant Valley/7th)","routes":["135","300","800"],"route_ids":["135","300","800"]}},{"type":"Feature","geometry":{"type":"Point","coordinates":[-97.70823,30.26355]},"properties":{"id":"1372","name":"819 Pleasant Valley/Lyons","routes":["300"],"route_ids":["300"]}},{"type":"Feature","geometry":{"type":"Point","coordinates":[-97.70878,30.2653]},"properties":{"id":"1373","name":"851 Pleasant Valley/Webberville","routes":["300","493"],"route_ids":["300","493"]}},{"type":"Feature","geometry":{"type":"Point","coordinates":[-97.69846,30.26462]},"properties":{"id":"1377","name":"3601 Govalle/Gunter","routes":["300"],"route_ids":["300"]}},{"type":"Feature","geometry":{"type":"Point","coordinates":[-97.69439,30.26724]},"properties":{"id":"1379","name":"1017 Springdale/Goodwin","routes":["2","300"],"route_ids":["2","300"]}},{"type":"Feature","geometry":{"type":"Point","coordinates":[-97.69193,30.27106]},"properties":{"id":"1381","name":"1053 Springdale/Prock","routes":["2","300"],"route_ids":["2","300"]}},{"type":"Feature","geometry":{"type":"Point","coordinates":[-97.68989,30.2743]},"properties":{"id":"1382","name":"1107 Springdale/Ledesma","routes":["300"],"route_ids":["300"]}},{"type":"Feature","geometry":{"type":"Point","coordinates":[-97.68806,30.2771]},"properties":{"id":"1383","name":"1161 Springdale/Webberville","routes":["300"],"route_ids":["300"]}},{"type":"Feature","geometry":{"type":"Point","coordinates":[-97.68635,30.27992]},"properties":{"id":"1384","name":"1207 Springdale/12th","routes":["300"],"route_ids":["300"]}},{"type":"Feature","geometry":{"type":"Point","coordinates":[-97.68482,30.28237]},"properties":{"id":"1385","name":"Springdale/Leslie","routes":["300"],"route_ids":["300"]}},{"type":"Feature","geometry":{"type":"Point","coordinates":[-97.69473,30.31036]},"properties":{"id":"1396","name":"Berkman/Larkwood","routes":["10"],"route_ids":["10"]}},{"type":"Feature","geometry":{"type":"Point","coordinates":[-97.69205,30.31479]},"properties":{"id":"1398","name":"6001 Berkman/Briarcliff","routes":["10"],"route_ids":["10"]}},{"type":"Feature","geometry":{"type":"Point","coordinates":[-97.69103,30.31646]},"properties":{"id":"1399","name":"6207 Berkman/Glen Valley","routes":["10"],"route_ids":["10"]}},{"type":"Feature","geometry":{"type":"Point","coordinates":[-97.68963,30.31873]},"properties":{"id":"1400","name":"6509 Berkman/Wheless","routes":["10"],"route_ids":["10"]}},{"type":"Feature","geometry":{"type":"Point","coordinates":[-97.68877,30.32074]},"properties":{"id":"1401","name":"Berkman/US 290 SE Corner","routes":["10"],"route_ids":["10"]}},{"type":"Feature","geometry":{"type":"Point","coordinates":[-97.68899,30.32244]},"properties":{"id":"1402","name":"Berkman/US 290 NE Corner","routes":["10"],"route_ids":["10"]}},{"type":"Feature","geometry":{"type":"Point","coordinates":[-97.69854,30.33032]},"properties":{"id":"1409","name":"1008 St Johns/Bethune","routes":["300"],"route_ids":["300"]}},{"type":"Feature","geometry":{"type":"Point","coordinates":[-97.70125,30.33159]},"properties":{"id":"1410","name":"900 St Johns/Bennett","routes":["300","337"],"route_ids":["300","337"]}},{"type":"Feature","geometry":{"type":"Point","coordinates":[-97.70608,30.33317]},"properties":{"id":"1412","name":"7100 Roland Johnson/St Johns","routes":["337"],"route_ids":["337"]}},{"type":"Feature","geometry":{"type":"Point","coordinates":[-97.70698,30.33091]},"properties":{"id":"1413","name":"6970 Roland Johnson/Huntland","routes":["337"],"route_ids":["337"]}},{"type":"Feature","geometry":{"type":"Point","coordinates":[-97.71068,30.33085]},"properties":{"id":"1414","name":"300 Huntland/Brenda","routes":["337"],"route_ids":["337"]}},{"type":"Feature","geometry":{"type":"Point","coordinates":[-97.71306,30.32877]},"properties":{"id":"1415","name":"6500 Jonathan Dr (Highland Mall)","routes":["337"],"route_ids":["337"]}},{"type":"Feature","geometry":{"type":"Point","coordinates":[-97.71661,30.34111]},"properties":{"id":"1417","name":"7401 Lamar/St Johns","routes":["1","350","481"],"route_ids":["1","350","481"]}},{"type":"Feature","geometry":{"type":"Point","coordinates":[-97.76288,30.30955]},"properties":{"id":"1423","name":"Exposition/Warren","routes":["335"],"route_ids":["335"]}},{"type":"Feature","geometry":{"type":"Point","coordinates":[-97.7634,30.30763]},"properties":{"id":"1424","name":"Exposition/Mountain Laurel","routes":["335"],"route_ids":["335"]}},{"type":"Feature","geometry":{"type":"Point","coordinates":[-97.76493,30.3055]},"properties":{"id":"1425","name":"Exposition/Northwood","routes":["335"],"route_ids":["335"]}},{"type":"Feature","geometry":{"type":"Point","coordinates":[-97.76454,30.30379]},"properties":{"id":"1426","name":"2728 Exposition (Casis Elementary)","routes":["335"],"route_ids":["335"]}},{"type":"Feature","geometry":{"type":"Point","coordinates":[-97.7712,30.28998]},"properties":{"id":"1440","name":"2525 Enfield/Norwalk","routes":["18"],"route_ids":["18"]}},{"type":"Feature","geometry":{"type":"Point","coordinates":[-97.76223,30.28479]},"properties":{"id":"1444","name":"1801 Enfield/Hartford","routes":["18"],"route_ids":["18"]}},{"type":"Feature","geometry":{"type":"Point","coordinates":[-97.75811,30.28277]},"properties":{"id":"1446","name":"1603 Enfield/West Lynn","routes":["18"],"route_ids":["18"]}},{"type":"Feature","geometry":{"type":"Point","coordinates":[-97.74719,30.23632]},"properties":{"id":"1465","name":"Oltorf/Alta Vista","routes":["300"],"route_ids":["300"]}},{"type":"Feature","geometry":{"type":"Point","coordinates":[-97.74569,30.23565]},"properties":{"id":"1466","name":"1101 Oltorf/Alta Vista","routes":["300"],"route_ids":["300"]}},{"type":"Feature","geometry":{"type":"Point","coordinates":[-97.74302,30.2342]},"properties":{"id":"1467","name":"1313 Oltorf/Schriber","routes":["300"],"route_ids":["300"]}},{"type":"Feature","geometry":{"type":"Point","coordinates":[-97.73946,30.23322]},"properties":{"id":"1474","name":"1605 Oltorf/IH 35","routes":["300"],"route_ids":["300"]}},{"type":"Feature","geometry":{"type":"Point","coordinates":[-97.7371,30.23228]},"properties":{"id":"1475","name":"1747 Oltorf/Parker","routes":["300"],"route_ids":["300"]}},{"type":"Feature","geometry":{"type":"Point","coordinates":[-97.74861,30.23677]},"properties":{"id":"1494","name":"710 Oltorf/East Side","routes":["300"],"route_ids":["300"]}},{"type":"Feature","geometry":{"type":"Point","coordinates":[-97.75893,30.2831]},"properties":{"id":"1511","name":"Enfield/Pease","routes":["18"],"route_ids":["18"]}},{"type":"Feature","geometry":{"type":"Point","coordinates":[-97.76172,30.28462]},"properties":{"id":"1513","name":"1728 Enfield/Hartford","routes":["18"],"route_ids":["18"]}},{"type":"Feature","geometry":{"type":"Point","coordinates":[-97.77239,30.29082]},"properties":{"id":"1517","name":"2600 Enfield/Norwalk","routes":["18"],"route_ids":["18"]}},{"type":"Feature","geometry":{"type":"Point","coordinates":[-97.77568,30.29241]},"properties":{"id":"1519","name":"Enfield/Hopi","routes":["18"],"route_ids":["18"]}},{"type":"Feature","geometry":{"type":"Point","coordinates":[-97.7875,30.19744]},"properties":{"id":"1540","name":"6594 1st/William Cannon","routes":["10"],"route_ids":["10"]}},{"type":"Feature","geometry":{"type":"Point","coordinates":[-97.78567,30.20033]},"properties":{"id":"1541","name":"6403 S 1st/Eberhart","routes":["10"],"route_ids":["10"]}},{"type":"Feature","geometry":{"type":"Point","coordinates":[-97.78379,30.20363]},"properties":{"id":"1542","name":"6001 S 1st/Flournoy","routes":["10"],"route_ids":["10"]}},{"type":"Feature","geometry":{"type":"Point","coordinates":[-97.77903,30.21157]},"properties":{"id":"1545","name":"5201 S 1st/Ramble","routes":["10"],"route_ids":["10"]}},{"type":"Feature","geometry":{"type":"Point","coordinates":[-97.77801,30.21328]},"properties":{"id":"1546","name":"5001 S 1st/Emerald Wood","routes":["10"],"route_ids":["10"]}},{"type":"Feature","geometry":{"type":"Point","coordinates":[-97.77545,30.2168]},"properties":{"id":"1548","name":"4617 S 1st/Orland","routes":["10"],"route_ids":["10"]}},{"type":"Feature","geometry":{"type":"Point","coordinates":[-97.77291,30.22094]},"properties":{"id":"1549","name":"4401 S 1st/St Elmo","routes":["10"],"route_ids":["10"]}},{"type":"Feature","geometry":{"type":"Point","coordinates":[-97.77117,30.22369]},"properties":{"id":"1550","name":"4217 S 1st/Radam","routes":["10"],"route_ids":["10"]}},{"type":"Feature","geometry":{"type":"Point","coordinates":[-97.76891,30.22722]},"properties":{"id":"1553","name":"3837 S 1st/Ben White","routes":["10"],"route_ids":["10"]}},{"type":"Feature","geometry":{"type":"Point","coordinates":[-97.76737,30.22964]},"properties":{"id":"1554","name":"3715 1st/South Center","routes":["10"],"route_ids":["10"]}},{"type":"Feature","geometry":{"type":"Point","coordinates":[-97.76581,30.2322]},"properties":{"id":"1556","name":"3361 S 1st/Lightsey","routes":["10"],"route_ids":["10"]}},{"type":"Feature","geometry":{"type":"Point","coordinates":[-97.76398,30.23509]},"properties":{"id":"1557","name":"3001 S 1st/Powell","routes":["10"],"route_ids":["10"]}},{"type":"Feature","geometry":{"type":"Point","coordinates":[-97.76211,30.23806]},"properties":{"id":"1558","name":"2701 S 1st/Cumberland","routes":["10"],"route_ids":["10"]}},{"type":"Feature","geometry":{"type":"Point","coordinates":[-97.76086,30.23995]},"properties":{"id":"1559","name":"2529 S 1st/Herndon","routes":["10"],"route_ids":["10"]}},{"type":"Feature","geometry":{"type":"Point","coordinates":[-97.75966,30.24193]},"properties":{"id":"1560","name":"2401 S 1st/Oltorf","routes":["10"],"route_ids":["10"]}},{"type":"Feature","geometry":{"type":"Point","coordinates":[-97.75766,30.24437]},"properties":{"id":"1561","name":"2201 S 1st/Live Oak","routes":["10"],"route_ids":["10"]}},{"type":"Feature","geometry":{"type":"Point","coordinates":[-97.75584,30.24724]},"properties":{"id":"1562","name":"1801 S 1st/Annie","routes":["10"],"route_ids":["10"]}},{"type":"Feature","geometry":{"type":"Point","coordinates":[-97.75294,30.25361]},"properties":{"id":"1564","name":"1001 S 1st/Copeland","routes":["10"],"route_ids":["10"]}},{"type":"Feature","geometry":{"type":"Point","coordinates":[-97.75128,30.25619]},"properties":{"id":"1565","name":"615 South 1st/Copeland","routes":["10"],"route_ids":["10"]}},{"type":"Feature","geometry":{"type":"Point","coordinates":[-97.75017,30.25798]},"properties":{"id":"1566","name":"505 S 1ST/BARTON SPRINGS","routes":["10"],"route_ids":["10"]}},{"type":"Feature","geometry":{"type":"Point","coordinates":[-97.74936,30.25943]},"properties":{"id":"1567","name":"301 S 1st/Riverside","routes":["10","105","30"],"route_ids":["10","105","30"]}},{"type":"Feature","geometry":{"type":"Point","coordinates":[-97.71785,30.28444]},"properties":{"id":"1578","name":"Cherrywood NB (Manor/Chestnut)","routes":["320","837"],"route_ids":["320","837"]}},{"type":"Feature","geometry":{"type":"Point","coordinates":[-97.71357,30.28509]},"properties":{"id":"1580","name":"2709 Manor/Walnut","routes":["320"],"route_ids":["320"]}},{"type":"Feature","geometry":{"type":"Point","coordinates":[-97.70989,30.28565]},"properties":{"id":"1582","name":"Alexander Station NB (Manor/Alexander)","routes":["320","837"],"route_ids":["320","837"]}},{"type":"Feature","geometry":{"type":"Point","coordinates":[-97.69463,30.29008]},"properties":{"id":"1588","name":"Morris Williams Golf Course","routes":["320"],"route_ids":["320"]}},{"type":"Feature","geometry":{"type":"Point","coordinates":[-97.68921,30.29279]},"properties":{"id":"1589","name":"4601 Manor/Lovell","routes":["320"],"route_ids":["320"]}},{"type":"Feature","geometry":{"type":"Point","coordinates":[-97.68479,30.3012]},"properties":{"id":"1592","name":"Manor/Pecan Springs","routes":["320"],"route_ids":["320"]}},{"type":"Feature","geometry":{"type":"Point","coordinates":[-97.68108,30.30476]},"properties":{"id":"1594","name":"Manor at Rogge NB (Manor/Rogge)","routes":["320","837"],"route_ids":["320","837"]}},{"type":"Feature","geometry":{"type":"Point","coordinates":[-97.68007,30.30631]},"properties":{"id":"1595","name":"5819 Manor/Sweeney","routes":["320"],"route_ids":["320"]}},{"type":"Feature","geometry":{"type":"Point","coordinates":[-97.67035,30.30857]},"properties":{"id":"1599","name":"University Hills NB (Manor/Northeast)","routes":["320","837"],"route_ids":["320","837"]}},{"type":"Feature","geometry":{"type":"Point","coordinates":[-97.66719,30.30992]},"properties":{"id":"1600","name":"6699 Manor/Loyola","routes":["320"],"route_ids":["320"]}},{"type":"Feature","geometry":{"type":"Point","coordinates":[-97.66503,30.31285]},"properties":{"id":"1601","name":"Springdale Center NB (Manor/Susquehanna)","routes":["320","837"],"route_ids":["320","837"]}},{"type":"Feature","geometry":{"type":"Point","coordinates":[-97.65943,30.31767]},"properties":{"id":"1603","name":"Delco Center NB (Pecan Brook/Springdale)","routes":["320","837"],"route_ids":["320","837"]}},{"type":"Feature","geometry":{"type":"Point","coordinates":[-97.65315,30.31318]},"properties":{"id":"1606","name":"5513 Pecan Brook/Tumbleweed","routes":["320"],"route_ids":["320"]}},{"type":"Feature","geometry":{"type":"Point","coordinates":[-97.65268,30.308]},"properties":{"id":"1608","name":"Purple Sage NB (Crystalbrook/Purple Sage)","routes":["837"],"route_ids":["837"]}},{"type":"Feature","geometry":{"type":"Point","coordinates":[-97.65237,30.30857]},"properties":{"id":"1614","name":"Purple Sage SB (Crystalbrook/Purple Sage)","routes":["837"],"route_ids":["837"]}},{"type":"Feature","geometry":{"type":"Point","coordinates":[-97.65582,30.31464]},"properties":{"id":"1616","name":"LBJ High School SB (Pecan Brook/Uray)","routes":["837"],"route_ids":["837"]}},{"type":"Feature","geometry":{"type":"Point","coordinates":[-97.65968,30.31795]},"properties":{"id":"1618","name":"Delco Center SB (Pecan Brook/Springdale)","routes":["320","837"],"route_ids":["320","837"]}},{"type":"Feature","geometry":{"type":"Point","coordinates":[-97.6647,30.31386]},"properties":{"id":"1619","name":"7000 Manor/Susquehanna","routes":["320","339"],"route_ids":["320","339"]}},{"type":"Feature","geometry":{"type":"Point","coordinates":[-97.66748,30.31]},"properties":{"id":"1621","name":"6650 Manor/Loyola","routes":["320"],"route_ids":["320"]}},{"type":"Feature","geometry":{"type":"Point","coordinates":[-97.67121,30.3085]},"properties":{"id":"1622","name":"University Hills SB (Manor/Northeast)","routes":["320","837"],"route_ids":["320","837"]}},{"type":"Feature","geometry":{"type":"Point","coordinates":[-97.67819,30.30794]},"properties":{"id":"1625","name":"6102 Manor/Wheless","routes":["320"],"route_ids":["320"]}},{"type":"Feature","geometry":{"type":"Point","coordinates":[-97.6801,30.30659]},"properties":{"id":"1626","name":"5900 Manor/Sweeney","routes":["320"],"route_ids":["320"]}},{"type":"Feature","geometry":{"type":"Point","coordinates":[-97.68161,30.30438]},"properties":{"id":"1627","name":"Manor at Rogge SB (Manor/Rogge)","routes":["320","837"],"route_ids":["320","837"]}},{"type":"Feature","geometry":{"type":"Point","coordinates":[-97.68506,30.30115]},"properties":{"id":"1629","name":"Manor/Wellington","routes":["320"],"route_ids":["320"]}},{"type":"Feature","geometry":{"type":"Point","coordinates":[-97.68702,30.29836]},"properties":{"id":"1631","name":"51st/Manor SB (Manor/51st)","routes":["320","837"],"route_ids":["320","837"]}},{"type":"Feature","geometry":{"type":"Point","coordinates":[-97.68938,30.29216]},"properties":{"id":"1633","name":"4500 Manor/Lovell","routes":["320"],"route_ids":["320"]}},{"type":"Feature","geometry":{"type":"Point","coordinates":[-97.69511,30.29027]},"properties":{"id":"1634","name":"3722 Manor/Tilley","routes":["320"],"route_ids":["320"]}},{"type":"Feature","geometry":{"type":"Point","coordinates":[-97.69827,30.28934]},"properties":{"id":"1635","name":"3600 Manor/Pershing","routes":["320"],"route_ids":["320"]}},{"type":"Feature","geometry":{"type":"Point","coordinates":[-97.70111,30.28773]},"properties":{"id":"1636","name":"Manor/Anchor","routes":["320","335","485"],"route_ids":["320","335","485"]}},{"type":"Feature","geometry":{"type":"Point","coordinates":[-97.71092,30.28566]},"properties":{"id":"1639","name":"Alexander SB (Manor/Alexander)","routes":["320","837"],"route_ids":["320","837"]}},{"type":"Feature","geometry":{"type":"Point","coordinates":[-97.71441,30.28512]},"properties":{"id":"1640","name":"Manor/Walnut","routes":["320"],"route_ids":["320"]}},{"type":"Feature","geometry":{"type":"Point","coordinates":[-97.71798,30.28455]},"properties":{"id":"1642","name":"Cherrywood SB (Manor/Cherrywood)","routes":["320","837"],"route_ids":["320","837"]}},{"type":"Feature","geometry":{"type":"Point","coordinates":[-97.72197,30.28479]},"properties":{"id":"1644","name":"Dean Keeton/Dancy NE Corner","routes":["320"],"route_ids":["320"]}},{"type":"Feature","geometry":{"type":"Point","coordinates":[-97.74976,30.25931]},"properties":{"id":"1655","name":"400 S 1st/Riverside","routes":["10","105","30"],"route_ids":["10","105","30"]}},{"type":"Feature","geometry":{"type":"Point","coordinates":[-97.7504,30.25808]},"properties":{"id":"1656","name":"500 S 1ST/BARTON SPRINGS","routes":["10"],"route_ids":["10"]}},{"type":"Feature","geometry":{"type":"Point","coordinates":[-97.75122,30.25662]},"properties":{"id":"1657","name":"614 South 1st/Barton Springs","routes":["10"],"route_ids":["10"]}},{"type":"Feature","geometry":{"type":"Point","coordinates":[-97.75497,30.25022]},"properties":{"id":"1659","name":"1408 S 1st/Elizabeth","routes":["10"],"route_ids":["10"]}},{"type":"Feature","geometry":{"type":"Point","coordinates":[-97.75586,30.24757]},"properties":{"id":"1661","name":"1720 S 1st/Annie","routes":["10"],"route_ids":["10"]}},{"type":"Feature","geometry":{"type":"Point","coordinates":[-97.75786,30.24438]},"properties":{"id":"1662","name":"2001 S 1st/Live Oak","routes":["10"],"route_ids":["10"]}},{"type":"Feature","geometry":{"type":"Point","coordinates":[-97.75961,30.24226]},"properties":{"id":"1663","name":"2324 S 1st/Oltorf","routes":["10"],"route_ids":["10"]}},{"type":"Feature","geometry":{"type":"Point","coordinates":[-97.76114,30.23993]},"properties":{"id":"1664","name":"2522 S 1st/Herndon","routes":["10"],"route_ids":["10"]}},{"type":"Feature","geometry":{"type":"Point","coordinates":[-97.76416,30.2351]},"properties":{"id":"1666","name":"3001 S 1st/Powell","routes":["10"],"route_ids":["10"]}},{"type":"Feature","geometry":{"type":"Point","coordinates":[-97.76604,30.23213]},"properties":{"id":"1667","name":"3310 S 1st/Cardinal","routes":["10"],"route_ids":["10"]}},{"type":"Feature","geometry":{"type":"Point","coordinates":[-97.76906,30.22738]},"properties":{"id":"1669","name":"3818 S 1st/Ben White","routes":["10"],"route_ids":["10"]}},{"type":"Feature","geometry":{"type":"Point","coordinates":[-97.77033,30.22533]},"properties":{"id":"1671","name":"4104 S 1st/Ben White","routes":["10"],"route_ids":["10"]}},{"type":"Feature","geometry":{"type":"Point","coordinates":[-97.77289,30.22125]},"properties":{"id":"1673","name":"4326 S 1st/St Elmo","routes":["10"],"route_ids":["10"]}},{"type":"Feature","geometry":{"type":"Point","coordinates":[-97.77482,30.21815]},"properties":{"id":"1674","name":"4530 S 1st/Philco","routes":["10"],"route_ids":["10"]}},{"type":"Feature","geometry":{"type":"Point","coordinates":[-97.77808,30.21344]},"properties":{"id":"1676","name":"5000 S 1st/Emerald Wood","routes":["10"],"route_ids":["10"]}},{"type":"Feature","geometry":{"type":"Point","coordinates":[-97.78568,30.20071]},"properties":{"id":"1682","name":"6400 S 1st/Eberhart","routes":["10"],"route_ids":["10"]}},{"type":"Feature","geometry":{"type":"Point","coordinates":[-97.79091,30.19856]},"properties":{"id":"1685","name":"William Cannon/Cooper","routes":["333"],"route_ids":["333"]}},{"type":"Feature","geometry":{"type":"Point","coordinates":[-97.79335,30.19933]},"properties":{"id":"1686","name":"William Cannon/Emerald Forest","routes":["333"],"route_ids":["333"]}},{"type":"Feature","geometry":{"type":"Point","coordinates":[-97.72062,30.30338]},"properties":{"id":"1701","name":"4400 Red River/44th","routes":["10"],"route_ids":["10"]}},{"type":"Feature","geometry":{"type":"Point","coordinates":[-97.72278,30.29861]},"properties":{"id":"1703","name":"4000 Red River/40th","routes":["10","322"],"route_ids":["10","322"]}},{"type":"Feature","geometry":{"type":"Point","coordinates":[-97.72344,30.29576]},"properties":{"id":"1704","name":"Red River/38th","routes":["10"],"route_ids":["10"]}},{"type":"Feature","geometry":{"type":"Point","coordinates":[-97.72739,30.29057]},"properties":{"id":"1706","name":"3100 Red River/32nd","routes":["10","171"],"route_ids":["10","171"]}},{"type":"Feature","geometry":{"type":"Point","coordinates":[-97.75077,30.25871]},"properties":{"id":"1718","name":"604 Barton Springs/1st","routes":["105","30"],"route_ids":["105","30"]}},{"type":"Feature","geometry":{"type":"Point","coordinates":[-97.75506,30.25721]},"properties":{"id":"1720","name":"710 Bouldin/Retama","routes":["105"],"route_ids":["105"]}},{"type":"Feature","geometry":{"type":"Point","coordinates":[-97.75643,30.2547]},"properties":{"id":"1721","name":"1006 Bouldin/Columbus","routes":["105"],"route_ids":["105"]}},{"type":"Feature","geometry":{"type":"Point","coordinates":[-97.75789,30.25232]},"properties":{"id":"1722","name":"1316 Bouldin/Elizabeth","routes":["105"],"route_ids":["105"]}},{"type":"Feature","geometry":{"type":"Point","coordinates":[-97.75874,30.25081]},"properties":{"id":"1723","name":"1514 Bouldin/Monroe","routes":["105"],"route_ids":["105"]}},{"type":"Feature","geometry":{"type":"Point","coordinates":[-97.75983,30.24878]},"properties":{"id":"1724","name":"Bouldin/Annie","routes":["105"],"route_ids":["105"]}},{"type":"Feature","geometry":{"type":"Point","coordinates":[-97.76138,30.24923]},"properties":{"id":"1725","name":"Annie/5th","routes":["105"],"route_ids":["105"]}},{"type":"Feature","geometry":{"type":"Point","coordinates":[-97.76207,30.24845]},"properties":{"id":"1726","name":"1816 S 5th/Mary","routes":["105"],"route_ids":["105"]}},{"type":"Feature","geometry":{"type":"Point","coordinates":[-97.76603,30.23999]},"properties":{"id":"1730","name":"5th/Cumberland","routes":["105"],"route_ids":["105"]}},{"type":"Feature","geometry":{"type":"Point","coordinates":[-97.7679,30.24068]},"properties":{"id":"1731","name":"1010 Cumberland/5th","routes":["105"],"route_ids":["105"]}},{"type":"Feature","geometry":{"type":"Point","coordinates":[-97.76901,30.24022]},"properties":{"id":"1732","name":"2714 Raywood/Locke","routes":["105"],"route_ids":["105"]}},{"type":"Feature","geometry":{"type":"Point","coordinates":[-97.76973,30.23877]},"properties":{"id":"1733","name":"2866 Raywood/Weathers","routes":["105"],"route_ids":["105"]}},{"type":"Feature","geometry":{"type":"Point","coordinates":[-97.76952,30.23592]},"properties":{"id":"1734","name":"1003 Barton Skyway/Garden Villa","routes":["105"],"route_ids":["105"]}},{"type":"Feature","geometry":{"type":"Point","coordinates":[-97.77104,30.23427]},"properties":{"id":"1735","name":"3400 Garden Villa/Cardinal","routes":["105"],"route_ids":["105"]}},{"type":"Feature","geometry":{"type":"Point","coordinates":[-97.77255,30.23187]},"properties":{"id":"1736","name":"Garden Villa/South Center NW Corner","routes":["105"],"route_ids":["105"]}},{"type":"Feature","geometry":{"type":"Point","coordinates":[-97.77416,30.22937]},"properties":{"id":"1737","name":"Garden Villa/Banister","routes":["105"],"route_ids":["105"]}},{"type":"Feature","geometry":{"type":"Point","coordinates":[-97.78108,30.22533]},"properties":{"id":"1741","name":"4402 Banister/Casey","routes":["105"],"route_ids":["105"]}},{"type":"Feature","geometry":{"type":"Point","coordinates":[-97.78345,30.22411]},"properties":{"id":"1742","name":"Redd/Gillis","routes":["105"],"route_ids":["105"]}},{"type":"Feature","geometry":{"type":"Point","coordinates":[-97.78604,30.22583]},"properties":{"id":"1743","name":"Redd/Clawson","routes":["105"],"route_ids":["105"]}},{"type":"Feature","geometry":{"type":"Point","coordinates":[-97.78919,30.22823]},"properties":{"id":"1744","name":"1918 Redd/Menchaca","routes":["105"],"route_ids":["105"]}},{"type":"Feature","geometry":{"type":"Point","coordinates":[-97.79075,30.22897]},"properties":{"id":"1745","name":"Redd/Cactus","routes":["105"],"route_ids":["105"]}},{"type":"Feature","geometry":{"type":"Point","coordinates":[-97.79364,30.23041]},"properties":{"id":"1746","name":"2222 Western Trails/Pack Saddle","routes":["105","311","315","318"],"route_ids":["105","311","315","318"]}},{"type":"Feature","geometry":{"type":"Point","coordinates":[-97.79618,30.22993]},"properties":{"id":"1747","name":"2422 Western Trails/Roundup","routes":["105","311","315","318"],"route_ids":["105","311","315","318"]}},{"type":"Feature","geometry":{"type":"Point","coordinates":[-97.79888,30.22962]},"properties":{"id":"1748","name":"2559 WESTERN TRAILS/Sagebrush","routes":["105","311","315","318"],"route_ids":["105","311","315","318"]}},{"type":"Feature","geometry":{"type":"Point","coordinates":[-97.82142,30.23336]},"properties":{"id":"1750","name":"US 290/Mopac (Walmart)","routes":["315"],"route_ids":["315"]}},{"type":"Feature","geometry":{"type":"Point","coordinates":[-97.79637,30.2297]},"properties":{"id":"1754","name":"Western Trails/Roundup","routes":["105","311","315","318"],"route_ids":["105","311","315","318"]}},{"type":"Feature","geometry":{"type":"Point","coordinates":[-97.78964,30.22831]},"properties":{"id":"1756","name":"2001 Redd/Menchaca","routes":["105"],"route_ids":["105"]}},{"type":"Feature","geometry":{"type":"Point","coordinates":[-97.78715,30.22711]},"properties":{"id":"1757","name":"Redd/Russell","routes":["105"],"route_ids":["105"]}},{"type":"Feature","geometry":{"type":"Point","coordinates":[-97.78279,30.22368]},"properties":{"id":"1759","name":"1301 Redd/Gillis","routes":["105"],"route_ids":["105"]}},{"type":"Feature","geometry":{"type":"Point","coordinates":[-97.78067,30.22571]},"properties":{"id":"1760","name":"4309 Banister/Casey","routes":["105"],"route_ids":["105"]}},{"type":"Feature","geometry":{"type":"Point","coordinates":[-97.77963,30.22729]},"properties":{"id":"1761","name":"Banister/Ben White SE Corner","routes":["105"],"route_ids":["105"]}},{"type":"Feature","geometry":{"type":"Point","coordinates":[-97.77799,30.22971]},"properties":{"id":"1762","name":"Banister/Summer Oaks","routes":["105"],"route_ids":["105"]}},{"type":"Feature","geometry":{"type":"Point","coordinates":[-97.77349,30.23018]},"properties":{"id":"1763","name":"3803 Garden Villa/Banister","routes":["105"],"route_ids":["105"]}},{"type":"Feature","geometry":{"type":"Point","coordinates":[-97.77253,30.23169]},"properties":{"id":"1764","name":"Garden Villa/South Center","routes":["105"],"route_ids":["105"]}},{"type":"Feature","geometry":{"type":"Point","coordinates":[-97.77089,30.23427]},"properties":{"id":"1766","name":"3401 Garden Villa/Cardinal","routes":["105"],"route_ids":["105"]}},{"type":"Feature","geometry":{"type":"Point","coordinates":[-97.76989,30.23627]},"properties":{"id":"1767","name":"1008 Barton Skyway/Locke","routes":["105"],"route_ids":["105"]}},{"type":"Feature","geometry":{"type":"Point","coordinates":[-97.76975,30.23852]},"properties":{"id":"1768","name":"2901 Raywood/Weathers","routes":["105"],"route_ids":["105"]}},{"type":"Feature","geometry":{"type":"Point","coordinates":[-97.76904,30.23992]},"properties":{"id":"1769","name":"2801 Raywood/Locke","routes":["105"],"route_ids":["105"]}},{"type":"Feature","geometry":{"type":"Point","coordinates":[-97.76618,30.23982]},"properties":{"id":"1770","name":"Cumberland/S. 5th","routes":["105"],"route_ids":["105"]}},{"type":"Feature","geometry":{"type":"Point","coordinates":[-97.76341,30.2461]},"properties":{"id":"1772","name":"S. 5th/Live Oak","routes":["105"],"route_ids":["105"]}},{"type":"Feature","geometry":{"type":"Point","coordinates":[-97.76209,30.2482]},"properties":{"id":"1773","name":"1901 S 5th/Mary","routes":["105"],"route_ids":["105"]}},{"type":"Feature","geometry":{"type":"Point","coordinates":[-97.75994,30.24868]},"properties":{"id":"1774","name":"Annie/Bouldin","routes":["105"],"route_ids":["105"]}},{"type":"Feature","geometry":{"type":"Point","coordinates":[-97.75871,30.25058]},"properties":{"id":"1775","name":"1601 Bouldin/Monroe","routes":["105"],"route_ids":["105"]}},{"type":"Feature","geometry":{"type":"Point","coordinates":[-97.75789,30.2521]},"properties":{"id":"1776","name":"1401 Bouldin/Elizabeth","routes":["105"],"route_ids":["105"]}},{"type":"Feature","geometry":{"type":"Point","coordinates":[-97.75635,30.25459]},"properties":{"id":"1778","name":"1007 Bouldin/Columbus","routes":["105"],"route_ids":["105"]}},{"type":"Feature","geometry":{"type":"Point","coordinates":[-97.75471,30.25752]},"properties":{"id":"1779","name":"703 Bouldin/Post Oak","routes":["105"],"route_ids":["105"]}},{"type":"Feature","geometry":{"type":"Point","coordinates":[-97.75351,30.25937]},"properties":{"id":"1780","name":"501 Bouldin/Barton Springs","routes":["105"],"route_ids":["105"]}},{"type":"Feature","geometry":{"type":"Point","coordinates":[-97.74637,30.26382]},"properties":{"id":"1781","name":"215 Cesar Chavez/Lavaca","routes":["2"],"route_ids":["2"]}},{"type":"Feature","geometry":{"type":"Point","coordinates":[-97.7231,30.29637]},"properties":{"id":"1784","name":"3805 Red River/38th Half","routes":["10"],"route_ids":["10"]}},{"type":"Feature","geometry":{"type":"Point","coordinates":[-97.72254,30.29874]},"properties":{"id":"1785","name":"3923 Red River/40th","routes":["10","322"],"route_ids":["10","322"]}},{"type":"Feature","geometry":{"type":"Point","coordinates":[-97.72048,30.30332]},"properties":{"id":"1787","name":"4309 Red River/44th","routes":["10","345"],"route_ids":["10","345"]}},{"type":"Feature","geometry":{"type":"Point","coordinates":[-97.71518,30.31295]},"properties":{"id":"1794","name":"Airport/52nd","routes":["350"],"route_ids":["350"]}},{"type":"Feature","geometry":{"type":"Point","coordinates":[-97.71462,30.31481]},"properties":{"id":"1795","name":"5315 Airport/53rd Half","routes":["350"],"route_ids":["350"]}},{"type":"Feature","geometry":{"type":"Point","coordinates":[-97.71287,30.31844]},"properties":{"id":"1796","name":"5617 Airport/Koenig","routes":["350"],"route_ids":["350"]}},{"type":"Feature","geometry":{"type":"Point","coordinates":[-97.71403,30.32197]},"properties":{"id":"1797","name":"5815 AIRPORT/KOENIG","routes":["337","350","7"],"route_ids":["337","350","7"]}},{"type":"Feature","geometry":{"type":"Point","coordinates":[-97.72816,30.25828]},"properties":{"id":"1802","name":"1605 Cesar Chavez/Comal","routes":["2"],"route_ids":["2"]}},{"type":"Feature","geometry":{"type":"Point","coordinates":[-97.68163,30.25988]},"properties":{"id":"1822","name":"Gardner/Jain Ln.","routes":["4"],"route_ids":["4"]}},{"type":"Feature","geometry":{"type":"Point","coordinates":[-97.72848,30.25853]},"properties":{"id":"1847","name":"1600 Cesar Chavez/Comal","routes":["2"],"route_ids":["2"]}},{"type":"Feature","geometry":{"type":"Point","coordinates":[-97.73246,30.25991]},"properties":{"id":"1849","name":"1200 Cesar Chavez/Waller","routes":["2"],"route_ids":["2"]}},{"type":"Feature","geometry":{"type":"Point","coordinates":[-97.73438,30.26058]},"properties":{"id":"1850","name":"1000 Cesar Chavez/San Marcos","routes":["493"],"route_ids":["493"]}},{"type":"Feature","geometry":{"type":"Point","coordinates":[-97.75113,30.30833]},"properties":{"id":"1864","name":"3513 Jefferson/35th","routes":["30"],"route_ids":["30"]}},{"type":"Feature","geometry":{"type":"Point","coordinates":[-97.75222,30.31166]},"properties":{"id":"1866","name":"Bull Creek/39th","routes":["30","491"],"route_ids":["30","491"]}},{"type":"Feature","geometry":{"type":"Point","coordinates":[-97.7543,30.31898]},"properties":{"id":"1871","name":"4419 Bull Creek/45th","routes":["30","491"],"route_ids":["30","491"]}},{"type":"Feature","geometry":{"type":"Point","coordinates":[-97.74939,30.32708]},"properties":{"id":"1874","name":"5017 Bull Creek/Fresco","routes":["30"],"route_ids":["30"]}},{"type":"Feature","geometry":{"type":"Point","coordinates":[-97.75093,30.32858]},"properties":{"id":"1876","name":"2824 Hancock/Bull Creek","routes":["30"],"route_ids":["30"]}},{"type":"Feature","geometry":{"type":"Point","coordinates":[-97.75356,30.32988]},"properties":{"id":"1877","name":"Hancock/Frances Place","routes":["30"],"route_ids":["30"]}},{"type":"Feature","geometry":{"type":"Point","coordinates":[-97.7596,30.33274]},"properties":{"id":"1878","name":"3308 Hancock/Balcones","routes":["30"],"route_ids":["30"]}},{"type":"Feature","geometry":{"type":"Point","coordinates":[-97.75796,30.33614]},"properties":{"id":"1879","name":"Balcones/Parkcrest","routes":["30"],"route_ids":["30"]}},{"type":"Feature","geometry":{"type":"Point","coordinates":[-97.75318,30.34337]},"properties":{"id":"1882","name":"6101 Balcones/Northland","routes":["30"],"route_ids":["30"]}},{"type":"Feature","geometry":{"type":"Point","coordinates":[-97.75461,30.35088]},"properties":{"id":"1884","name":"6805 Wood Hollow/North Hills","routes":["30"],"route_ids":["30"]}},{"type":"Feature","geometry":{"type":"Point","coordinates":[-97.75282,30.35377]},"properties":{"id":"1885","name":"Wood Hollow/Far West NE Corner","routes":["30"],"route_ids":["30"]}},{"type":"Feature","geometry":{"type":"Point","coordinates":[-97.75181,30.35539]},"properties":{"id":"1886","name":"7131 Wood Hollow/Far West","routes":["30"],"route_ids":["30"]}},{"type":"Feature","geometry":{"type":"Point","coordinates":[-97.75136,30.35839]},"properties":{"id":"1887","name":"3536 Greystone/Wood Hollow","routes":["30"],"route_ids":["30"]}},{"type":"Feature","geometry":{"type":"Point","coordinates":[-97.75363,30.35882]},"properties":{"id":"1888","name":"3614 Greystone/Hart","routes":["30"],"route_ids":["30"]}},{"type":"Feature","geometry":{"type":"Point","coordinates":[-97.76295,30.36499]},"properties":{"id":"1890","name":"7503 Mesa/Greystone","routes":["30"],"route_ids":["30"]}},{"type":"Feature","geometry":{"type":"Point","coordinates":[-97.75911,30.36829]},"properties":{"id":"1891","name":"Mesa/Myrick","routes":["30"],"route_ids":["30"]}},{"type":"Feature","geometry":{"type":"Point","coordinates":[-97.7572,30.37133]},"properties":{"id":"1892","name":"8045 Mesa/Spicewood Springs","routes":["30"],"route_ids":["30"]}},{"type":"Feature","geometry":{"type":"Point","coordinates":[-97.75497,30.37404]},"properties":{"id":"1893","name":"4039 Steck/Mesa","routes":["30"],"route_ids":["30"]}},{"type":"Feature","geometry":{"type":"Point","coordinates":[-97.75299,30.37307]},"properties":{"id":"1894","name":"3933 Steck/Spicewood","routes":["30"],"route_ids":["30"]}},{"type":"Feature","geometry":{"type":"Point","coordinates":[-97.74893,30.37266]},"properties":{"id":"1895","name":"3813 Steck/Greenslope","routes":["30"],"route_ids":["30"]}},{"type":"Feature","geometry":{"type":"Point","coordinates":[-97.74686,30.37077]},"properties":{"id":"1896","name":"Steck/Forest Mesa","routes":["30"],"route_ids":["30"]}},{"type":"Feature","geometry":{"type":"Point","coordinates":[-97.74562,30.36958]},"properties":{"id":"1897","name":"3605 Steck/Forest Mesa","routes":["30"],"route_ids":["30"]}},{"type":"Feature","geometry":{"type":"Point","coordinates":[-97.74387,30.36875]},"properties":{"id":"1898","name":"3519 Steck/Mopac","routes":["30"],"route_ids":["30"]}},{"type":"Feature","geometry":{"type":"Point","coordinates":[-97.73968,30.36674]},"properties":{"id":"1899","name":"3305 Steck/Mopac","routes":["30"],"route_ids":["30"]}},{"type":"Feature","geometry":{"type":"Point","coordinates":[-97.73534,30.36436]},"properties":{"id":"1900","name":"Rockwood/Steck","routes":["30"],"route_ids":["30"]}},{"type":"Feature","geometry":{"type":"Point","coordinates":[-97.73774,30.36068]},"properties":{"id":"1902","name":"7920 Rockwood/Ashdale","routes":["30","491"],"route_ids":["30","491"]}},{"type":"Feature","geometry":{"type":"Point","coordinates":[-97.73714,30.36133]},"properties":{"id":"1904","name":"7921 Rockwood/Anderson","routes":["30","491"],"route_ids":["30","491"]}},{"type":"Feature","geometry":{"type":"Point","coordinates":[-97.73555,30.36497]},"properties":{"id":"1906","name":"Steck/Sandalwood","routes":["30"],"route_ids":["30"]}},{"type":"Feature","geometry":{"type":"Point","coordinates":[-97.73967,30.36697]},"properties":{"id":"1907","name":"3400 Steck/Shoal Creek","routes":["30"],"route_ids":["30"]}},{"type":"Feature","geometry":{"type":"Point","coordinates":[-97.74394,30.36898]},"properties":{"id":"1909","name":"Steck/Mopac","routes":["30"],"route_ids":["30"]}},{"type":"Feature","geometry":{"type":"Point","coordinates":[-97.7466,30.37058]},"properties":{"id":"1910","name":"Steck/Summerside","routes":["30"],"route_ids":["30"]}},{"type":"Feature","geometry":{"type":"Point","coordinates":[-97.74917,30.37292]},"properties":{"id":"1911","name":"3822 Steck/Greenslope","routes":["30"],"route_ids":["30"]}},{"type":"Feature","geometry":{"type":"Point","coordinates":[-97.75298,30.37323]},"properties":{"id":"1912","name":"3924 Steck/Spicewood","routes":["30"],"route_ids":["30"]}},{"type":"Feature","geometry":{"type":"Point","coordinates":[-97.75601,30.37377]},"properties":{"id":"1913","name":"8140 Mesa/Steck","routes":["30"],"route_ids":["30"]}},{"type":"Feature","geometry":{"type":"Point","coordinates":[-97.75759,30.371]},"properties":{"id":"1914","name":"8038 Mesa/Spicewood Springs","routes":["30"],"route_ids":["30"]}},{"type":"Feature","geometry":{"type":"Point","coordinates":[-97.75738,30.36082]},"properties":{"id":"1917","name":"3807 Greystone/Chimney Corners","routes":["30"],"route_ids":["30"]}},{"type":"Feature","geometry":{"type":"Point","coordinates":[-97.75363,30.35865]},"properties":{"id":"1918","name":"3615 Greystone/Hart","routes":["30"],"route_ids":["30"]}},{"type":"Feature","geometry":{"type":"Point","coordinates":[-97.75079,30.35775]},"properties":{"id":"1919","name":"7400 Wood Hollow/Greystone","routes":["30","661"],"route_ids":["30","661"]}},{"type":"Feature","geometry":{"type":"Point","coordinates":[-97.75214,30.35517]},"properties":{"id":"1920","name":"7200 Wood Hollow/Greystone","routes":["30","661"],"route_ids":["30","661"]}},{"type":"Feature","geometry":{"type":"Point","coordinates":[-97.75311,30.3536]},"properties":{"id":"1921","name":"Wood Hollow/Far West NW Corner","routes":["30"],"route_ids":["30"]}},{"type":"Feature","geometry":{"type":"Point","coordinates":[-97.75486,30.35077]},"properties":{"id":"1922","name":"6714 Wood Hollow/Far West","routes":["30","661"],"route_ids":["30","661"]}},{"type":"Feature","geometry":{"type":"Point","coordinates":[-97.75377,30.34881]},"properties":{"id":"1923","name":"North Hills/Valleyside SE Corner","routes":["30"],"route_ids":["30"]}},{"type":"Feature","geometry":{"type":"Point","coordinates":[-97.75579,30.3396]},"properties":{"id":"1925","name":"5758 Balcones/Hart","routes":["30"],"route_ids":["30"]}},{"type":"Feature","geometry":{"type":"Point","coordinates":[-97.7597,30.33266]},"properties":{"id":"1927","name":"3313 Hancock/Balcones","routes":["30"],"route_ids":["30"]}},{"type":"Feature","geometry":{"type":"Point","coordinates":[-97.75715,30.33146]},"properties":{"id":"1928","name":"Hancock/Valley Oak","routes":["30"],"route_ids":["30"]}},{"type":"Feature","geometry":{"type":"Point","coordinates":[-97.75329,30.32957]},"properties":{"id":"1929","name":"Hancock/West Frances Place","routes":["30"],"route_ids":["30"]}},{"type":"Feature","geometry":{"type":"Point","coordinates":[-97.75024,30.32806]},"properties":{"id":"1930","name":"2825 Hancock/Fresco","routes":["30"],"route_ids":["30"]}},{"type":"Feature","geometry":{"type":"Point","coordinates":[-97.74944,30.32727]},"properties":{"id":"1931","name":"Bull Creek/Hancock","routes":["30"],"route_ids":["30"]}},{"type":"Feature","geometry":{"type":"Point","coordinates":[-97.75095,30.32479]},"properties":{"id":"1932","name":"4748 Bull Creek/49th","routes":["30"],"route_ids":["30"]}},{"type":"Feature","geometry":{"type":"Point","coordinates":[-97.75192,30.32321]},"properties":{"id":"1933","name":"4700 Bull Creek/Perry","routes":["30"],"route_ids":["30"]}},{"type":"Feature","geometry":{"type":"Point","coordinates":[-97.75453,30.31899]},"properties":{"id":"1935","name":"4318 Bull Creek/44th","routes":["30","491"],"route_ids":["30","491"]}},{"type":"Feature","geometry":{"type":"Point","coordinates":[-97.75447,30.31589]},"properties":{"id":"1936","name":"4220 Bull Creek/Jackson","routes":["30","491"],"route_ids":["30","491"]}},{"type":"Feature","geometry":{"type":"Point","coordinates":[-97.75206,30.31114]},"properties":{"id":"1938","name":"Bull Creek/38th","routes":["30","491"],"route_ids":["30","491"]}},{"type":"Feature","geometry":{"type":"Point","coordinates":[-97.75095,30.3094]},"properties":{"id":"1939","name":"3604 Bull Creek/Jefferson","routes":["30"],"route_ids":["30"]}},{"type":"Feature","geometry":{"type":"Point","coordinates":[-97.73316,30.25264]},"properties":{"id":"1957","name":"Health Center WB/Art Dilly Way","routes":["322","490","493"],"route_ids":["322","490","493"]}},{"type":"Feature","geometry":{"type":"Point","coordinates":[-97.73426,30.25619]},"properties":{"id":"1959","name":"59 Waller/Holly","routes":["322"],"route_ids":["322"]}},{"type":"Feature","geometry":{"type":"Point","coordinates":[-97.7472,30.26939]},"properties":{"id":"1967","name":"416 6th/San Antonio","routes":["4","663"],"route_ids":["4","663"]}},{"type":"Feature","geometry":{"type":"Point","coordinates":[-97.75222,30.27096]},"properties":{"id":"1970","name":"842 6th/Wood","routes":["4","5"],"route_ids":["4","5"]}},{"type":"Feature","geometry":{"type":"Point","coordinates":[-97.75488,30.27195]},"properties":{"id":"1971","name":"6th/Baylor","routes":["4","663"],"route_ids":["4","663"]}},{"type":"Feature","geometry":{"type":"Point","coordinates":[-97.75785,30.27306]},"properties":{"id":"1972","name":"1208 6th/Harthan","routes":["4"],"route_ids":["4"]}},{"type":"Feature","geometry":{"type":"Point","coordinates":[-97.76012,30.27394]},"properties":{"id":"1973","name":"6th/Pressler","routes":["4","663"],"route_ids":["4","663"]}},{"type":"Feature","geometry":{"type":"Point","coordinates":[-97.76251,30.27484]},"properties":{"id":"1974","name":"6th/West Lynn","routes":["4"],"route_ids":["4"]}},{"type":"Feature","geometry":{"type":"Point","coordinates":[-97.77166,30.27612]},"properties":{"id":"1977","name":"Veterans/Atlanta","routes":["4"],"route_ids":["4"]}},{"type":"Feature","geometry":{"type":"Point","coordinates":[-97.77606,30.28232]},"properties":{"id":"1981","name":"Lake Austin/7th","routes":["663"],"route_ids":["663"]}},{"type":"Feature","geometry":{"type":"Point","coordinates":[-97.77499,30.2858]},"properties":{"id":"1983","name":"Exposition/10th","routes":["18"],"route_ids":["18"]}},{"type":"Feature","geometry":{"type":"Point","coordinates":[-97.77381,30.28766]},"properties":{"id":"1984","name":"Exposition/12th","routes":["18"],"route_ids":["18"]}},{"type":"Feature","geometry":{"type":"Point","coordinates":[-97.77209,30.29041]},"properties":{"id":"1985","name":"Exposition/Enfield SE Corner","routes":["18"],"route_ids":["18"]}},{"type":"Feature","geometry":{"type":"Point","coordinates":[-97.7519,30.30776]},"properties":{"id":"1996","name":"35th/Jefferson","routes":["335","982"],"route_ids":["335","982"]}},{"type":"Feature","geometry":{"type":"Point","coordinates":[-97.74927,30.30713]},"properties":{"id":"1997","name":"35th/Crawford","routes":["30","335","491"],"route_ids":["30","335","491"]}},{"type":"Feature","geometry":{"type":"Point","coordinates":[-97.74609,30.30646]},"properties":{"id":"1998","name":"1301 W 38th/Tonkawa","routes":["30","335"],"route_ids":["30","335"]}},{"type":"Feature","geometry":{"type":"Point","coordinates":[-97.74376,30.30532]},"properties":{"id":"1999","name":"38th/Medical Parkway","routes":["3","30","335","491","982"],"route_ids":["3","30","335","491","982"]}},{"type":"Feature","geometry":{"type":"Point","coordinates":[-97.7428,30.29558]},"properties":{"id":"2003","name":"2900 Guadalupe/29th","routes":["1","3","30","481"],"route_ids":["1","3","30","481"]}},{"type":"Feature","geometry":{"type":"Point","coordinates":[-97.73487,30.2892]},"properties":{"id":"2004","name":"307 Dean Keeton/San Jacinto","routes":["320"],"route_ids":["320"]}},{"type":"Feature","geometry":{"type":"Point","coordinates":[-97.73154,30.28909]},"properties":{"id":"2005","name":"701 Dean Keeton/San Jacinto","routes":["10","171","465"],"route_ids":["10","171","465"]}},{"type":"Feature","geometry":{"type":"Point","coordinates":[-97.72876,30.28792]},"properties":{"id":"2006","name":"East Dean Keaton NB (Dean Keeton/Robert Dedman)","routes":["320","837"],"route_ids":["320","837"]}},{"type":"Feature","geometry":{"type":"Point","coordinates":[-97.71871,30.29434]},"properties":{"id":"2012","name":"1101 38th Half/Robinson","routes":["322","335"],"route_ids":["322","335"]}},{"type":"Feature","geometry":{"type":"Point","coordinates":[-97.71574,30.2927]},"properties":{"id":"2013","name":"1405 38th Half/Clarkson","routes":["322","335"],"route_ids":["322","335"]}},{"type":"Feature","geometry":{"type":"Point","coordinates":[-97.71395,30.29131]},"properties":{"id":"2014","name":"38th 1/2 /Cherrywood","routes":["322"],"route_ids":["322"]}},{"type":"Feature","geometry":{"type":"Point","coordinates":[-97.71688,30.28686]},"properties":{"id":"2015","name":"Cherrywood/32nd","routes":["322"],"route_ids":["322"]}},{"type":"Feature","geometry":{"type":"Point","coordinates":[-97.72223,30.2839]},"properties":{"id":"2019","name":"Lafayette/Manor","routes":["322","465"],"route_ids":["322","465"]}},{"type":"Feature","geometry":{"type":"Point","coordinates":[-97.72168,30.28154]},"properties":{"id":"2020","name":"2012 Chicon/21st","routes":["322"],"route_ids":["322"]}},{"type":"Feature","geometry":{"type":"Point","coordinates":[-97.72123,30.27946]},"properties":{"id":"2021","name":"1810 Chicon/Martin Luther King","routes":["322"],"route_ids":["322"]}},{"type":"Feature","geometry":{"type":"Point","coordinates":[-97.72065,30.27689]},"properties":{"id":"2022","name":"Chicon/16th","routes":["322"],"route_ids":["322"]}},{"type":"Feature","geometry":{"type":"Point","coordinates":[-97.72022,30.27487]},"properties":{"id":"2023","name":"Chicon/13th","routes":["322"],"route_ids":["322"]}},{"type":"Feature","geometry":{"type":"Point","coordinates":[-97.71992,30.27348]},"properties":{"id":"2024","name":"1196 Chicon/12th","routes":["322"],"route_ids":["322"]}},{"type":"Feature","geometry":{"type":"Point","coordinates":[-97.71959,30.27186]},"properties":{"id":"2025","name":"1176 Chicon/Pennsylvania","routes":["322"],"route_ids":["322"]}},{"type":"Feature","geometry":{"type":"Point","coordinates":[-97.71914,30.26977]},"properties":{"id":"2026","name":"1150 Chicon/Rosewood","routes":["322"],"route_ids":["322"]}},{"type":"Feature","geometry":{"type":"Point","coordinates":[-97.7195,30.26843]},"properties":{"id":"2027","name":"Chicon/Cornell","routes":["322"],"route_ids":["322"]}},{"type":"Feature","geometry":{"type":"Point","coordinates":[-97.72055,30.26618]},"properties":{"id":"2028","name":"Chicon/11th","routes":["322"],"route_ids":["322"]}},{"type":"Feature","geometry":{"type":"Point","coordinates":[-97.72129,30.26454]},"properties":{"id":"2029","name":"900 Chicon (Huston-Tillotson)","routes":["322"],"route_ids":["322"]}},{"type":"Feature","geometry":{"type":"Point","coordinates":[-97.72211,30.26276]},"properties":{"id":"2030","name":"700 Chicon/7th","routes":["322"],"route_ids":["322"]}},{"type":"Feature","geometry":{"type":"Point","coordinates":[-97.7236,30.25951]},"properties":{"id":"2032","name":"314 Chicon/4th","routes":["322"],"route_ids":["322"]}},{"type":"Feature","geometry":{"type":"Point","coordinates":[-97.72411,30.25841]},"properties":{"id":"2033","name":"206 Chicon/2nd","routes":["322"],"route_ids":["322"]}},{"type":"Feature","geometry":{"type":"Point","coordinates":[-97.72813,30.25422]},"properties":{"id":"2039","name":"1700 Holly/Chalmers","routes":["322"],"route_ids":["322"]}},{"type":"Feature","geometry":{"type":"Point","coordinates":[-97.73015,30.25492]},"properties":{"id":"2040","name":"1600 Holly/Comal","routes":["322"],"route_ids":["322"]}},{"type":"Feature","geometry":{"type":"Point","coordinates":[-97.73207,30.25562]},"properties":{"id":"2041","name":"1400 Holly/Navasota","routes":["322"],"route_ids":["322"]}},{"type":"Feature","geometry":{"type":"Point","coordinates":[-97.73485,30.25485]},"properties":{"id":"2045","name":"45 Waller/Clermont","routes":["322"],"route_ids":["322"]}},{"type":"Feature","geometry":{"type":"Point","coordinates":[-97.73204,30.25546]},"properties":{"id":"2046","name":"1401 Holly/Navasota","routes":["322"],"route_ids":["322"]}},{"type":"Feature","geometry":{"type":"Point","coordinates":[-97.73045,30.25489]},"properties":{"id":"2047","name":"1511 Holly/Comal","routes":["322"],"route_ids":["322"]}},{"type":"Feature","geometry":{"type":"Point","coordinates":[-97.72846,30.25418]},"properties":{"id":"2048","name":"1631 Holly/Chalmers","routes":["322"],"route_ids":["322"]}},{"type":"Feature","geometry":{"type":"Point","coordinates":[-97.72348,30.25949]},"properties":{"id":"2055","name":"311 Chicon/4th","routes":["322"],"route_ids":["322"]}},{"type":"Feature","geometry":{"type":"Point","coordinates":[-97.72219,30.26227]},"properties":{"id":"2056","name":"613 Chicon/7th","routes":["322"],"route_ids":["322"]}},{"type":"Feature","geometry":{"type":"Point","coordinates":[-97.72141,30.26396]},"properties":{"id":"2057","name":"807 Chicon (Huston-Tillotson)","routes":["322"],"route_ids":["322"]}},{"type":"Feature","geometry":{"type":"Point","coordinates":[-97.72068,30.26551]},"properties":{"id":"2058","name":"Chicon/College Row","routes":["322"],"route_ids":["322"]}},{"type":"Feature","geometry":{"type":"Point","coordinates":[-97.71977,30.26747]},"properties":{"id":"2059","name":"Chicon/Hamilton","routes":["322"],"route_ids":["322"]}},{"type":"Feature","geometry":{"type":"Point","coordinates":[-97.71906,30.27013]},"properties":{"id":"2061","name":"1155 Chicon/Rosewood","routes":["322"],"route_ids":["322"]}},{"type":"Feature","geometry":{"type":"Point","coordinates":[-97.71939,30.27166]},"properties":{"id":"2062","name":"Chicon/Pennsylvania","routes":["322"],"route_ids":["322"]}},{"type":"Feature","geometry":{"type":"Point","coordinates":[-97.71979,30.27356]},"properties":{"id":"2063","name":"1197 Chicon/12th","routes":["322"],"route_ids":["322"]}},{"type":"Feature","geometry":{"type":"Point","coordinates":[-97.72022,30.27565]},"properties":{"id":"2064","name":"Chicon/14th","routes":["322"],"route_ids":["322"]}},{"type":"Feature","geometry":{"type":"Point","coordinates":[-97.72068,30.2777]},"properties":{"id":"2065","name":"Chicon/17th","routes":["322"],"route_ids":["322"]}},{"type":"Feature","geometry":{"type":"Point","coordinates":[-97.72112,30.27966]},"properties":{"id":"2066","name":"1817 Chicon/Martin Luther King","routes":["322"],"route_ids":["322"]}},{"type":"Feature","geometry":{"type":"Point","coordinates":[-97.72164,30.28212]},"properties":{"id":"2067","name":"2103 Chicon/21st","routes":["322"],"route_ids":["322"]}},{"type":"Feature","geometry":{"type":"Point","coordinates":[-97.71425,30.29213]},"properties":{"id":"2071","name":"1602 38th Half/Maplewood","routes":["322","335"],"route_ids":["322","335"]}},{"type":"Feature","geometry":{"type":"Point","coordinates":[-97.72734,30.28758]},"properties":{"id":"2077","name":"920 Dean Keeton/Red River","routes":["10","171","320"],"route_ids":["10","171","320"]}},{"type":"Feature","geometry":{"type":"Point","coordinates":[-97.73713,30.28954]},"properties":{"id":"2079","name":"Dean Keeton/Speedway NE Corner","routes":["20","320","642","935","980"],"route_ids":["20","320","642","935","980"]}},{"type":"Feature","geometry":{"type":"Point","coordinates":[-97.74521,30.30626]},"properties":{"id":"2086","name":"38th/Bailey","routes":["30","335"],"route_ids":["30","335"]}},{"type":"Feature","geometry":{"type":"Point","coordinates":[-97.75014,30.30722]},"properties":{"id":"2087","name":"1512 35th/Kerbey","routes":["30","335"],"route_ids":["30","335"]}},{"type":"Feature","geometry":{"type":"Point","coordinates":[-97.7528,30.3082]},"properties":{"id":"2088","name":"35th/Lawton","routes":["335","982"],"route_ids":["335","982"]}},{"type":"Feature","geometry":{"type":"Point","coordinates":[-97.7557,30.30882]},"properties":{"id":"2089","name":"35th/Jackson","routes":["335"],"route_ids":["335"]}},{"type":"Feature","geometry":{"type":"Point","coordinates":[-97.75997,30.30957]},"properties":{"id":"2090","name":"2300 W 35th/Mopac","routes":["335"],"route_ids":["335"]}},{"type":"Feature","geometry":{"type":"Point","coordinates":[-97.77137,30.27738]},"properties":{"id":"2102","name":"2211 Lake Austin/Veterans","routes":["663"],"route_ids":["663"]}},{"type":"Feature","geometry":{"type":"Point","coordinates":[-97.76075,30.2726]},"properties":{"id":"2104","name":"5Th/Pressler","routes":["4","663"],"route_ids":["4","663"]}},{"type":"Feature","geometry":{"type":"Point","coordinates":[-97.75641,30.27098]},"properties":{"id":"2106","name":"5th/Baylor","routes":["4","663"],"route_ids":["4","663"]}},{"type":"Feature","geometry":{"type":"Point","coordinates":[-97.75263,30.26952]},"properties":{"id":"2107","name":"5th/Bowie","routes":["103","4","484","5","935","980","985"],"route_ids":["103","4","484","5","935","980","985"]}},{"type":"Feature","geometry":{"type":"Point","coordinates":[-97.75113,30.26926]},"properties":{"id":"2108","name":"5th/West","routes":["4","484","5"],"route_ids":["4","484","5"]}},{"type":"Feature","geometry":{"type":"Point","coordinates":[-97.74898,30.26867]},"properties":{"id":"2110","name":"5th/Nueces","routes":["4","484","5","663"],"route_ids":["4","484","5","663"]}},{"type":"Feature","geometry":{"type":"Point","coordinates":[-97.74792,30.26835]},"properties":{"id":"2111","name":"5th/San Antonio","routes":["935","980","985"],"route_ids":["935","980","985"]}},{"type":"Feature","geometry":{"type":"Point","coordinates":[-97.74679,30.26805]},"properties":{"id":"2112","name":"5th/Guadalupe (Republic Square)","routes":["4","454","484","5","837"],"route_ids":["4","454","484","5","837"]}},{"type":"Feature","geometry":{"type":"Point","coordinates":[-97.76394,30.26383]},"properties":{"id":"2144","name":"Barton Springs/Barton","routes":["30"],"route_ids":["30"]}},{"type":"Feature","geometry":{"type":"Point","coordinates":[-97.76175,30.26202]},"properties":{"id":"2145","name":"1601 Barton Springs/Kinney","routes":["30"],"route_ids":["30"]}},{"type":"Feature","geometry":{"type":"Point","coordinates":[-97.75392,30.25961]},"properties":{"id":"2148","name":"911 Barton Springs/Bouldin","routes":["30"],"route_ids":["30"]}},{"type":"Feature","geometry":{"type":"Point","coordinates":[-97.75388,30.25979]},"properties":{"id":"2155","name":"910 Barton Springs/Bouldin","routes":["30"],"route_ids":["30"]}},{"type":"Feature","geometry":{"type":"Point","coordinates":[-97.76182,30.2623]},"properties":{"id":"2160","name":"1612 Barton Springs/Kinney","routes":["30"],"route_ids":["30"]}},{"type":"Feature","geometry":{"type":"Point","coordinates":[-97.74391,30.21926]},"properties":{"id":"2169","name":"Woodward/Parker SW Corner","routes":["310","7"],"route_ids":["310","7"]}},{"type":"Feature","geometry":{"type":"Point","coordinates":[-97.76961,30.22712]},"properties":{"id":"2175","name":"South 1st/Ben White","routes":["315"],"route_ids":["315"]}},{"type":"Feature","geometry":{"type":"Point","coordinates":[-97.77889,30.22818]},"properties":{"id":"2176","name":"1228 Ben White/Banister","routes":["315"],"route_ids":["315"]}},{"type":"Feature","geometry":{"type":"Point","coordinates":[-97.78379,30.22873]},"properties":{"id":"2177","name":"Ben White/Clawson","routes":["315"],"route_ids":["315"]}},{"type":"Feature","geometry":{"type":"Point","coordinates":[-97.80854,30.26264]},"properties":{"id":"2181","name":"Walsh Tarlton/Twin Berry","routes":["30"],"route_ids":["30"]}},{"type":"Feature","geometry":{"type":"Point","coordinates":[-97.80608,30.26653]},"properties":{"id":"2183","name":"1701 Walsh Tarlton/Thousand Oaks","routes":["30"],"route_ids":["30"]}},{"type":"Feature","geometry":{"type":"Point","coordinates":[-97.80491,30.26838]},"properties":{"id":"2184","name":"1501 Walsh Tarlton/Terrapin","routes":["30"],"route_ids":["30"]}},{"type":"Feature","geometry":{"type":"Point","coordinates":[-97.80147,30.27257]},"properties":{"id":"2186","name":"1019 Walsh Tarlton/Wilderness","routes":["30"],"route_ids":["30"]}},{"type":"Feature","geometry":{"type":"Point","coordinates":[-97.78748,30.25813]},"properties":{"id":"2191","name":"Spyglass/Barton Skyway","routes":["30"],"route_ids":["30"]}},{"type":"Feature","geometry":{"type":"Point","coordinates":[-97.76393,30.26409]},"properties":{"id":"2202","name":"1806 Barton Springs/Azie Morton","routes":["30"],"route_ids":["30"]}},{"type":"Feature","geometry":{"type":"Point","coordinates":[-97.77263,30.26825]},"properties":{"id":"2206","name":"2220 Barton Springs (Zilker)","routes":["30"],"route_ids":["30"]}},{"type":"Feature","geometry":{"type":"Point","coordinates":[-97.78299,30.26493]},"properties":{"id":"2207","name":"2500 Wallingwood/Bee Caves","routes":["30"],"route_ids":["30"]}},{"type":"Feature","geometry":{"type":"Point","coordinates":[-97.80507,30.26849]},"properties":{"id":"2212","name":"1500 Walsh Tarlton/Terrapin","routes":["30"],"route_ids":["30"]}},{"type":"Feature","geometry":{"type":"Point","coordinates":[-97.80609,30.2669]},"properties":{"id":"2213","name":"1614 Walsh Tarlton/Thousand Oaks","routes":["30"],"route_ids":["30"]}},{"type":"Feature","geometry":{"type":"Point","coordinates":[-97.80763,30.26439]},"properties":{"id":"2214","name":"1916 Walsh Tarlton/Stoneridge","routes":["30"],"route_ids":["30"]}},{"type":"Feature","geometry":{"type":"Point","coordinates":[-97.80944,30.26156]},"properties":{"id":"2215","name":"Walsh Tarlton/Tamarron","routes":["30"],"route_ids":["30"]}},{"type":"Feature","geometry":{"type":"Point","coordinates":[-97.79202,30.23102]},"properties":{"id":"2216","name":"4401 Pack Saddle Pass/Ben White","routes":["311","315","318"],"route_ids":["311","315","318"]}},{"type":"Feature","geometry":{"type":"Point","coordinates":[-97.78751,30.22907]},"properties":{"id":"2218","name":"1901 Ben White/Merle","routes":["315"],"route_ids":["315"]}},{"type":"Feature","geometry":{"type":"Point","coordinates":[-97.78157,30.22741]},"properties":{"id":"2220","name":"Ben White/Gillis","routes":["315"],"route_ids":["315"]}},{"type":"Feature","geometry":{"type":"Point","coordinates":[-97.77991,30.22736]},"properties":{"id":"2221","name":"1301 Ben White/Banister","routes":["315"],"route_ids":["315"]}},{"type":"Feature","geometry":{"type":"Point","coordinates":[-97.70726,30.22047]},"properties":{"id":"2229","name":"2410 Grove/Montopolis","routes":["311"],"route_ids":["311"]}},{"type":"Feature","geometry":{"type":"Point","coordinates":[-97.70927,30.2164]},"properties":{"id":"2230","name":"2800 Montopolis/Oltorf","routes":["311"],"route_ids":["311"]}},{"type":"Feature","geometry":{"type":"Point","coordinates":[-97.71042,30.21515]},"properties":{"id":"2231","name":"Montopolis/Oltorf","routes":["228"],"route_ids":["228"]}},{"type":"Feature","geometry":{"type":"Point","coordinates":[-97.71319,30.21658]},"properties":{"id":"2232","name":"6100 Oltorf/Montopolis","routes":["228"],"route_ids":["228"]}},{"type":"Feature","geometry":{"type":"Point","coordinates":[-97.71832,30.21907]},"properties":{"id":"2233","name":"5500 Oltorf (Attorney General)","routes":["228"],"route_ids":["228"]}},{"type":"Feature","geometry":{"type":"Point","coordinates":[-97.72234,30.22337]},"properties":{"id":"2235","name":"4820 Oltorf/Sunridge","routes":["228"],"route_ids":["228"]}},{"type":"Feature","geometry":{"type":"Point","coordinates":[-97.72965,30.22898]},"properties":{"id":"2238","name":"2400 Oltorf/Pleasant Valley","routes":["300","310"],"route_ids":["300","310"]}},{"type":"Feature","geometry":{"type":"Point","coordinates":[-97.73736,30.23259]},"properties":{"id":"2241","name":"1730 Oltorf/Parker","routes":["300"],"route_ids":["300"]}},{"type":"Feature","geometry":{"type":"Point","coordinates":[-97.73967,30.2335]},"properties":{"id":"2242","name":"1616 E Oltorf","routes":["300"],"route_ids":["300"]}},{"type":"Feature","geometry":{"type":"Point","coordinates":[-97.74353,30.23465]},"properties":{"id":"2243","name":"1300 Oltorf/Schriber","routes":["300"],"route_ids":["300"]}},{"type":"Feature","geometry":{"type":"Point","coordinates":[-97.74586,30.23589]},"properties":{"id":"2244","name":"1100 Oltorf/Schriber","routes":["300"],"route_ids":["300"]}},{"type":"Feature","geometry":{"type":"Point","coordinates":[-97.75129,30.23748]},"properties":{"id":"2246","name":"512 Oltorf/Rebel","routes":["300"],"route_ids":["300"]}},{"type":"Feature","geometry":{"type":"Point","coordinates":[-97.75936,30.24214]},"properties":{"id":"2249","name":"526 Oltorf/1st","routes":["300"],"route_ids":["300"]}},{"type":"Feature","geometry":{"type":"Point","coordinates":[-97.76375,30.24357]},"properties":{"id":"2251","name":"910 Oltorf/ South 4th","routes":["300"],"route_ids":["300"]}},{"type":"Feature","geometry":{"type":"Point","coordinates":[-97.77618,30.24726]},"properties":{"id":"2255","name":"2330 Lamar/Goodrich","routes":["3","300","484"],"route_ids":["3","300","484"]}},{"type":"Feature","geometry":{"type":"Point","coordinates":[-97.77101,30.24802]},"properties":{"id":"2260","name":"Oltorf West Station (NB)","routes":["3","300","484","803"],"route_ids":["3","300","484","803"]}},{"type":"Feature","geometry":{"type":"Point","coordinates":[-97.7694,30.24667]},"properties":{"id":"2261","name":"1401 Oltorf/Thornton","routes":["300"],"route_ids":["300"]}},{"type":"Feature","geometry":{"type":"Point","coordinates":[-97.76356,30.24337]},"properties":{"id":"2262","name":"905 Oltorf/ South 5th","routes":["300"],"route_ids":["300"]}},{"type":"Feature","geometry":{"type":"Point","coordinates":[-97.75924,30.24185]},"properties":{"id":"2263","name":"539 Oltorf/1st","routes":["300"],"route_ids":["300"]}},{"type":"Feature","geometry":{"type":"Point","coordinates":[-97.74904,30.23666]},"properties":{"id":"2266","name":"643 Oltorf/East Side","routes":["300"],"route_ids":["300"]}},{"type":"Feature","geometry":{"type":"Point","coordinates":[-97.72807,30.2275]},"properties":{"id":"2271","name":"2503 Oltorf/Pleasant Valley","routes":["310"],"route_ids":["310"]}},{"type":"Feature","geometry":{"type":"Point","coordinates":[-97.72457,30.22564]},"properties":{"id":"2273","name":"4527 Oltorf/Wickersham","routes":["228"],"route_ids":["228"]}},{"type":"Feature","geometry":{"type":"Point","coordinates":[-97.72253,30.22325]},"properties":{"id":"2274","name":"4809 Oltorf/Sunridge","routes":["228"],"route_ids":["228"]}},{"type":"Feature","geometry":{"type":"Point","coordinates":[-97.71897,30.21916]},"properties":{"id":"2275","name":"5413 Oltorf/Alvin Devane","routes":["228"],"route_ids":["228"]}},{"type":"Feature","geometry":{"type":"Point","coordinates":[-97.71299,30.21627]},"properties":{"id":"2277","name":"6101 Oltorf/Alvin Devane","routes":["228"],"route_ids":["228"]}},{"type":"Feature","geometry":{"type":"Point","coordinates":[-97.70706,30.22058]},"properties":{"id":"2279","name":"2421 Grove/Montopolis","routes":["311"],"route_ids":["311"]}},{"type":"Feature","geometry":{"type":"Point","coordinates":[-97.63132,30.29325]},"properties":{"id":"2281","name":"6701 Wentworth/Loyola","routes":["337"],"route_ids":["337"]}},{"type":"Feature","geometry":{"type":"Point","coordinates":[-97.64216,30.29797]},"properties":{"id":"2282","name":"Colony Park SB (Loyola/Colony Loop)","routes":["18","337","837"],"route_ids":["18","337","837"]}},{"type":"Feature","geometry":{"type":"Point","coordinates":[-97.64462,30.29876]},"properties":{"id":"2287","name":"Colony Park/Loyola","routes":["233"],"route_ids":["233"]}},{"type":"Feature","geometry":{"type":"Point","coordinates":[-97.64584,30.29925]},"properties":{"id":"2288","name":"6714 LOYOLA/SANDSHOF","routes":["18","233","337"],"route_ids":["18","233","337"]}},{"type":"Feature","geometry":{"type":"Point","coordinates":[-97.65459,30.30328]},"properties":{"id":"2290","name":"5900 Loyola/Crystalbrook","routes":["337"],"route_ids":["337"]}},{"type":"Feature","geometry":{"type":"Point","coordinates":[-97.65776,30.30305]},"properties":{"id":"2291","name":"5600 Loyola/Millrace","routes":["337"],"route_ids":["337"]}},{"type":"Feature","geometry":{"type":"Point","coordinates":[-97.66406,30.30484]},"properties":{"id":"2292","name":"5200 Loyola/Bridgewater","routes":["337"],"route_ids":["337"]}},{"type":"Feature","geometry":{"type":"Point","coordinates":[-97.66908,30.31158]},"properties":{"id":"2295","name":"3300 Loyola/Kings Point","routes":["337"],"route_ids":["337"]}},{"type":"Feature","geometry":{"type":"Point","coordinates":[-97.67313,30.31419]},"properties":{"id":"2296","name":"2900 Loyola/Tulsa","routes":["337"],"route_ids":["337"]}},{"type":"Feature","geometry":{"type":"Point","coordinates":[-97.67851,30.31841]},"properties":{"id":"2298","name":"2400 Loyola/Roanoke","routes":["337"],"route_ids":["337"]}},{"type":"Feature","geometry":{"type":"Point","coordinates":[-97.68076,30.31781]},"properties":{"id":"2299","name":"6800 Northeast/Loyola","routes":["337"],"route_ids":["337"]}},{"type":"Feature","geometry":{"type":"Point","coordinates":[-97.68136,30.31509]},"properties":{"id":"2300","name":"6502 Northeast/North Hampton","routes":["337"],"route_ids":["337"]}},{"type":"Feature","geometry":{"type":"Point","coordinates":[-97.68871,30.31263]},"properties":{"id":"2302","name":"2006 Gaston Place/Wellington","routes":["337"],"route_ids":["337"]}},{"type":"Feature","geometry":{"type":"Point","coordinates":[-97.69441,30.31508]},"properties":{"id":"2305","name":"1500 Briarcliff/Belfast","routes":["337"],"route_ids":["337"]}},{"type":"Feature","geometry":{"type":"Point","coordinates":[-97.7001,30.31705]},"properties":{"id":"2306","name":"5900 Cameron/Clayton","routes":["300","485"],"route_ids":["300","485"]}},{"type":"Feature","geometry":{"type":"Point","coordinates":[-97.70192,30.31555]},"properties":{"id":"2307","name":"5700 Cameron/Reinli","routes":["300","485"],"route_ids":["300","485"]}},{"type":"Feature","geometry":{"type":"Point","coordinates":[-97.70529,30.31294]},"properties":{"id":"2308","name":"5420 Cameron/Corona","routes":["300","485"],"route_ids":["300","485"]}},{"type":"Feature","geometry":{"type":"Point","coordinates":[-97.71678,30.30045]},"properties":{"id":"2312","name":"4120 IH 35/Clarkson","routes":["345"],"route_ids":["345"]}},{"type":"Feature","geometry":{"type":"Point","coordinates":[-97.75459,30.27054]},"properties":{"id":"2321","name":"500 Lamar/5th","routes":["103","484"],"route_ids":["103","484"]}},{"type":"Feature","geometry":{"type":"Point","coordinates":[-97.75788,30.2631]},"properties":{"id":"2322","name":"220 Lamar/Toomey","routes":["3","484"],"route_ids":["3","484"]}},{"type":"Feature","geometry":{"type":"Point","coordinates":[-97.76257,30.25449]},"properties":{"id":"2324","name":"Lamar Square Station (SB)","routes":["3","484","803"],"route_ids":["3","484","803"]}},{"type":"Feature","geometry":{"type":"Point","coordinates":[-97.7679,30.24929]},"properties":{"id":"2326","name":"2008 Lamar/Hether","routes":["3"],"route_ids":["3"]}},{"type":"Feature","geometry":{"type":"Point","coordinates":[-97.77176,30.24803]},"properties":{"id":"2328","name":"Oltorf West Station (SB)","routes":["3","300","484","803"],"route_ids":["3","300","484","803"]}},{"type":"Feature","geometry":{"type":"Point","coordinates":[-97.77993,30.24547]},"properties":{"id":"2329","name":"2638 Lamar/Dickson","routes":["300","484"],"route_ids":["300","484"]}},{"type":"Feature","geometry":{"type":"Point","coordinates":[-97.78308,30.24319]},"properties":{"id":"2331","name":"3000 Lamar/Barton Skyway","routes":["300"],"route_ids":["300"]}},{"type":"Feature","geometry":{"type":"Point","coordinates":[-97.79251,30.23657]},"properties":{"id":"2334","name":"Brodie Oaks Station (SB)","routes":["803"],"route_ids":["803"]}},{"type":"Feature","geometry":{"type":"Point","coordinates":[-97.80092,30.23047]},"properties":{"id":"2335","name":"4608 West Gate/Lamar","routes":["315"],"route_ids":["315"]}},{"type":"Feature","geometry":{"type":"Point","coordinates":[-97.80254,30.22731]},"properties":{"id":"2337","name":"4900 West Gate/Choctaw Trail","routes":["311","318"],"route_ids":["311","318"]}},{"type":"Feature","geometry":{"type":"Point","coordinates":[-97.80385,30.22582]},"properties":{"id":"2338","name":"5012 West Gate/Jones","routes":["311","318"],"route_ids":["311","318"]}},{"type":"Feature","geometry":{"type":"Point","coordinates":[-97.80558,30.22314]},"properties":{"id":"2339","name":"5306 West Gate/Indio","routes":["311","318"],"route_ids":["311","318"]}},{"type":"Feature","geometry":{"type":"Point","coordinates":[-97.80711,30.2192]},"properties":{"id":"2340","name":"West Gate/Cherry Creek NW Corner","routes":["318"],"route_ids":["318"]}},{"type":"Feature","geometry":{"type":"Point","coordinates":[-97.81105,30.21691]},"properties":{"id":"2341","name":"6010 West Gate/Cherry Creek","routes":["318"],"route_ids":["318"]}},{"type":"Feature","geometry":{"type":"Point","coordinates":[-97.81507,30.21316]},"properties":{"id":"2342","name":"6402 West Gate/Dillion Hill","routes":["318"],"route_ids":["318"]}},{"type":"Feature","geometry":{"type":"Point","coordinates":[-97.81459,30.2109]},"properties":{"id":"2343","name":"West Gate/Deaton Hill NW Corner","routes":["318"],"route_ids":["318"]}},{"type":"Feature","geometry":{"type":"Point","coordinates":[-97.81482,30.20832]},"properties":{"id":"2344","name":"6808 West Gate/William Cannon","routes":["318"],"route_ids":["318"]}},{"type":"Feature","geometry":{"type":"Point","coordinates":[-97.82212,30.1994]},"properties":{"id":"2349","name":"7700 West Gate/Goldbridge","routes":["318"],"route_ids":["318"]}},{"type":"Feature","geometry":{"type":"Point","coordinates":[-97.8184,30.20192]},"properties":{"id":"2357","name":"7405 West Gate/Grennock","routes":["103","318"],"route_ids":["103","318"]}},{"type":"Feature","geometry":{"type":"Point","coordinates":[-97.81436,30.20863]},"properties":{"id":"2360","name":"West Gate/Berkeley SE Corner","routes":["318"],"route_ids":["318"]}},{"type":"Feature","geometry":{"type":"Point","coordinates":[-97.81433,30.21071]},"properties":{"id":"2361","name":"West Gate/Aldford SE Corner","routes":["318"],"route_ids":["318"]}},{"type":"Feature","geometry":{"type":"Point","coordinates":[-97.81484,30.21294]},"properties":{"id":"2362","name":"West Gate/Cornish SE Corner","routes":["318"],"route_ids":["318"]}},{"type":"Feature","geometry":{"type":"Point","coordinates":[-97.81286,30.21625]},"properties":{"id":"2363","name":"6101 West Gate/Berkett","routes":["318"],"route_ids":["318"]}},{"type":"Feature","geometry":{"type":"Point","coordinates":[-97.8094,30.21739]},"properties":{"id":"2364","name":"5907 West Gate/Coatbridge","routes":["318"],"route_ids":["318"]}},{"type":"Feature","geometry":{"type":"Point","coordinates":[-97.80385,30.22544]},"properties":{"id":"2367","name":"5101 West Gate/Jones","routes":["311","318"],"route_ids":["311","318"]}},{"type":"Feature","geometry":{"type":"Point","coordinates":[-97.79263,30.23595]},"properties":{"id":"2370","name":"Brodie Oaks Station (NB)","routes":["803"],"route_ids":["803"]}},{"type":"Feature","geometry":{"type":"Point","coordinates":[-97.78158,30.24401]},"properties":{"id":"2374","name":"2801 Lamar/Menchaca","routes":["300","484"],"route_ids":["300","484"]}},{"type":"Feature","geometry":{"type":"Point","coordinates":[-97.70886,30.30989]},"properties":{"id":"2388","name":"Cameron/52nd","routes":["300","485"],"route_ids":["300","485"]}},{"type":"Feature","geometry":{"type":"Point","coordinates":[-97.70636,30.31188]},"properties":{"id":"2389","name":"Cameron/Broadmoor","routes":["300","485"],"route_ids":["300","485"]}},{"type":"Feature","geometry":{"type":"Point","coordinates":[-97.70468,30.31319]},"properties":{"id":"2390","name":"Cameron/Corona","routes":["300","485"],"route_ids":["300","485"]}},{"type":"Feature","geometry":{"type":"Point","coordinates":[-97.69968,30.31713]},"properties":{"id":"2392","name":"5913 Cameron/Briarcliff","routes":["300","485"],"route_ids":["300","485"]}},{"type":"Feature","geometry":{"type":"Point","coordinates":[-97.69781,30.31654]},"properties":{"id":"2393","name":"Briarcliff/Nassau","routes":["337"],"route_ids":["337"]}},{"type":"Feature","geometry":{"type":"Point","coordinates":[-97.69436,30.31491]},"properties":{"id":"2394","name":"1503 Briarcliff/Belfast","routes":["337"],"route_ids":["337"]}},{"type":"Feature","geometry":{"type":"Point","coordinates":[-97.68865,30.31242]},"properties":{"id":"2396","name":"1941 Gaston Place/Wellington","routes":["337"],"route_ids":["337"]}},{"type":"Feature","geometry":{"type":"Point","coordinates":[-97.68375,30.31284]},"properties":{"id":"2397","name":"6210 North Hampton/Haney","routes":["337"],"route_ids":["337"]}},{"type":"Feature","geometry":{"type":"Point","coordinates":[-97.68179,30.31363]},"properties":{"id":"2398","name":"6311 North Hampton/Bristol","routes":["337"],"route_ids":["337"]}},{"type":"Feature","geometry":{"type":"Point","coordinates":[-97.68066,30.31766]},"properties":{"id":"2399","name":"6801 Northeast/Lehigh","routes":["337"],"route_ids":["337"]}},{"type":"Feature","geometry":{"type":"Point","coordinates":[-97.67973,30.3184]},"properties":{"id":"2400","name":"Loyola/Northeast","routes":["337"],"route_ids":["337"]}},{"type":"Feature","geometry":{"type":"Point","coordinates":[-97.6747,30.31561]},"properties":{"id":"2402","name":"2705 Loyola/Willamette","routes":["337"],"route_ids":["337"]}},{"type":"Feature","geometry":{"type":"Point","coordinates":[-97.67335,30.31419]},"properties":{"id":"2403","name":"2803 Loyola/Tulsa","routes":["337"],"route_ids":["337"]}},{"type":"Feature","geometry":{"type":"Point","coordinates":[-97.67038,30.31205]},"properties":{"id":"2404","name":"3115 Loyola/Tampa Cove","routes":["337"],"route_ids":["337"]}},{"type":"Feature","geometry":{"type":"Point","coordinates":[-97.66544,30.30653]},"properties":{"id":"2406","name":"5007 Loyola/Greensboro","routes":["337"],"route_ids":["337"]}},{"type":"Feature","geometry":{"type":"Point","coordinates":[-97.66411,30.3047]},"properties":{"id":"2407","name":"5213 Loyola/Bridgewater","routes":["337"],"route_ids":["337"]}},{"type":"Feature","geometry":{"type":"Point","coordinates":[-97.64518,30.29865]},"properties":{"id":"2410","name":"6725 Loyola/Sandshof","routes":["18","337"],"route_ids":["18","337"]}},{"type":"Feature","geometry":{"type":"Point","coordinates":[-97.64135,30.29758]},"properties":{"id":"2416","name":"Colony Park NB (Loyola/Cielo Vista)","routes":["18","337","837"],"route_ids":["18","337","837"]}},{"type":"Feature","geometry":{"type":"Point","coordinates":[-97.75183,30.33455]},"properties":{"id":"2419","name":"Northland/Marilyn","routes":["337"],"route_ids":["337"]}},{"type":"Feature","geometry":{"type":"Point","coordinates":[-97.7431,30.33515]},"properties":{"id":"2421","name":"Allandale/Shoalwood","routes":["337"],"route_ids":["337"]}},{"type":"Feature","geometry":{"type":"Point","coordinates":[-97.73949,30.33454]},"properties":{"id":"2422","name":"2100 Allandale/Burnet","routes":["337"],"route_ids":["337"]}},{"type":"Feature","geometry":{"type":"Point","coordinates":[-97.73492,30.3324]},"properties":{"id":"2423","name":"1601 Koenig/Arroyo Seco","routes":["337"],"route_ids":["337"]}},{"type":"Feature","geometry":{"type":"Point","coordinates":[-97.73122,30.33063]},"properties":{"id":"2424","name":"1317 Koenig/Woodrow","routes":["337"],"route_ids":["337"]}},{"type":"Feature","geometry":{"type":"Point","coordinates":[-97.72964,30.32987]},"properties":{"id":"2425","name":"1205 Koenig/Grover","routes":["337"],"route_ids":["337"]}},{"type":"Feature","geometry":{"type":"Point","coordinates":[-97.72402,30.32349]},"properties":{"id":"2427","name":"Koenig/Guadalupe SW Corner","routes":["337","990"],"route_ids":["337","990"]}},{"type":"Feature","geometry":{"type":"Point","coordinates":[-97.72005,30.32242]},"properties":{"id":"2428","name":"122 Koenig/Link","routes":["337"],"route_ids":["337"]}},{"type":"Feature","geometry":{"type":"Point","coordinates":[-97.74634,30.27897]},"properties":{"id":"243","name":"Rio Grande/15th","routes":["18"],"route_ids":["18"]}},{"type":"Feature","geometry":{"type":"Point","coordinates":[-97.69855,30.32408]},"properties":{"id":"2432","name":"1101 Camino La Costa/La Posada","routes":["337"],"route_ids":["337"]}},{"type":"Feature","geometry":{"type":"Point","coordinates":[-97.69536,30.32426]},"properties":{"id":"2433","name":"Camino La Costa/Atkinson","routes":["337"],"route_ids":["337"]}},{"type":"Feature","geometry":{"type":"Point","coordinates":[-97.68699,30.33146]},"properties":{"id":"2436","name":"7605 Cameron/Anderson","routes":["10","485"],"route_ids":["10","485"]}},{"type":"Feature","geometry":{"type":"Point","coordinates":[-97.68431,30.33794]},"properties":{"id":"2439","name":"1476 Rutherford/Cameron","routes":["10","325","339","485"],"route_ids":["10","325","339","485"]}},{"type":"Feature","geometry":{"type":"Point","coordinates":[-97.68178,30.33645]},"properties":{"id":"2441","name":"1601 Rutherford/Cameron","routes":["339"],"route_ids":["339"]}},{"type":"Feature","geometry":{"type":"Point","coordinates":[-97.67649,30.3364]},"properties":{"id":"2443","name":"1823 Centre Creek/Cross Park","routes":["339"],"route_ids":["339"]}},{"type":"Feature","geometry":{"type":"Point","coordinates":[-97.67771,30.33623]},"properties":{"id":"2451","name":"1706 Centre Creek/Cross Park","routes":["339"],"route_ids":["339"]}},{"type":"Feature","geometry":{"type":"Point","coordinates":[-97.68456,30.33555]},"properties":{"id":"2455","name":"8004 Cameron/Rutherford","routes":["10","485"],"route_ids":["10","485"]}},{"type":"Feature","geometry":{"type":"Point","coordinates":[-97.68753,30.33123]},"properties":{"id":"2456","name":"7606 Cameron/Anderson","routes":["10","485"],"route_ids":["10","485"]}},{"type":"Feature","geometry":{"type":"Point","coordinates":[-97.69045,30.32921]},"properties":{"id":"2457","name":"7400 Cameron/McKie","routes":["10","485"],"route_ids":["10","485"]}},{"type":"Feature","geometry":{"type":"Point","coordinates":[-97.69614,30.32428]},"properties":{"id":"2459","name":"1206 Camino La Costa/Grand Canyon","routes":["337"],"route_ids":["337"]}},{"type":"Feature","geometry":{"type":"Point","coordinates":[-97.6993,30.32468]},"properties":{"id":"2460","name":"1044 Camino La Costa/Calidad","routes":["337"],"route_ids":["337"]}},{"type":"Feature","geometry":{"type":"Point","coordinates":[-97.71838,30.32198]},"properties":{"id":"2465","name":"200 Koenig/Avenue F","routes":["337"],"route_ids":["337"]}},{"type":"Feature","geometry":{"type":"Point","coordinates":[-97.72972,30.33005]},"properties":{"id":"2468","name":"1120 Koenig/Grover","routes":["337"],"route_ids":["337"]}},{"type":"Feature","geometry":{"type":"Point","coordinates":[-97.73144,30.33091]},"properties":{"id":"2469","name":"1316 Koenig/Woodrow","routes":["337"],"route_ids":["337"]}},{"type":"Feature","geometry":{"type":"Point","coordinates":[-97.74019,30.33501]},"properties":{"id":"2472","name":"Koenig/Burnet NW Corner","routes":["337"],"route_ids":["337"]}},{"type":"Feature","geometry":{"type":"Point","coordinates":[-97.74381,30.33547]},"properties":{"id":"2473","name":"Allandale/Woodview","routes":["337"],"route_ids":["337"]}},{"type":"Feature","geometry":{"type":"Point","coordinates":[-97.74692,30.33552]},"properties":{"id":"2474","name":"2608 Allandale/Cary","routes":["337"],"route_ids":["337"]}},{"type":"Feature","geometry":{"type":"Point","coordinates":[-97.75026,30.33456]},"properties":{"id":"2475","name":"Northland/Bullard","routes":["337"],"route_ids":["337"]}},{"type":"Feature","geometry":{"type":"Point","coordinates":[-97.75675,30.33771]},"properties":{"id":"2476","name":"Northland/Balcones","routes":["30","337"],"route_ids":["30","337"]}},{"type":"Feature","geometry":{"type":"Point","coordinates":[-97.76863,30.18343]},"properties":{"id":"2478","name":"1901 Blue Meadow/Bluff Springs","routes":["333"],"route_ids":["333"]}},{"type":"Feature","geometry":{"type":"Point","coordinates":[-97.75308,30.17904]},"properties":{"id":"2482","name":"6805 Meadow Lake/Bucks Run","routes":["333"],"route_ids":["333"]}},{"type":"Feature","geometry":{"type":"Point","coordinates":[-97.75028,30.18071]},"properties":{"id":"2483","name":"6601 Meadow Lake/William Cannon","routes":["333"],"route_ids":["333"]}},{"type":"Feature","geometry":{"type":"Point","coordinates":[-97.75552,30.19353]},"properties":{"id":"2489","name":"Stassney/Spoke","routes":["311","486"],"route_ids":["311","486"]}},{"type":"Feature","geometry":{"type":"Point","coordinates":[-97.75786,30.19494]},"properties":{"id":"2490","name":"2006 Stassney/Ponciana","routes":["311","486"],"route_ids":["311","486"]}},{"type":"Feature","geometry":{"type":"Point","coordinates":[-97.76164,30.19744]},"properties":{"id":"2491","name":"1706 Stassney/IH 35","routes":["311","486"],"route_ids":["311","486"]}},{"type":"Feature","geometry":{"type":"Point","coordinates":[-97.72711,30.29067]},"properties":{"id":"2493","name":"3107 Red River/32nd","routes":["10","171"],"route_ids":["10","171"]}},{"type":"Feature","geometry":{"type":"Point","coordinates":[-97.7583,30.19503]},"properties":{"id":"2497","name":"2005 Stassney/Ponciana","routes":["311"],"route_ids":["311"]}},{"type":"Feature","geometry":{"type":"Point","coordinates":[-97.74984,30.19357]},"properties":{"id":"2499","name":"2433 Stassney/Palo Blanco","routes":["311"],"route_ids":["311"]}},{"type":"Feature","geometry":{"type":"Point","coordinates":[-97.7505,30.18062]},"properties":{"id":"2504","name":"6608 Meadow Lake/William Cannon","routes":["333"],"route_ids":["333"]}},{"type":"Feature","geometry":{"type":"Point","coordinates":[-97.75323,30.17915]},"properties":{"id":"2505","name":"6806 Meadow Lake/Bucks Run","routes":["333"],"route_ids":["333"]}},{"type":"Feature","geometry":{"type":"Point","coordinates":[-97.75843,30.17972]},"properties":{"id":"2507","name":"4412 Blue Meadow/Deep Circle","routes":["333"],"route_ids":["333"]}},{"type":"Feature","geometry":{"type":"Point","coordinates":[-97.76115,30.1804]},"properties":{"id":"2508","name":"2418 Blue Meadow/Bitteroot","routes":["333"],"route_ids":["333"]}},{"type":"Feature","geometry":{"type":"Point","coordinates":[-97.76877,30.18366]},"properties":{"id":"2511","name":"1900 Blue Meadow/Bluff Springs","routes":["333"],"route_ids":["333"]}},{"type":"Feature","geometry":{"type":"Point","coordinates":[-97.73634,30.28001]},"properties":{"id":"2522","name":"311 Martin Luther King/San Jacinto","routes":["18"],"route_ids":["18"]}},{"type":"Feature","geometry":{"type":"Point","coordinates":[-97.70662,30.36768]},"properties":{"id":"2530","name":"Rundberg/Parkfield","routes":["142","325"],"route_ids":["142","325"]}},{"type":"Feature","geometry":{"type":"Point","coordinates":[-97.70795,30.37788]},"properties":{"id":"2534","name":"Quail Valley/Quail Hutch","routes":["142"],"route_ids":["142"]}},{"type":"Feature","geometry":{"type":"Point","coordinates":[-97.70653,30.37889]},"properties":{"id":"2535","name":"1612 Mearns Meadow/Quail Valley","routes":["142"],"route_ids":["142"]}},{"type":"Feature","geometry":{"type":"Point","coordinates":[-97.70824,30.38059]},"properties":{"id":"2536","name":"1720 Mearns Meadow/Robinwood","routes":["142"],"route_ids":["142"]}},{"type":"Feature","geometry":{"type":"Point","coordinates":[-97.71094,30.38301]},"properties":{"id":"2537","name":"1906 Mearns Meadow/Little Pebble","routes":["142"],"route_ids":["142"]}},{"type":"Feature","geometry":{"type":"Point","coordinates":[-97.71183,30.38596]},"properties":{"id":"2539","name":"10623 Metric/Denton","routes":["142","325"],"route_ids":["142","325"]}},{"type":"Feature","geometry":{"type":"Point","coordinates":[-97.70996,30.38932]},"properties":{"id":"2540","name":"11001 Metric/Kramer","routes":["142","325"],"route_ids":["142","325"]}},{"type":"Feature","geometry":{"type":"Point","coordinates":[-97.70787,30.39276]},"properties":{"id":"2541","name":"11301 Metric/Braker","routes":["142","325"],"route_ids":["142","325"]}},{"type":"Feature","geometry":{"type":"Point","coordinates":[-97.69689,30.40811]},"properties":{"id":"2544","name":"12195 Metric/Cedar Bend","routes":["142","325"],"route_ids":["142","325"]}},{"type":"Feature","geometry":{"type":"Point","coordinates":[-97.69567,30.41111]},"properties":{"id":"2545","name":"12301 Lamplight Village/Metric","routes":["142"],"route_ids":["142"]}},{"type":"Feature","geometry":{"type":"Point","coordinates":[-97.6965,30.41511]},"properties":{"id":"2564","name":"12460 Lamplight Village/Alderbrook","routes":["142"],"route_ids":["142"]}},{"type":"Feature","geometry":{"type":"Point","coordinates":[-97.69573,30.41085]},"properties":{"id":"2566","name":"Lamplight Village/Metric NW Corner","routes":["142"],"route_ids":["142"]}},{"type":"Feature","geometry":{"type":"Point","coordinates":[-97.69728,30.40778]},"properties":{"id":"2567","name":"12166 Metric/Cedar Bend","routes":["142","325"],"route_ids":["142","325"]}},{"type":"Feature","geometry":{"type":"Point","coordinates":[-97.70682,30.39488]},"properties":{"id":"2568","name":"11510 Metric/Stonehollow","routes":["142","325"],"route_ids":["142","325"]}},{"type":"Feature","geometry":{"type":"Point","coordinates":[-97.70879,30.39179]},"properties":{"id":"2569","name":"11212 Metric/Braker","routes":["142","325"],"route_ids":["142","325"]}},{"type":"Feature","geometry":{"type":"Point","coordinates":[-97.71304,30.3836]},"properties":{"id":"2572","name":"Metric/Boyer","routes":["142"],"route_ids":["142"]}},{"type":"Feature","geometry":{"type":"Point","coordinates":[-97.7111,30.38291]},"properties":{"id":"2573","name":"1907 Mearns Meadow/Little Pebble","routes":["142"],"route_ids":["142"]}},{"type":"Feature","geometry":{"type":"Point","coordinates":[-97.70659,30.37867]},"properties":{"id":"2575","name":"1611 Mearns Meadow/Quail Valley","routes":["142"],"route_ids":["142"]}},{"type":"Feature","geometry":{"type":"Point","coordinates":[-97.70968,30.37121]},"properties":{"id":"2578","name":"1601 Rutland/Mountain Quail","routes":["142"],"route_ids":["142"]}},{"type":"Feature","geometry":{"type":"Point","coordinates":[-97.70407,30.36636]},"properties":{"id":"2581","name":"1129 Rundberg/Quail Wood","routes":["142","325","481"],"route_ids":["142","325","481"]}},{"type":"Feature","geometry":{"type":"Point","coordinates":[-97.70151,30.36515]},"properties":{"id":"2582","name":"Rundberg/Collinfield","routes":["142","325","481"],"route_ids":["142","325","481"]}},{"type":"Feature","geometry":{"type":"Point","coordinates":[-97.69848,30.3637]},"properties":{"id":"2583","name":"831 Rundberg/Lamar (Near Side)","routes":["142","324","325","481"],"route_ids":["142","324","325","481"]}},{"type":"Feature","geometry":{"type":"Point","coordinates":[-97.69454,30.36157]},"properties":{"id":"2585","name":"Rundberg/Slayton","routes":["142","324","325"],"route_ids":["142","324","325"]}},{"type":"Feature","geometry":{"type":"Point","coordinates":[-97.88861,30.24659]},"properties":{"id":"2595","name":"6600 Silvermine/SH 71","routes":["171"],"route_ids":["171"]}},{"type":"Feature","geometry":{"type":"Point","coordinates":[-97.87694,30.23497]},"properties":{"id":"2597","name":"Oak Hill Plaza","routes":["315","333"],"route_ids":["315","333"]}},{"type":"Feature","geometry":{"type":"Point","coordinates":[-97.74511,30.26861]},"properties":{"id":"2605","name":"517 Lavaca/6th","routes":["103","105","111","142","171","481","483","484","485","486","935","980","982","985","990"],"route_ids":["103","105","111","142","171","481","483","484","485","486","935","980","982","985","990"]}},{"type":"Feature","geometry":{"type":"Point","coordinates":[-97.74444,30.27042]},"properties":{"id":"2606","name":"Austin History Center Station (NB)","routes":["1","3","801","803"],"route_ids":["1","3","801","803"]}},{"type":"Feature","geometry":{"type":"Point","coordinates":[-97.74565,30.27106]},"properties":{"id":"2611","name":"Austin History Center Station (SB)","routes":["1","3","801","803"],"route_ids":["1","3","801","803"]}},{"type":"Feature","geometry":{"type":"Point","coordinates":[-97.74669,30.26825]},"properties":{"id":"2612","name":"500 Guadalupe/5Th","routes":["105","111","142","171","454","935","980","982","985","990"],"route_ids":["105","111","142","171","454","935","980","982","985","990"]}},{"type":"Feature","geometry":{"type":"Point","coordinates":[-97.74704,30.26733]},"properties":{"id":"2613","name":"Guadalupe/4th","routes":["10","2","20","30","483","486","5","7"],"route_ids":["10","2","20","30","483","486","5","7"]}},{"type":"Feature","geometry":{"type":"Point","coordinates":[-97.85527,30.23566]},"properties":{"id":"2617","name":"6132 US 290/Parkwood","routes":["171","315"],"route_ids":["171","315"]}},{"type":"Feature","geometry":{"type":"Point","coordinates":[-97.89875,30.23565]},"properties":{"id":"2618","name":"Fenton/Scenic Brook","routes":["171"],"route_ids":["171"]}},{"type":"Feature","geometry":{"type":"Point","coordinates":[-97.78142,30.20875]},"properties":{"id":"2623","name":"5500 S 1st/Stassney","routes":["10"],"route_ids":["10"]}},{"type":"Feature","geometry":{"type":"Point","coordinates":[-97.79003,30.19378]},"properties":{"id":"2626","name":"S. 1st/Mulberry","routes":["10"],"route_ids":["10"]}},{"type":"Feature","geometry":{"type":"Point","coordinates":[-97.79057,30.19018]},"properties":{"id":"2627","name":"7230 S 1st/Meadow Lea","routes":["10"],"route_ids":["10"]}},{"type":"Feature","geometry":{"type":"Point","coordinates":[-97.7926,30.18411]},"properties":{"id":"2628","name":"7816 S 1st/Dittmar","routes":["10"],"route_ids":["10"]}},{"type":"Feature","geometry":{"type":"Point","coordinates":[-97.79478,30.1813]},"properties":{"id":"2629","name":"8116 S 1st/Mairo","routes":["10"],"route_ids":["10"]}},{"type":"Feature","geometry":{"type":"Point","coordinates":[-97.79484,30.18091]},"properties":{"id":"2636","name":"8201 S 1st/Mairo","routes":["10"],"route_ids":["10"]}},{"type":"Feature","geometry":{"type":"Point","coordinates":[-97.79041,30.18984]},"properties":{"id":"2638","name":"7301 S 1st/Meadow Lea","routes":["10"],"route_ids":["10"]}},{"type":"Feature","geometry":{"type":"Point","coordinates":[-97.78927,30.19469]},"properties":{"id":"2639","name":"6907 S 1st/Thelma","routes":["10"],"route_ids":["10"]}},{"type":"Feature","geometry":{"type":"Point","coordinates":[-97.78784,30.19734]},"properties":{"id":"2640","name":"6611 1st/William Cannon","routes":["10"],"route_ids":["10"]}},{"type":"Feature","geometry":{"type":"Point","coordinates":[-97.78151,30.20827]},"properties":{"id":"2641","name":"5603 S 1st/Stassney","routes":["10"],"route_ids":["10"]}},{"type":"Feature","geometry":{"type":"Point","coordinates":[-97.74586,30.26669]},"properties":{"id":"2643","name":"Lavaca/4th","routes":["10","2","20","30","483","486","5","7"],"route_ids":["10","2","20","30","483","486","5","7"]}},{"type":"Feature","geometry":{"type":"Point","coordinates":[-97.78498,30.23522]},"properties":{"id":"2650","name":"3608 Menchaca/Valley View","routes":["103","3","484"],"route_ids":["103","3","484"]}},{"type":"Feature","geometry":{"type":"Point","coordinates":[-97.81952,30.19881]},"properties":{"id":"2652","name":"Seminary Ridge/Manassas","routes":["103"],"route_ids":["103"]}},{"type":"Feature","geometry":{"type":"Point","coordinates":[-97.82155,30.19567]},"properties":{"id":"2653","name":"Seminary Ridge/Shiloh","routes":["103"],"route_ids":["103"]}},{"type":"Feature","geometry":{"type":"Point","coordinates":[-97.82375,30.1925]},"properties":{"id":"2654","name":"Seminary Ridge/Sweet Clover","routes":["103"],"route_ids":["103"]}},{"type":"Feature","geometry":{"type":"Point","coordinates":[-97.82799,30.18836]},"properties":{"id":"2656","name":"Guidepost/Huebinger Pass","routes":["103"],"route_ids":["103"]}},{"type":"Feature","geometry":{"type":"Point","coordinates":[-97.82912,30.18852]},"properties":{"id":"2657","name":"Curlew/Guidepost","routes":["103"],"route_ids":["103"]}},{"type":"Feature","geometry":{"type":"Point","coordinates":[-97.83241,30.18303]},"properties":{"id":"2660","name":"9412 Curlew/Crownspoint","routes":["103"],"route_ids":["103"]}},{"type":"Feature","geometry":{"type":"Point","coordinates":[-97.83334,30.18048]},"properties":{"id":"2661","name":"9614 Curlew/Monarch","routes":["103"],"route_ids":["103"]}},{"type":"Feature","geometry":{"type":"Point","coordinates":[-97.83111,30.176]},"properties":{"id":"2663","name":"Slaughter/Gail","routes":["103","318"],"route_ids":["103","318"]}},{"type":"Feature","geometry":{"type":"Point","coordinates":[-97.83369,30.17668]},"properties":{"id":"2666","name":"2617 Slaughter/Curlew","routes":["103","318"],"route_ids":["103","318"]}},{"type":"Feature","geometry":{"type":"Point","coordinates":[-97.83385,30.17713]},"properties":{"id":"2667","name":"9901 Curlew/Slaughter","routes":["103"],"route_ids":["103"]}},{"type":"Feature","geometry":{"type":"Point","coordinates":[-97.83218,30.18312]},"properties":{"id":"2669","name":"Curlew/Crownspoint","routes":["103"],"route_ids":["103"]}},{"type":"Feature","geometry":{"type":"Point","coordinates":[-97.82767,30.18808]},"properties":{"id":"2673","name":"Guidepost/Marsh","routes":["103"],"route_ids":["103"]}},{"type":"Feature","geometry":{"type":"Point","coordinates":[-97.82541,30.19018]},"properties":{"id":"2674","name":"8609 Leo/Davis","routes":["103"],"route_ids":["103"]}},{"type":"Feature","geometry":{"type":"Point","coordinates":[-97.82459,30.19154]},"properties":{"id":"2675","name":"8503 Seminary Ridge/Cameron Loop","routes":["103"],"route_ids":["103"]}},{"type":"Feature","geometry":{"type":"Point","coordinates":[-97.82012,30.19956]},"properties":{"id":"2678","name":"7703 Manassas/Whispering Oaks","routes":["103"],"route_ids":["103"]}},{"type":"Feature","geometry":{"type":"Point","coordinates":[-97.81651,30.20483]},"properties":{"id":"2679","name":"7203 West Gate/Bryonhall","routes":["103","318"],"route_ids":["103","318"]}},{"type":"Feature","geometry":{"type":"Point","coordinates":[-97.81542,30.20698]},"properties":{"id":"2680","name":"6905 West Gate/William Cannon","routes":["103","318"],"route_ids":["103","318"]}},{"type":"Feature","geometry":{"type":"Point","coordinates":[-97.80669,30.20338]},"properties":{"id":"2681","name":"Menchaca/William Cannon NE Corner","routes":["103"],"route_ids":["103"]}},{"type":"Feature","geometry":{"type":"Point","coordinates":[-97.74867,30.39427]},"properties":{"id":"2726","name":"9828 Great Hills/Research","routes":["383","982"],"route_ids":["383","982"]}},{"type":"Feature","geometry":{"type":"Point","coordinates":[-97.75748,30.42682]},"properties":{"id":"2727","name":"Pavilion Park and Ride","routes":["383","982"],"route_ids":["383","982"]}},{"type":"Feature","geometry":{"type":"Point","coordinates":[-97.74835,30.39404]},"properties":{"id":"2732","name":"9829 Great Hills/Jollyville","routes":["3","383","982"],"route_ids":["3","383","982"]}},{"type":"Feature","geometry":{"type":"Point","coordinates":[-97.74417,30.27502]},"properties":{"id":"2738","name":"Capitol Station (SB)","routes":["1","105","20","3","30","481","801","803","980","982","985","990"],"route_ids":["1","105","20","3","30","481","801","803","980","982","985","990"]}},{"type":"Feature","geometry":{"type":"Point","coordinates":[-97.70301,30.40082]},"properties":{"id":"2751","name":"ACC Northridge","routes":["142","325"],"route_ids":["142","325"]}},{"type":"Feature","geometry":{"type":"Point","coordinates":[-97.71756,30.40272]},"properties":{"id":"2753","name":"Burnet/Mopac","routes":["466"],"route_ids":["466"]}},{"type":"Feature","geometry":{"type":"Point","coordinates":[-97.72032,30.39596]},"properties":{"id":"2754","name":"11100 Burnet/Kramer","routes":["466"],"route_ids":["466"]}},{"type":"Feature","geometry":{"type":"Point","coordinates":[-97.73295,30.27931]},"properties":{"id":"2761","name":"500 Martin Luther King/Red River","routes":["142","18","465","670","672"],"route_ids":["142","18","465","670","672"]}},{"type":"Feature","geometry":{"type":"Point","coordinates":[-97.7487,30.25877]},"properties":{"id":"2763","name":"Vic Mathias/Auditorium Shores (SB)","routes":["1","142","20","483","486","7","801"],"route_ids":["1","142","20","483","486","7","801"]}},{"type":"Feature","geometry":{"type":"Point","coordinates":[-97.74899,30.25946]},"properties":{"id":"2767","name":"Vic Mathias/Auditorium Shores (NB)","routes":["1","142","20","483","486","7","801"],"route_ids":["1","142","20","483","486","7","801"]}},{"type":"Feature","geometry":{"type":"Point","coordinates":[-97.73354,30.27926]},"properties":{"id":"2768","name":"M L King/Trinity (Midblock)","routes":["142","18"],"route_ids":["142","18"]}},{"type":"Feature","geometry":{"type":"Point","coordinates":[-97.74112,30.28384]},"properties":{"id":"2780","name":"21st/Whitis (Midblock)","routes":["640"],"route_ids":["640"]}},{"type":"Feature","geometry":{"type":"Point","coordinates":[-97.71092,30.25722]},"properties":{"id":"2803","name":"500 Pleasant Valley/5th","routes":["300"],"route_ids":["300"]}},{"type":"Feature","geometry":{"type":"Point","coordinates":[-97.72803,30.25943]},"properties":{"id":"2810","name":"East Austin Multi-Center","routes":["490"],"route_ids":["490"]}},{"type":"Feature","geometry":{"type":"Point","coordinates":[-97.73286,30.25992]},"properties":{"id":"2812","name":"1117 Cesar Chavez/Waller","routes":["2","490"],"route_ids":["2","490"]}},{"type":"Feature","geometry":{"type":"Point","coordinates":[-97.69713,30.36262]},"properties":{"id":"2821","name":"Rundberg Station (NB)","routes":["1","801"],"route_ids":["1","801"]}},{"type":"Feature","geometry":{"type":"Point","coordinates":[-97.92296,30.49293]},"properties":{"id":"2823","name":"Park/Crestview Jonestown","routes":["214"],"route_ids":["214"]}},{"type":"Feature","geometry":{"type":"Point","coordinates":[-97.97827,30.48075]},"properties":{"id":"2825","name":"8032 Bar K Ranch (Lago Vista HS)","routes":["214"],"route_ids":["214"]}},{"type":"Feature","geometry":{"type":"Point","coordinates":[-97.9911,30.47157]},"properties":{"id":"2827","name":"Crossbow/Paseo de Vaca","routes":["214"],"route_ids":["214"]}},{"type":"Feature","geometry":{"type":"Point","coordinates":[-97.97817,30.48067]},"properties":{"id":"2829","name":"8033 Bar K Ranch (Lago Vista HS)","routes":["214"],"route_ids":["214"]}},{"type":"Feature","geometry":{"type":"Point","coordinates":[-97.98713,30.45348]},"properties":{"id":"2830","name":"5887 Thunderbird/Dawn","routes":["214"],"route_ids":["214"]}},{"type":"Feature","geometry":{"type":"Point","coordinates":[-97.92283,30.49283]},"properties":{"id":"2831","name":"Park/Crestview Jonestown","routes":["214"],"route_ids":["214"]}},{"type":"Feature","geometry":{"type":"Point","coordinates":[-97.91455,30.50272]},"properties":{"id":"2832","name":"Bee Street/Main Street","routes":["214"],"route_ids":["214"]}},{"type":"Feature","geometry":{"type":"Point","coordinates":[-97.72137,30.27347]},"properties":{"id":"2856","name":"1703 12th/Leona","routes":["5"],"route_ids":["5"]}},{"type":"Feature","geometry":{"type":"Point","coordinates":[-97.71608,30.28781]},"properties":{"id":"2863","name":"Cherrywood/Edgewood","routes":["322"],"route_ids":["322"]}},{"type":"Feature","geometry":{"type":"Point","coordinates":[-97.71368,30.29149]},"properties":{"id":"2864","name":"3719 Cherrywood/38th Half","routes":["322"],"route_ids":["322"]}},{"type":"Feature","geometry":{"type":"Point","coordinates":[-97.69413,30.32283]},"properties":{"id":"2870","name":"6717 Cameron/Athletic","routes":["300","337","485"],"route_ids":["300","337","485"]}},{"type":"Feature","geometry":{"type":"Point","coordinates":[-97.69267,30.3258]},"properties":{"id":"2871","name":"7068 Cameron/St Johns","routes":["300","485"],"route_ids":["300","485"]}},{"type":"Feature","geometry":{"type":"Point","coordinates":[-97.7143,30.33781]},"properties":{"id":"2874","name":"514 St Johns/Guadalupe","routes":["300"],"route_ids":["300"]}},{"type":"Feature","geometry":{"type":"Point","coordinates":[-97.71825,30.33621]},"properties":{"id":"2877","name":"6904 Airport/Lamar","routes":["350","7"],"route_ids":["350","7"]}},{"type":"Feature","geometry":{"type":"Point","coordinates":[-97.71764,30.33948]},"properties":{"id":"2878","name":"7209 Lamar/St Johns","routes":["1","350","481"],"route_ids":["1","350","481"]}},{"type":"Feature","geometry":{"type":"Point","coordinates":[-97.71462,30.33781]},"properties":{"id":"2880","name":"601 St Johns/Guadalupe","routes":["300"],"route_ids":["300"]}},{"type":"Feature","geometry":{"type":"Point","coordinates":[-97.69847,30.3301]},"properties":{"id":"2886","name":"1011 St Johns/Bethune","routes":["300"],"route_ids":["300"]}},{"type":"Feature","geometry":{"type":"Point","coordinates":[-97.73588,30.36049]},"properties":{"id":"2908","name":"7925 Rockwood/Ashdale","routes":["491"],"route_ids":["491"]}},{"type":"Feature","geometry":{"type":"Point","coordinates":[-97.74477,30.30282]},"properties":{"id":"2913","name":"3400 Lamar/34th","routes":["491","5"],"route_ids":["491","5"]}},{"type":"Feature","geometry":{"type":"Point","coordinates":[-97.79005,30.19794]},"properties":{"id":"2917","name":"801 William Cannon/Cooper","routes":["333"],"route_ids":["333"]}},{"type":"Feature","geometry":{"type":"Point","coordinates":[-97.78805,30.19707]},"properties":{"id":"2918","name":"701 William Cannon/1st","routes":["333"],"route_ids":["333"]}},{"type":"Feature","geometry":{"type":"Point","coordinates":[-97.80961,30.1741]},"properties":{"id":"2933","name":"Slaughter/United Kingdom","routes":["3","318"],"route_ids":["3","318"]}},{"type":"Feature","geometry":{"type":"Point","coordinates":[-97.81479,30.174]},"properties":{"id":"2934","name":"Slaughter/Texas Oaks","routes":["3","318"],"route_ids":["3","318"]}},{"type":"Feature","geometry":{"type":"Point","coordinates":[-97.81686,30.17397]},"properties":{"id":"2935","name":"1312 Slaughter/Bilbrook","routes":["3","318"],"route_ids":["3","318"]}},{"type":"Feature","geometry":{"type":"Point","coordinates":[-97.82688,30.174]},"properties":{"id":"2938","name":"2107 Slaughter/Riddle","routes":["103","318"],"route_ids":["103","318"]}},{"type":"Feature","geometry":{"type":"Point","coordinates":[-97.81642,30.1737]},"properties":{"id":"2974","name":"1401 Slaughter/Bilbrook","routes":["3","318"],"route_ids":["3","318"]}},{"type":"Feature","geometry":{"type":"Point","coordinates":[-97.81402,30.17373]},"properties":{"id":"2975","name":"1213 Slaughter/David Moore","routes":["3","318"],"route_ids":["3","318"]}},{"type":"Feature","geometry":{"type":"Point","coordinates":[-97.80888,30.1738]},"properties":{"id":"2976","name":"1001 Slaughter/United Kingdom","routes":["3","318"],"route_ids":["3","318"]}},{"type":"Feature","geometry":{"type":"Point","coordinates":[-97.69841,30.38766]},"properties":{"id":"3010","name":"Braker/Swearingen","routes":["392"],"route_ids":["392"]}},{"type":"Feature","geometry":{"type":"Point","coordinates":[-97.70133,30.38934]},"properties":{"id":"3011","name":"1612 Braker/Bittern Hollow","routes":["392"],"route_ids":["392"]}},{"type":"Feature","geometry":{"type":"Point","coordinates":[-97.7061,30.39155]},"properties":{"id":"3012","name":"1900 Braker/Metric","routes":["392"],"route_ids":["392"]}},{"type":"Feature","geometry":{"type":"Point","coordinates":[-97.72596,30.39267]},"properties":{"id":"3014","name":"Braker/IBM","routes":["3","383"],"route_ids":["3","383"]}},{"type":"Feature","geometry":{"type":"Point","coordinates":[-97.74388,30.3937]},"properties":{"id":"3016","name":"10050 Great Hills/Research","routes":["383"],"route_ids":["383"]}},{"type":"Feature","geometry":{"type":"Point","coordinates":[-97.73624,30.39732]},"properties":{"id":"3017","name":"4001 Braker/Stonelake","routes":["3"],"route_ids":["3"]}},{"type":"Feature","geometry":{"type":"Point","coordinates":[-97.72223,30.39113]},"properties":{"id":"3020","name":"Braker/Burnet SW Corner","routes":["3","383"],"route_ids":["3","383"]}},{"type":"Feature","geometry":{"type":"Point","coordinates":[-97.70877,30.39239]},"properties":{"id":"3021","name":"2001 Braker/Metric","routes":["392"],"route_ids":["392"]}},{"type":"Feature","geometry":{"type":"Point","coordinates":[-97.70139,30.3891]},"properties":{"id":"3022","name":"1613 Braker/Bittern Hollow","routes":["392"],"route_ids":["392"]}},{"type":"Feature","geometry":{"type":"Point","coordinates":[-97.69796,30.38712]},"properties":{"id":"3023","name":"Braker/Milbanks","routes":["392"],"route_ids":["392"]}},{"type":"Feature","geometry":{"type":"Point","coordinates":[-97.71609,30.36371]},"properties":{"id":"3033","name":"1624 Ohlen/Payton Gin","routes":["324"],"route_ids":["324"]}},{"type":"Feature","geometry":{"type":"Point","coordinates":[-97.70364,30.39929]},"properties":{"id":"3036","name":"Metric/Sunhillow","routes":["142","325"],"route_ids":["142","325"]}},{"type":"Feature","geometry":{"type":"Point","coordinates":[-97.69539,30.41087]},"properties":{"id":"3041","name":"Metric/Lamplight","routes":["325"],"route_ids":["325"]}},{"type":"Feature","geometry":{"type":"Point","coordinates":[-97.70187,30.41859]},"properties":{"id":"3045","name":"2501 Parmer/Tomanet","routes":["142"],"route_ids":["142"]}},{"type":"Feature","geometry":{"type":"Point","coordinates":[-97.73039,30.35833]},"properties":{"id":"3060","name":"Burnet/Ashdale","routes":["3","324"],"route_ids":["3","324"]}},{"type":"Feature","geometry":{"type":"Point","coordinates":[-97.72959,30.36051]},"properties":{"id":"3063","name":"Burnet/Teakwood","routes":["3","324"],"route_ids":["3","324"]}},{"type":"Feature","geometry":{"type":"Point","coordinates":[-97.69848,30.36026]},"properties":{"id":"3075","name":"9037 Lamar/Cooper","routes":["1"],"route_ids":["1"]}},{"type":"Feature","geometry":{"type":"Point","coordinates":[-97.68636,30.38168]},"properties":{"id":"3080","name":"11213 Lamar/Braker","routes":["1"],"route_ids":["1"]}},{"type":"Feature","geometry":{"type":"Point","coordinates":[-97.6833,30.37997]},"properties":{"id":"3081","name":"315 Braker/Hornsby","routes":["392"],"route_ids":["392"]}},{"type":"Feature","geometry":{"type":"Point","coordinates":[-97.6784,30.37763]},"properties":{"id":"3082","name":"751 Braker/Middle Fiskville","routes":["392"],"route_ids":["392"]}},{"type":"Feature","geometry":{"type":"Point","coordinates":[-97.67427,30.37619]},"properties":{"id":"3083","name":"833 Braker/Joseph Clayton","routes":["392"],"route_ids":["392"]}},{"type":"Feature","geometry":{"type":"Point","coordinates":[-97.65988,30.37857]},"properties":{"id":"3087","name":"11819 Shropshire/Rotherham","routes":["392"],"route_ids":["392"]}},{"type":"Feature","geometry":{"type":"Point","coordinates":[-97.66121,30.38091]},"properties":{"id":"3088","name":"Shropshire/Tobler","routes":["392"],"route_ids":["392"]}},{"type":"Feature","geometry":{"type":"Point","coordinates":[-97.66232,30.3841]},"properties":{"id":"3089","name":"Thompkins/Tuffit","routes":["392"],"route_ids":["392"]}},{"type":"Feature","geometry":{"type":"Point","coordinates":[-97.66098,30.38754]},"properties":{"id":"3090","name":"Thompkins/Peggotty","routes":["392"],"route_ids":["392"]}},{"type":"Feature","geometry":{"type":"Point","coordinates":[-97.65961,30.38982]},"properties":{"id":"3091","name":"12215 Thompkins/Yager","routes":["392"],"route_ids":["392"]}},{"type":"Feature","geometry":{"type":"Point","coordinates":[-97.77859,30.20713]},"properties":{"id":"3100","name":"Stassney/Hummingbird","routes":["311"],"route_ids":["311"]}},{"type":"Feature","geometry":{"type":"Point","coordinates":[-97.78684,30.21078]},"properties":{"id":"3102","name":"1026 Stassney/Emerald Forest","routes":["311"],"route_ids":["311"]}},{"type":"Feature","geometry":{"type":"Point","coordinates":[-97.79096,30.21232]},"properties":{"id":"3103","name":"1400 Stassney/Radam","routes":["311"],"route_ids":["311"]}},{"type":"Feature","geometry":{"type":"Point","coordinates":[-97.79991,30.217]},"properties":{"id":"3105","name":"Stassney/Cork Path","routes":["311"],"route_ids":["311"]}},{"type":"Feature","geometry":{"type":"Point","coordinates":[-97.8031,30.21833]},"properties":{"id":"3106","name":"2400 Stassney/Fernview","routes":["311"],"route_ids":["311"]}},{"type":"Feature","geometry":{"type":"Point","coordinates":[-97.80556,30.22284]},"properties":{"id":"3107","name":"West Gate/Indio","routes":["311","318"],"route_ids":["311","318"]}},{"type":"Feature","geometry":{"type":"Point","coordinates":[-97.80326,30.21814]},"properties":{"id":"3109","name":"2313 Stassney/Fernview","routes":["311"],"route_ids":["311"]}},{"type":"Feature","geometry":{"type":"Point","coordinates":[-97.79902,30.21616]},"properties":{"id":"3110","name":"2035 Stassney /Mencheca (Ns)","routes":["311"],"route_ids":["311"]}},{"type":"Feature","geometry":{"type":"Point","coordinates":[-97.79426,30.21364]},"properties":{"id":"3112","name":"1701 Stassney/Rose Hill","routes":["311"],"route_ids":["311"]}},{"type":"Feature","geometry":{"type":"Point","coordinates":[-97.79096,30.21206]},"properties":{"id":"3113","name":"1401 Stassney/Radam","routes":["311"],"route_ids":["311"]}},{"type":"Feature","geometry":{"type":"Point","coordinates":[-97.78726,30.21063]},"properties":{"id":"3114","name":"1101 Stassney/Emerald Forest","routes":["311"],"route_ids":["311"]}},{"type":"Feature","geometry":{"type":"Point","coordinates":[-97.77897,30.20706]},"properties":{"id":"3116","name":"405 W Stassney/Hummingbird","routes":["311"],"route_ids":["311"]}},{"type":"Feature","geometry":{"type":"Point","coordinates":[-97.72824,30.36257]},"properties":{"id":"3120","name":"2301 Ohlen/Bowling Green","routes":["324"],"route_ids":["324"]}},{"type":"Feature","geometry":{"type":"Point","coordinates":[-97.71887,30.36282]},"properties":{"id":"3123","name":"Ohlen/Contour","routes":["324"],"route_ids":["324"]}},{"type":"Feature","geometry":{"type":"Point","coordinates":[-97.71592,30.36357]},"properties":{"id":"3125","name":"1649 Ohlen/Research","routes":["324"],"route_ids":["324"]}},{"type":"Feature","geometry":{"type":"Point","coordinates":[-97.71006,30.36887]},"properties":{"id":"3129","name":"Rundberg/Hunters Trace","routes":["142","325","481"],"route_ids":["142","325","481"]}},{"type":"Feature","geometry":{"type":"Point","coordinates":[-97.70647,30.36738]},"properties":{"id":"3130","name":"Parkfield/Rundberg","routes":["142","325","481"],"route_ids":["142","325","481"]}},{"type":"Feature","geometry":{"type":"Point","coordinates":[-97.67891,30.35243]},"properties":{"id":"3134","name":"1401 Rundberg/Aberdeen","routes":["325"],"route_ids":["325"]}},{"type":"Feature","geometry":{"type":"Point","coordinates":[-97.67672,30.35108]},"properties":{"id":"3135","name":"Rundberg/Cameron","routes":["325"],"route_ids":["325"]}},{"type":"Feature","geometry":{"type":"Point","coordinates":[-97.67771,30.34572]},"properties":{"id":"3136","name":"Cameron/Ferguson","routes":["325"],"route_ids":["325"]}},{"type":"Feature","geometry":{"type":"Point","coordinates":[-97.677,30.34706]},"properties":{"id":"3144","name":"Cameron/Ferguson","routes":["325"],"route_ids":["325"]}},{"type":"Feature","geometry":{"type":"Point","coordinates":[-97.6791,30.35278]},"properties":{"id":"3145","name":"Rundberg/Aberdeen","routes":["325"],"route_ids":["325"]}},{"type":"Feature","geometry":{"type":"Point","coordinates":[-97.69442,30.36176]},"properties":{"id":"3147","name":"400 Rundberg/Slayton","routes":["142","324","325"],"route_ids":["142","324","325"]}},{"type":"Feature","geometry":{"type":"Point","coordinates":[-97.69849,30.36394]},"properties":{"id":"3148","name":"832 Rundberg/Lamar","routes":["142","324","325"],"route_ids":["142","324","325"]}},{"type":"Feature","geometry":{"type":"Point","coordinates":[-97.70068,30.36497]},"properties":{"id":"3149","name":"Rundberg/Mearns Meadow","routes":["142","324","325"],"route_ids":["142","324","325"]}},{"type":"Feature","geometry":{"type":"Point","coordinates":[-97.70404,30.36657]},"properties":{"id":"3150","name":"1130 Rundberg/Quail Wood","routes":["142","325"],"route_ids":["142","325"]}},{"type":"Feature","geometry":{"type":"Point","coordinates":[-97.71036,30.36925]},"properties":{"id":"3152","name":"Rundberg/Mountain Quail","routes":["142","325"],"route_ids":["142","325"]}},{"type":"Feature","geometry":{"type":"Point","coordinates":[-97.71586,30.3717]},"properties":{"id":"3155","name":"9120 Northgate/Rundberg","routes":["324"],"route_ids":["324"]}},{"type":"Feature","geometry":{"type":"Point","coordinates":[-97.72843,30.36283]},"properties":{"id":"3159","name":"2306 Ohlen/Bowling Green","routes":["324"],"route_ids":["324"]}},{"type":"Feature","geometry":{"type":"Point","coordinates":[-97.72981,30.36047]},"properties":{"id":"3160","name":"8118 Burnet/Steck","routes":["3","324"],"route_ids":["3","324"]}},{"type":"Feature","geometry":{"type":"Point","coordinates":[-97.78047,30.19389]},"properties":{"id":"3169","name":"200 William Cannon/Starstreak","routes":["333"],"route_ids":["333"]}},{"type":"Feature","geometry":{"type":"Point","coordinates":[-97.78349,30.19479]},"properties":{"id":"3170","name":"William Cannon/Sunstrip","routes":["333"],"route_ids":["333"]}},{"type":"Feature","geometry":{"type":"Point","coordinates":[-97.78802,30.19739]},"properties":{"id":"3172","name":"William Cannon/1st","routes":["333"],"route_ids":["333"]}},{"type":"Feature","geometry":{"type":"Point","coordinates":[-97.79578,30.19956]},"properties":{"id":"3173","name":"120 William Cannon/Mount Carrell","routes":["333"],"route_ids":["333"]}},{"type":"Feature","geometry":{"type":"Point","coordinates":[-97.79945,30.20074]},"properties":{"id":"3174","name":"William Cannon/Woodhue","routes":["333"],"route_ids":["333"]}},{"type":"Feature","geometry":{"type":"Point","coordinates":[-97.80479,30.20255]},"properties":{"id":"3175","name":"1900 William Cannon/Cannonleague","routes":["333"],"route_ids":["333"]}},{"type":"Feature","geometry":{"type":"Point","coordinates":[-97.80847,30.20352]},"properties":{"id":"3177","name":"William Cannon/Shier","routes":["103","333"],"route_ids":["103","333"]}},{"type":"Feature","geometry":{"type":"Point","coordinates":[-97.81773,30.20817]},"properties":{"id":"3178","name":"2810 William Cannon/Deaton Hill","routes":["333"],"route_ids":["333"]}},{"type":"Feature","geometry":{"type":"Point","coordinates":[-97.82522,30.21154]},"properties":{"id":"3179","name":"William Cannon/Stage Coach","routes":["333"],"route_ids":["333"]}},{"type":"Feature","geometry":{"type":"Point","coordinates":[-97.82744,30.21264]},"properties":{"id":"3180","name":"3316 William Cannon/Lost Valley","routes":["333"],"route_ids":["333"]}},{"type":"Feature","geometry":{"type":"Point","coordinates":[-97.83105,30.213]},"properties":{"id":"3182","name":"7000 Brodie/Bannockburn","routes":["333"],"route_ids":["333"]}},{"type":"Feature","geometry":{"type":"Point","coordinates":[-97.83499,30.20718]},"properties":{"id":"3183","name":"7600 Brodie/Harpers Ferry","routes":["333"],"route_ids":["333"]}},{"type":"Feature","geometry":{"type":"Point","coordinates":[-97.84009,30.20502]},"properties":{"id":"3185","name":"3706 Eskew/Croftwood","routes":["333"],"route_ids":["333"]}},{"type":"Feature","geometry":{"type":"Point","coordinates":[-97.84309,30.20587]},"properties":{"id":"3186","name":"3910 Eskew/Wakefield","routes":["333"],"route_ids":["333"]}},{"type":"Feature","geometry":{"type":"Point","coordinates":[-97.84645,30.20782]},"properties":{"id":"3187","name":"4200 Eskew/Mauai","routes":["333"],"route_ids":["333"]}},{"type":"Feature","geometry":{"type":"Point","coordinates":[-97.84878,30.20942]},"properties":{"id":"3188","name":"4408 Eskew/Copano","routes":["333"],"route_ids":["333"]}},{"type":"Feature","geometry":{"type":"Point","coordinates":[-97.84695,30.21745]},"properties":{"id":"3193","name":"Convict Hill/Brush Country","routes":["111","333"],"route_ids":["111","333"]}},{"type":"Feature","geometry":{"type":"Point","coordinates":[-97.86169,30.22245]},"properties":{"id":"3196","name":"5616 Convict Hill/Wagon Train","routes":["333"],"route_ids":["333"]}},{"type":"Feature","geometry":{"type":"Point","coordinates":[-97.86447,30.22382]},"properties":{"id":"3197","name":"Convict Hill/John Blocker","routes":["333"],"route_ids":["333"]}},{"type":"Feature","geometry":{"type":"Point","coordinates":[-97.86379,30.22332]},"properties":{"id":"3206","name":"5801 Convict Hill/Cannon Mountain","routes":["333"],"route_ids":["333"]}},{"type":"Feature","geometry":{"type":"Point","coordinates":[-97.86206,30.22249]},"properties":{"id":"3207","name":"5701 Convict Hill/Wagon Train","routes":["333"],"route_ids":["333"]}},{"type":"Feature","geometry":{"type":"Point","coordinates":[-97.85798,30.22048]},"properties":{"id":"3208","name":"5401 Convict Hill/Beckett","routes":["333"],"route_ids":["333"]}},{"type":"Feature","geometry":{"type":"Point","coordinates":[-97.85055,30.21334]},"properties":{"id":"3212","name":"7704 Copano/Copperas","routes":["333"],"route_ids":["333"]}},{"type":"Feature","geometry":{"type":"Point","coordinates":[-97.84958,30.21095]},"properties":{"id":"3213","name":"7814 Copano/Sarasota","routes":["333"],"route_ids":["333"]}},{"type":"Feature","geometry":{"type":"Point","coordinates":[-97.84845,30.20929]},"properties":{"id":"3214","name":"4403 Eskew/Copano","routes":["333"],"route_ids":["333"]}},{"type":"Feature","geometry":{"type":"Point","coordinates":[-97.8466,30.20773]},"properties":{"id":"3215","name":"Eskew/Mauai","routes":["333"],"route_ids":["333"]}},{"type":"Feature","geometry":{"type":"Point","coordinates":[-97.84316,30.20575]},"properties":{"id":"3216","name":"3911 Eskew/Tree House","routes":["333"],"route_ids":["333"]}},{"type":"Feature","geometry":{"type":"Point","coordinates":[-97.84016,30.20489]},"properties":{"id":"3217","name":"3709 Eskew/Croftwood","routes":["333"],"route_ids":["333"]}},{"type":"Feature","geometry":{"type":"Point","coordinates":[-97.83496,30.20674]},"properties":{"id":"3220","name":"7613 Brodie/Harpers Ferry","routes":["333"],"route_ids":["333"]}},{"type":"Feature","geometry":{"type":"Point","coordinates":[-97.83185,30.21119]},"properties":{"id":"3221","name":"7201 Brodie/Convict Hill","routes":["333"],"route_ids":["333"]}},{"type":"Feature","geometry":{"type":"Point","coordinates":[-97.82948,30.21323]},"properties":{"id":"3223","name":"3421 William Cannon/Brodie","routes":["333"],"route_ids":["333"]}},{"type":"Feature","geometry":{"type":"Point","coordinates":[-97.82455,30.21094]},"properties":{"id":"3224","name":"3207 William Cannon/Stagecoach","routes":["333"],"route_ids":["333"]}},{"type":"Feature","geometry":{"type":"Point","coordinates":[-97.81578,30.2072]},"properties":{"id":"3226","name":"2701 William Cannon/West Gate","routes":["333"],"route_ids":["333"]}},{"type":"Feature","geometry":{"type":"Point","coordinates":[-97.80623,30.20272]},"properties":{"id":"3228","name":"1945 William Cannon/Menchaca","routes":["333"],"route_ids":["333"]}},{"type":"Feature","geometry":{"type":"Point","coordinates":[-97.799,30.2003]},"properties":{"id":"3229","name":"1401 William Cannon/Woodhue","routes":["333"],"route_ids":["333"]}},{"type":"Feature","geometry":{"type":"Point","coordinates":[-97.7952,30.19925]},"properties":{"id":"3230","name":"1107 William Cannon/Mount Carrell","routes":["333"],"route_ids":["333"]}},{"type":"Feature","geometry":{"type":"Point","coordinates":[-97.79334,30.19908]},"properties":{"id":"3231","name":"1011 William Cannon/Emerald Forest","routes":["333"],"route_ids":["333"]}},{"type":"Feature","geometry":{"type":"Point","coordinates":[-97.78534,30.19567]},"properties":{"id":"3234","name":"401 William Cannon/Bill Hughes","routes":["333"],"route_ids":["333"]}},{"type":"Feature","geometry":{"type":"Point","coordinates":[-97.64555,30.19784]},"properties":{"id":"3238","name":"Travis Correctional Facility","routes":["271"],"route_ids":["271"]}},{"type":"Feature","geometry":{"type":"Point","coordinates":[-97.64259,30.20503]},"properties":{"id":"3240","name":"3103 SH 71/Cheviot","routes":["271"],"route_ids":["271"]}},{"type":"Feature","geometry":{"type":"Point","coordinates":[-97.65407,30.2109]},"properties":{"id":"3241","name":"2777 SH 71/Golf Course","routes":["271"],"route_ids":["271"]}},{"type":"Feature","geometry":{"type":"Point","coordinates":[-97.69468,30.22105]},"properties":{"id":"3247","name":"7200 Riverside/Yellow Jacket","routes":["483"],"route_ids":["483"]}},{"type":"Feature","geometry":{"type":"Point","coordinates":[-97.69809,30.22283]},"properties":{"id":"3248","name":"6810 Riverside/Frontier Valley","routes":["20","271","483"],"route_ids":["20","271","483"]}},{"type":"Feature","geometry":{"type":"Point","coordinates":[-97.70082,30.22404]},"properties":{"id":"3249","name":"6600 Riverside/Vargas","routes":["20","271","483"],"route_ids":["20","271","483"]}},{"type":"Feature","geometry":{"type":"Point","coordinates":[-97.70099,30.22867]},"properties":{"id":"3253","name":"Montopolis/Santos","routes":["350"],"route_ids":["350"]}},{"type":"Feature","geometry":{"type":"Point","coordinates":[-97.69846,30.23266]},"properties":{"id":"3254","name":"1207 Montopolis/Larch","routes":["350"],"route_ids":["350"]}},{"type":"Feature","geometry":{"type":"Point","coordinates":[-97.69707,30.23479]},"properties":{"id":"3255","name":"911 Montopolis/Cirulo de Amistad","routes":["350"],"route_ids":["350"]}},{"type":"Feature","geometry":{"type":"Point","coordinates":[-97.69437,30.239]},"properties":{"id":"3256","name":"Montopolis/Monsanto","routes":["350"],"route_ids":["350"]}},{"type":"Feature","geometry":{"type":"Point","coordinates":[-97.69284,30.25654]},"properties":{"id":"3259","name":"821 Airport/Glissman","routes":["350","485"],"route_ids":["350","485"]}},{"type":"Feature","geometry":{"type":"Point","coordinates":[-97.69532,30.26537]},"properties":{"id":"3260","name":"1123 Airport/Springdale","routes":["2","350","485"],"route_ids":["2","350","485"]}},{"type":"Feature","geometry":{"type":"Point","coordinates":[-97.69626,30.26848]},"properties":{"id":"3261","name":"1135 Airport/Goodwin","routes":["135","350","485"],"route_ids":["135","350","485"]}},{"type":"Feature","geometry":{"type":"Point","coordinates":[-97.69791,30.27388]},"properties":{"id":"3262","name":"Oak Springs NB (Airport/Oak Springs)","routes":["135","350","485","800"],"route_ids":["135","350","485","800"]}},{"type":"Feature","geometry":{"type":"Point","coordinates":[-97.70372,30.28234]},"properties":{"id":"3266","name":"1835 Airport/Martin Luther King","routes":["135","350","485"],"route_ids":["135","350","485"]}},{"type":"Feature","geometry":{"type":"Point","coordinates":[-97.71246,30.30041]},"properties":{"id":"3271","name":"4335 Airport/Parkwood","routes":["10","135","350"],"route_ids":["10","135","350"]}},{"type":"Feature","geometry":{"type":"Point","coordinates":[-97.71577,30.30537]},"properties":{"id":"3272","name":"4613 Airport/46th","routes":["350"],"route_ids":["350"]}},{"type":"Feature","geometry":{"type":"Point","coordinates":[-97.71552,30.30881]},"properties":{"id":"3273","name":"4821 Airport/48th Half","routes":["350"],"route_ids":["350"]}},{"type":"Feature","geometry":{"type":"Point","coordinates":[-97.71528,30.33044]},"properties":{"id":"3276","name":"Huntland/Airport","routes":["324"],"route_ids":["324"]}},{"type":"Feature","geometry":{"type":"Point","coordinates":[-97.71603,30.34921]},"properties":{"id":"3278","name":"Anderson/Watson","routes":["339"],"route_ids":["339"]}},{"type":"Feature","geometry":{"type":"Point","coordinates":[-97.72078,30.35146]},"properties":{"id":"3279","name":"Anderson/Lazy","routes":["339"],"route_ids":["339"]}},{"type":"Feature","geometry":{"type":"Point","coordinates":[-97.72827,30.355]},"properties":{"id":"3281","name":"2114 Anderson/Hardy","routes":["339","5"],"route_ids":["339","5"]}},{"type":"Feature","geometry":{"type":"Point","coordinates":[-97.71645,30.35036]},"properties":{"id":"3284","name":"7905 Anderson Square/Anderson","routes":["339"],"route_ids":["339"]}},{"type":"Feature","geometry":{"type":"Point","coordinates":[-97.71515,30.35234]},"properties":{"id":"3285","name":"8027 Anderson Square/Research","routes":["339"],"route_ids":["339"]}},{"type":"Feature","geometry":{"type":"Point","coordinates":[-97.71603,30.3051]},"properties":{"id":"3290","name":"4600 Airport/46th","routes":["350"],"route_ids":["350"]}},{"type":"Feature","geometry":{"type":"Point","coordinates":[-97.71214,30.29991]},"properties":{"id":"3291","name":"4328 Airport/Crestwood","routes":["10","135","350"],"route_ids":["10","135","350"]}},{"type":"Feature","geometry":{"type":"Point","coordinates":[-97.70726,30.28814]},"properties":{"id":"3293","name":"3822 Airport/38th Half","routes":["350"],"route_ids":["350"]}},{"type":"Feature","geometry":{"type":"Point","coordinates":[-97.70607,30.28556]},"properties":{"id":"3295","name":"2204 Airport/Manor","routes":["135","350","485"],"route_ids":["135","350","485"]}},{"type":"Feature","geometry":{"type":"Point","coordinates":[-97.70422,30.28269]},"properties":{"id":"3296","name":"1900 Airport/Martin Luther King","routes":["135","350","485"],"route_ids":["135","350","485"]}},{"type":"Feature","geometry":{"type":"Point","coordinates":[-97.70194,30.27903]},"properties":{"id":"3297","name":"1400 Airport/14th Half","routes":["350","485"],"route_ids":["350","485"]}},{"type":"Feature","geometry":{"type":"Point","coordinates":[-97.70021,30.27649]},"properties":{"id":"3298","name":"1198 Airport/12th","routes":["135","350","485"],"route_ids":["135","350","485"]}},{"type":"Feature","geometry":{"type":"Point","coordinates":[-97.69775,30.27252]},"properties":{"id":"3299","name":"1144 Airport/Oak Springs","routes":["135","350","485","493"],"route_ids":["135","350","485","493"]}},{"type":"Feature","geometry":{"type":"Point","coordinates":[-97.69643,30.26833]},"properties":{"id":"3300","name":"1134 Airport/Goodwin","routes":["135","350","485"],"route_ids":["135","350","485"]}},{"type":"Feature","geometry":{"type":"Point","coordinates":[-97.69377,30.25936]},"properties":{"id":"3302","name":"Airport/Shady Lane","routes":["2","350","485"],"route_ids":["2","350","485"]}},{"type":"Feature","geometry":{"type":"Point","coordinates":[-97.6928,30.25446]},"properties":{"id":"3303","name":"760 Airport/Glissman","routes":["350","485"],"route_ids":["350","485"]}},{"type":"Feature","geometry":{"type":"Point","coordinates":[-97.69249,30.24201]},"properties":{"id":"3304","name":"302 Montopolis/Del Monte","routes":["350"],"route_ids":["350"]}},{"type":"Feature","geometry":{"type":"Point","coordinates":[-97.69474,30.23873]},"properties":{"id":"3306","name":"Montopolis/Walker","routes":["350"],"route_ids":["350"]}},{"type":"Feature","geometry":{"type":"Point","coordinates":[-97.69683,30.23545]},"properties":{"id":"3308","name":"900 Montopolis/Felix","routes":["350"],"route_ids":["350"]}},{"type":"Feature","geometry":{"type":"Point","coordinates":[-97.70069,30.22941]},"properties":{"id":"3310","name":"1412 Montopolis/Marigold","routes":["350"],"route_ids":["350"]}},{"type":"Feature","geometry":{"type":"Point","coordinates":[-97.70298,30.22582]},"properties":{"id":"3311","name":"1814 Montopolis/Kasper","routes":["217","271","350"],"route_ids":["217","271","350"]}},{"type":"Feature","geometry":{"type":"Point","coordinates":[-97.7038,30.22495]},"properties":{"id":"3314","name":"6217 Riverside/Montopolis","routes":["20","483"],"route_ids":["20","483"]}},{"type":"Feature","geometry":{"type":"Point","coordinates":[-97.70076,30.22372]},"properties":{"id":"3315","name":"6605 Riverside/Vargas","routes":["20","271","483"],"route_ids":["20","271","483"]}},{"type":"Feature","geometry":{"type":"Point","coordinates":[-97.69749,30.22227]},"properties":{"id":"3316","name":"6903 Riverside/Maxwell","routes":["20","271","483"],"route_ids":["20","271","483"]}},{"type":"Feature","geometry":{"type":"Point","coordinates":[-97.69333,30.22]},"properties":{"id":"3318","name":"7343 Riverside/Coriander","routes":["20","271","483"],"route_ids":["20","271","483"]}},{"type":"Feature","geometry":{"type":"Point","coordinates":[-97.64049,30.20088]},"properties":{"id":"3323","name":"3320 FM 973/SH 71","routes":["271"],"route_ids":["271"]}},{"type":"Feature","geometry":{"type":"Point","coordinates":[-97.64281,30.1988]},"properties":{"id":"3324","name":"3518 Bill Price/FM 973","routes":["271"],"route_ids":["271"]}},{"type":"Feature","geometry":{"type":"Point","coordinates":[-97.71008,30.26039]},"properties":{"id":"3337","name":"2730 7th/Pleasant Valley","routes":["4","485"],"route_ids":["4","485"]}},{"type":"Feature","geometry":{"type":"Point","coordinates":[-97.79009,30.23581]},"properties":{"id":"3360","name":"Victory/Prather","routes":["300"],"route_ids":["300"]}},{"type":"Feature","geometry":{"type":"Point","coordinates":[-97.73353,30.28555]},"properties":{"id":"3491","name":"UT Stadium NB (San Jacinto/23rd)","routes":["10","103","111","171","465","7","837","935","985"],"route_ids":["10","103","111","171","465","7","837","935","985"]}},{"type":"Feature","geometry":{"type":"Point","coordinates":[-97.70152,30.32551]},"properties":{"id":"3496","name":"1017 Camino La Costa/La Posada","routes":["337"],"route_ids":["337"]}},{"type":"Feature","geometry":{"type":"Point","coordinates":[-97.7393,30.28953]},"properties":{"id":"3512","name":"201 Dean Keeton/University","routes":["20","320","640"],"route_ids":["20","320","640"]}},{"type":"Feature","geometry":{"type":"Point","coordinates":[-97.75666,30.35159]},"properties":{"id":"3513","name":"3600 North Hills/Village Center","routes":["661"],"route_ids":["661"]}},{"type":"Feature","geometry":{"type":"Point","coordinates":[-97.73171,30.30333]},"properties":{"id":"3515","name":"4001 Speedway/40th","routes":["656"],"route_ids":["656"]}},{"type":"Feature","geometry":{"type":"Point","coordinates":[-97.76454,30.27601]},"properties":{"id":"3519","name":"6th/Campbell","routes":["663"],"route_ids":["663"]}},{"type":"Feature","geometry":{"type":"Point","coordinates":[-97.78237,30.28739]},"properties":{"id":"3520","name":"Kermit/Jasper","routes":["663"],"route_ids":["663"]}},{"type":"Feature","geometry":{"type":"Point","coordinates":[-97.72009,30.23363]},"properties":{"id":"3526","name":"Wickersham/Elmont","routes":["670"],"route_ids":["670"]}},{"type":"Feature","geometry":{"type":"Point","coordinates":[-97.72726,30.2792]},"properties":{"id":"3529","name":"Disch-Falk Field","routes":["640"],"route_ids":["640"]}},{"type":"Feature","geometry":{"type":"Point","coordinates":[-97.7176,30.30393]},"properties":{"id":"3532","name":"45th / Bennett","routes":["10"],"route_ids":["10"]}},{"type":"Feature","geometry":{"type":"Point","coordinates":[-97.73373,30.23127]},"properties":{"id":"3535","name":"2200 Burton/Oltorf","routes":["483","7"],"route_ids":["483","7"]}},{"type":"Feature","geometry":{"type":"Point","coordinates":[-97.62803,30.2958]},"properties":{"id":"3647","name":"6917 Wentworth/Colony Loop","routes":["337"],"route_ids":["337"]}},{"type":"Feature","geometry":{"type":"Point","coordinates":[-97.6561,30.31459]},"properties":{"id":"3655","name":"LBJ High School NB (Pecan Brook/Rio)","routes":["320","837"],"route_ids":["320","837"]}},{"type":"Feature","geometry":{"type":"Point","coordinates":[-97.69493,30.27375]},"properties":{"id":"3722","name":"3513 Oak Springs/Gunter","routes":["2"],"route_ids":["2"]}},{"type":"Feature","geometry":{"type":"Point","coordinates":[-97.715,30.27042]},"properties":{"id":"3728","name":"Rosewood/Chestnut","routes":["2"],"route_ids":["2"]}},{"type":"Feature","geometry":{"type":"Point","coordinates":[-97.72414,30.26898]},"properties":{"id":"3730","name":"1422 Rosewood/Angelina","routes":["2"],"route_ids":["2"]}},{"type":"Feature","geometry":{"type":"Point","coordinates":[-97.72763,30.2687]},"properties":{"id":"3731","name":"1200 11th/Lydia","routes":["2"],"route_ids":["2"]}},{"type":"Feature","geometry":{"type":"Point","coordinates":[-97.82228,30.17681]},"properties":{"id":"3753","name":"9510 Menchaca/Monarch","routes":["3"],"route_ids":["3"]}},{"type":"Feature","geometry":{"type":"Point","coordinates":[-97.82273,30.17546]},"properties":{"id":"3754","name":"9700 Menchaca/Slaughter","routes":["3"],"route_ids":["3"]}},{"type":"Feature","geometry":{"type":"Point","coordinates":[-97.79269,30.1837]},"properties":{"id":"3757","name":"7901 S 1st/Dittmar","routes":["10"],"route_ids":["10"]}},{"type":"Feature","geometry":{"type":"Point","coordinates":[-97.7905,30.19174]},"properties":{"id":"3763","name":"7200 S 1st/Prince Valiant","routes":["10"],"route_ids":["10"]}},{"type":"Feature","geometry":{"type":"Point","coordinates":[-97.79606,30.1796]},"properties":{"id":"3764","name":"8318 S 1st/Great Britain","routes":["10"],"route_ids":["10"]}},{"type":"Feature","geometry":{"type":"Point","coordinates":[-97.80636,30.17414]},"properties":{"id":"3766","name":"818 Slaughter/Palace","routes":["3","318"],"route_ids":["3","318"]}},{"type":"Feature","geometry":{"type":"Point","coordinates":[-97.80554,30.1739]},"properties":{"id":"3767","name":"815 Slaughter/Palace","routes":["3","318"],"route_ids":["3","318"]}},{"type":"Feature","geometry":{"type":"Point","coordinates":[-97.79769,30.17667]},"properties":{"id":"3768","name":"8515 S 1st/Hyde Park","routes":["10"],"route_ids":["10"]}},{"type":"Feature","geometry":{"type":"Point","coordinates":[-97.7958,30.17964]},"properties":{"id":"3769","name":"8313 S 1st/Great Britain","routes":["10"],"route_ids":["10"]}},{"type":"Feature","geometry":{"type":"Point","coordinates":[-97.79032,30.19172]},"properties":{"id":"3770","name":"7201 S 1st/Prince Valiant","routes":["10"],"route_ids":["10"]}},{"type":"Feature","geometry":{"type":"Point","coordinates":[-97.80835,30.19869]},"properties":{"id":"3772","name":"7300 Menchaca/Matthews","routes":["3"],"route_ids":["3"]}},{"type":"Feature","geometry":{"type":"Point","coordinates":[-97.80986,30.19633]},"properties":{"id":"3773","name":"7504 Menchaca/Lear","routes":["3"],"route_ids":["3"]}},{"type":"Feature","geometry":{"type":"Point","coordinates":[-97.81143,30.19385]},"properties":{"id":"3774","name":"7800 Menchaca/Beauregard","routes":["3"],"route_ids":["3"]}},{"type":"Feature","geometry":{"type":"Point","coordinates":[-97.81336,30.19083]},"properties":{"id":"3775","name":"8200 Menchaca/Shiloh","routes":["3"],"route_ids":["3"]}},{"type":"Feature","geometry":{"type":"Point","coordinates":[-97.82058,30.17951]},"properties":{"id":"3776","name":"9304 Menchaca/Sedgemoor","routes":["3"],"route_ids":["3"]}},{"type":"Feature","geometry":{"type":"Point","coordinates":[-97.82024,30.17945]},"properties":{"id":"3777","name":"9303 Menchaca/Sedgemoor","routes":["3"],"route_ids":["3"]}},{"type":"Feature","geometry":{"type":"Point","coordinates":[-97.81251,30.19158]},"properties":{"id":"3778","name":"8125 Menchaca/Breyfogle","routes":["3"],"route_ids":["3"]}},{"type":"Feature","geometry":{"type":"Point","coordinates":[-97.81025,30.19512]},"properties":{"id":"3779","name":"Menchaca/Keilbar","routes":["3"],"route_ids":["3"]}},{"type":"Feature","geometry":{"type":"Point","coordinates":[-97.71486,30.35531]},"properties":{"id":"3795","name":"Research/Jamestown","routes":["383","481"],"route_ids":["383","481"]}},{"type":"Feature","geometry":{"type":"Point","coordinates":[-97.71551,30.35732]},"properties":{"id":"3796","name":"Research/Clearfield","routes":["383","481"],"route_ids":["383","481"]}},{"type":"Feature","geometry":{"type":"Point","coordinates":[-97.71631,30.35999]},"properties":{"id":"3797","name":"8523 Research/Fairfield","routes":["383","481"],"route_ids":["383","481"]}},{"type":"Feature","geometry":{"type":"Point","coordinates":[-97.71694,30.36227]},"properties":{"id":"3798","name":"8601 Research/Ohlen","routes":["383","481"],"route_ids":["383","481"]}},{"type":"Feature","geometry":{"type":"Point","coordinates":[-97.71851,30.36886]},"properties":{"id":"3799","name":"Research/Northgate","routes":["383"],"route_ids":["383"]}},{"type":"Feature","geometry":{"type":"Point","coordinates":[-97.74988,30.39598]},"properties":{"id":"3804","name":"10201 Jollyville/Great Hills","routes":["383"],"route_ids":["383"]}},{"type":"Feature","geometry":{"type":"Point","coordinates":[-97.74801,30.40058]},"properties":{"id":"3806","name":"4815 Braker/Jollyville","routes":["383"],"route_ids":["383"]}},{"type":"Feature","geometry":{"type":"Point","coordinates":[-97.74463,30.40881]},"properties":{"id":"3809","name":"11215 Research/Balcones Woods","routes":["383"],"route_ids":["383"]}},{"type":"Feature","geometry":{"type":"Point","coordinates":[-97.74514,30.41253]},"properties":{"id":"3810","name":"11411 Research/Windriver Apts","routes":["383"],"route_ids":["383"]}},{"type":"Feature","geometry":{"type":"Point","coordinates":[-97.74615,30.41795]},"properties":{"id":"3811","name":"11689 Research/Duval","routes":["383"],"route_ids":["383"]}},{"type":"Feature","geometry":{"type":"Point","coordinates":[-97.75387,30.42702]},"properties":{"id":"3812","name":"Research/Riata Apts","routes":["383"],"route_ids":["383"]}},{"type":"Feature","geometry":{"type":"Point","coordinates":[-97.76044,30.43024]},"properties":{"id":"3813","name":"12550 Research/Oak Knoll","routes":["383"],"route_ids":["383"]}},{"type":"Feature","geometry":{"type":"Point","coordinates":[-97.79704,30.46064]},"properties":{"id":"3818","name":"10409 Lake Creek/Mellow Meadows","routes":["383"],"route_ids":["383"]}},{"type":"Feature","geometry":{"type":"Point","coordinates":[-97.80104,30.47209]},"properties":{"id":"3820","name":"11101 Lakeline Mall/Pecan Park","routes":["383"],"route_ids":["383"]}},{"type":"Feature","geometry":{"type":"Point","coordinates":[-97.792,30.46244]},"properties":{"id":"3823","name":"10204 Lake Creek/Pecan Park","routes":["383"],"route_ids":["383"]}},{"type":"Feature","geometry":{"type":"Point","coordinates":[-97.79649,30.46091]},"properties":{"id":"3824","name":"10323 Lake Creek/US 183","routes":["383"],"route_ids":["383"]}},{"type":"Feature","geometry":{"type":"Point","coordinates":[-97.76803,30.43298]},"properties":{"id":"3829","name":"Research Blvd/Barrington","routes":["383"],"route_ids":["383"]}},{"type":"Feature","geometry":{"type":"Point","coordinates":[-97.7605,30.42924]},"properties":{"id":"3830","name":"12574 Research/Jollyville","routes":["383"],"route_ids":["383"]}},{"type":"Feature","geometry":{"type":"Point","coordinates":[-97.74757,30.41999]},"properties":{"id":"3831","name":"11700 Research/Duval","routes":["383"],"route_ids":["383"]}},{"type":"Feature","geometry":{"type":"Point","coordinates":[-97.74661,30.41492]},"properties":{"id":"3832","name":"11590 Research/Thunder Creek","routes":["383"],"route_ids":["383"]}},{"type":"Feature","geometry":{"type":"Point","coordinates":[-97.74573,30.40686]},"properties":{"id":"3833","name":"11100 Research/Balcones Woods","routes":["383"],"route_ids":["383"]}},{"type":"Feature","geometry":{"type":"Point","coordinates":[-97.74724,30.40081]},"properties":{"id":"3834","name":"Braker/Research NW Corner","routes":["3","383"],"route_ids":["3","383"]}},{"type":"Feature","geometry":{"type":"Point","coordinates":[-97.74354,30.39334]},"properties":{"id":"3837","name":"10051 Great Hills/Research (Target)","routes":["3","383"],"route_ids":["3","383"]}},{"type":"Feature","geometry":{"type":"Point","coordinates":[-97.73889,30.39047]},"properties":{"id":"3838","name":"10001 Capital of Texas/Stonelake","routes":["383"],"route_ids":["383"]}},{"type":"Feature","geometry":{"type":"Point","coordinates":[-97.71815,30.36407]},"properties":{"id":"3839","name":"Research/Ohlen","routes":["383"],"route_ids":["383"]}},{"type":"Feature","geometry":{"type":"Point","coordinates":[-97.71675,30.35964]},"properties":{"id":"3840","name":"8500 Research/Fairfield","routes":["383"],"route_ids":["383"]}},{"type":"Feature","geometry":{"type":"Point","coordinates":[-97.72054,30.29891]},"properties":{"id":"3843","name":"924 41st/IH 35","routes":["345"],"route_ids":["345"]}},{"type":"Feature","geometry":{"type":"Point","coordinates":[-97.74602,30.2562]},"properties":{"id":"3846","name":"Riverside/Congress FS","routes":["142","20","483","7"],"route_ids":["142","20","483","7"]}},{"type":"Feature","geometry":{"type":"Point","coordinates":[-97.74479,30.25485]},"properties":{"id":"3847","name":"205 Riverside/Congress","routes":["20","483","7"],"route_ids":["20","483","7"]}},{"type":"Feature","geometry":{"type":"Point","coordinates":[-97.7135,30.23737]},"properties":{"id":"3852","name":"Melrose Place Apt","routes":["670"],"route_ids":["670"]}},{"type":"Feature","geometry":{"type":"Point","coordinates":[-97.84607,30.21689]},"properties":{"id":"3887","name":"Convict Hill/Latta/Brush Country","routes":["333"],"route_ids":["333"]}},{"type":"Feature","geometry":{"type":"Point","coordinates":[-97.68588,30.38178]},"properties":{"id":"3895","name":"Braker/Lamar NE Corner","routes":["392"],"route_ids":["392"]}},{"type":"Feature","geometry":{"type":"Point","coordinates":[-97.72153,30.41232]},"properties":{"id":"3900","name":"12001 Amhearst/Duval","routes":["142"],"route_ids":["142"]}},{"type":"Feature","geometry":{"type":"Point","coordinates":[-97.7429,30.16361]},"properties":{"id":"3901","name":"Salt Springs/Tara","routes":["333"],"route_ids":["333"]}},{"type":"Feature","geometry":{"type":"Point","coordinates":[-97.80931,30.25642]},"properties":{"id":"3924","name":"Barton Creek Mall (Backside of Mall )","routes":["30"],"route_ids":["30"]}},{"type":"Feature","geometry":{"type":"Point","coordinates":[-97.69062,30.3394]},"properties":{"id":"3931","name":"Walmart Norwood","routes":["492"],"route_ids":["492"]}},{"type":"Feature","geometry":{"type":"Point","coordinates":[-97.71522,30.27025]},"properties":{"id":"3932","name":"2215 Rosewood/Chestnut","routes":["2"],"route_ids":["2"]}},{"type":"Feature","geometry":{"type":"Point","coordinates":[-97.73607,30.28929]},"properties":{"id":"3955","name":"Dean Keeton/Speedway","routes":["20","935","980"],"route_ids":["20","935","980"]}},{"type":"Feature","geometry":{"type":"Point","coordinates":[-97.69375,30.19557]},"properties":{"id":"3974","name":"Travis County Precinct 4","routes":["228"],"route_ids":["228"]}},{"type":"Feature","geometry":{"type":"Point","coordinates":[-97.74411,30.27138]},"properties":{"id":"4007","name":"Lavaca/9th","routes":["105","980","982","985","990"],"route_ids":["105","980","982","985","990"]}},{"type":"Feature","geometry":{"type":"Point","coordinates":[-97.74295,30.25301]},"properties":{"id":"4024","name":"504 Riverside/Newning","routes":["20","483","7"],"route_ids":["20","483","7"]}},{"type":"Feature","geometry":{"type":"Point","coordinates":[-97.74983,30.24877]},"properties":{"id":"4026","name":"Soco Station (NB)","routes":["1","486","801"],"route_ids":["1","486","801"]}},{"type":"Feature","geometry":{"type":"Point","coordinates":[-97.75037,30.24813]},"properties":{"id":"4029","name":"Soco Station (SB)","routes":["1","486","801"],"route_ids":["1","486","801"]}},{"type":"Feature","geometry":{"type":"Point","coordinates":[-97.75283,30.23955]},"properties":{"id":"4039","name":"Oltorf Station (NB)","routes":["1","486","801"],"route_ids":["1","486","801"]}},{"type":"Feature","geometry":{"type":"Point","coordinates":[-97.75335,30.23855]},"properties":{"id":"4040","name":"Oltorf/Congress","routes":["300"],"route_ids":["300"]}},{"type":"Feature","geometry":{"type":"Point","coordinates":[-97.75465,30.23939]},"properties":{"id":"4044","name":"121 Oltorf/Euclid (HEB)","routes":["300"],"route_ids":["300"]}},{"type":"Feature","geometry":{"type":"Point","coordinates":[-97.75438,30.23801]},"properties":{"id":"4046","name":"Oltorf Station (SB)","routes":["1","486","801"],"route_ids":["1","486","801"]}},{"type":"Feature","geometry":{"type":"Point","coordinates":[-97.75478,30.25022]},"properties":{"id":"4065","name":"1500 S 1st/Elizabeth","routes":["10"],"route_ids":["10"]}},{"type":"Feature","geometry":{"type":"Point","coordinates":[-97.75821,30.26071]},"properties":{"id":"4069","name":"Barton Springs/Lamar","routes":["30"],"route_ids":["30"]}},{"type":"Feature","geometry":{"type":"Point","coordinates":[-97.75895,30.26007]},"properties":{"id":"4070","name":"Barton Springs Station (SB)","routes":["3","484","803"],"route_ids":["3","484","803"]}},{"type":"Feature","geometry":{"type":"Point","coordinates":[-97.75898,30.25884]},"properties":{"id":"4071","name":"615 Lamar/Bluff","routes":["3","484"],"route_ids":["3","484"]}},{"type":"Feature","geometry":{"type":"Point","coordinates":[-97.767,30.24956]},"properties":{"id":"4072","name":"1901 Lamar/Mary","routes":["3","484"],"route_ids":["3","484"]}},{"type":"Feature","geometry":{"type":"Point","coordinates":[-97.76841,30.26613]},"properties":{"id":"4079","name":"Barton Springs (Zilker Park)","routes":["30"],"route_ids":["30"]}},{"type":"Feature","geometry":{"type":"Point","coordinates":[-97.77302,30.26825]},"properties":{"id":"4080","name":"2221 Barton Springs (Zilker)","routes":["30"],"route_ids":["30"]}},{"type":"Feature","geometry":{"type":"Point","coordinates":[-97.76785,30.26588]},"properties":{"id":"4081","name":"Barton Springs/Zilker","routes":["30"],"route_ids":["30"]}},{"type":"Feature","geometry":{"type":"Point","coordinates":[-97.75565,30.26823]},"properties":{"id":"4082","name":"220 Lamar/B R Reynolds","routes":["484"],"route_ids":["484"]}},{"type":"Feature","geometry":{"type":"Point","coordinates":[-97.75541,30.26822]},"properties":{"id":"4083","name":"219 Lamar/Sandra Muraida","routes":["484"],"route_ids":["484"]}},{"type":"Feature","geometry":{"type":"Point","coordinates":[-97.75386,30.27204]},"properties":{"id":"4084","name":"600 Lamar/6th","routes":["5"],"route_ids":["5"]}},{"type":"Feature","geometry":{"type":"Point","coordinates":[-97.76324,30.2736]},"properties":{"id":"4086","name":"5th/West Lynn","routes":["4","663"],"route_ids":["4","663"]}},{"type":"Feature","geometry":{"type":"Point","coordinates":[-97.75233,30.2751]},"properties":{"id":"4088","name":"1000 Lamar/10th","routes":["5"],"route_ids":["5"]}},{"type":"Feature","geometry":{"type":"Point","coordinates":[-97.75134,30.27674]},"properties":{"id":"4089","name":"1117 Lamar/12th","routes":["5"],"route_ids":["5"]}},{"type":"Feature","geometry":{"type":"Point","coordinates":[-97.75145,30.27696]},"properties":{"id":"4090","name":"1200 Lamar/12th","routes":["5"],"route_ids":["5"]}},{"type":"Feature","geometry":{"type":"Point","coordinates":[-97.74022,30.292]},"properties":{"id":"4096","name":"27th/Whitis","routes":["320","642"],"route_ids":["320","642"]}},{"type":"Feature","geometry":{"type":"Point","coordinates":[-97.72868,30.30809]},"properties":{"id":"4113","name":"Speedway/44th","routes":["656"],"route_ids":["656"]}},{"type":"Feature","geometry":{"type":"Point","coordinates":[-97.73415,30.29979]},"properties":{"id":"4114","name":"Speedway/38th","routes":["656"],"route_ids":["656"]}},{"type":"Feature","geometry":{"type":"Point","coordinates":[-97.73558,30.29722]},"properties":{"id":"4115","name":"3201 Speedway/33rd","routes":["656"],"route_ids":["656"]}},{"type":"Feature","geometry":{"type":"Point","coordinates":[-97.73587,30.29437]},"properties":{"id":"4116","name":"31st/Grooms","routes":["656"],"route_ids":["656"]}},{"type":"Feature","geometry":{"type":"Point","coordinates":[-97.73558,30.29429]},"properties":{"id":"4117","name":"31st/Walling","routes":["656"],"route_ids":["656"]}},{"type":"Feature","geometry":{"type":"Point","coordinates":[-97.74667,30.28528]},"properties":{"id":"4120","name":"22nd/Pearl","routes":["642"],"route_ids":["642"]}},{"type":"Feature","geometry":{"type":"Point","coordinates":[-97.74769,30.29005]},"properties":{"id":"4121","name":"San Gabriel/25 1/2","routes":["642"],"route_ids":["642"]}},{"type":"Feature","geometry":{"type":"Point","coordinates":[-97.74425,30.2907]},"properties":{"id":"4122","name":"26th/Rio Grande","routes":["642"],"route_ids":["642"]}},{"type":"Feature","geometry":{"type":"Point","coordinates":[-97.74644,30.29086]},"properties":{"id":"4123","name":"26th/Pearl","routes":["642"],"route_ids":["642"]}},{"type":"Feature","geometry":{"type":"Point","coordinates":[-97.74629,30.30039]},"properties":{"id":"4125","name":"3100 Lamar/31st","routes":["5"],"route_ids":["5"]}},{"type":"Feature","geometry":{"type":"Point","coordinates":[-97.74279,30.30774]},"properties":{"id":"4128","name":"3913 Medical/39th Half","routes":["3"],"route_ids":["3"]}},{"type":"Feature","geometry":{"type":"Point","coordinates":[-97.74246,30.31149]},"properties":{"id":"4129","name":"Medical/42nd","routes":["3"],"route_ids":["3"]}},{"type":"Feature","geometry":{"type":"Point","coordinates":[-97.75104,30.30985]},"properties":{"id":"4133","name":"3617 Bull Creek/Jefferson","routes":["30"],"route_ids":["30"]}},{"type":"Feature","geometry":{"type":"Point","coordinates":[-97.73319,30.28165]},"properties":{"id":"4135","name":"2001 San Jacinto/20th","routes":["642","670","672"],"route_ids":["642","670","672"]}},{"type":"Feature","geometry":{"type":"Point","coordinates":[-97.72652,30.28758]},"properties":{"id":"4144","name":"Red River/Dean Keeton","routes":["10","171"],"route_ids":["10","171"]}},{"type":"Feature","geometry":{"type":"Point","coordinates":[-97.72545,30.29311]},"properties":{"id":"4147","name":"3409 Red River/Harris","routes":["10"],"route_ids":["10"]}},{"type":"Feature","geometry":{"type":"Point","coordinates":[-97.72446,30.30734]},"properties":{"id":"4150","name":"4510 Duval/45th","routes":["7"],"route_ids":["7"]}},{"type":"Feature","geometry":{"type":"Point","coordinates":[-97.73022,30.29818]},"properties":{"id":"4152","name":"3508 Duval/38th","routes":["7"],"route_ids":["7"]}},{"type":"Feature","geometry":{"type":"Point","coordinates":[-97.75283,30.28872]},"properties":{"id":"4153","name":"2400 Lamar/24th","routes":["5"],"route_ids":["5"]}},{"type":"Feature","geometry":{"type":"Point","coordinates":[-97.75271,30.28841]},"properties":{"id":"4154","name":"2327 Lamar/24th","routes":["5"],"route_ids":["5"]}},{"type":"Feature","geometry":{"type":"Point","coordinates":[-97.75233,30.28367]},"properties":{"id":"4155","name":"1900 Lamar/Martin Luther King","routes":["5"],"route_ids":["5"]}},{"type":"Feature","geometry":{"type":"Point","coordinates":[-97.75172,30.28334]},"properties":{"id":"4156","name":"1801 Lamar/Martin Luther King","routes":["5"],"route_ids":["5"]}},{"type":"Feature","geometry":{"type":"Point","coordinates":[-97.76681,30.28755]},"properties":{"id":"4157","name":"2206 Enfield/Meriden","routes":["18"],"route_ids":["18"]}},{"type":"Feature","geometry":{"type":"Point","coordinates":[-97.76683,30.28741]},"properties":{"id":"4158","name":"2207 Enfield/Kent","routes":["18"],"route_ids":["18"]}},{"type":"Feature","geometry":{"type":"Point","coordinates":[-97.77605,30.28412]},"properties":{"id":"4161","name":"717 Exposition/8th","routes":["18"],"route_ids":["18"]}},{"type":"Feature","geometry":{"type":"Point","coordinates":[-97.77428,30.27938]},"properties":{"id":"4162","name":"2531 Lake Austin/Dumas","routes":["663"],"route_ids":["663"]}},{"type":"Feature","geometry":{"type":"Point","coordinates":[-97.77634,30.2695]},"properties":{"id":"4166","name":"Mopac/Nature Center","routes":["30"],"route_ids":["30"]}},{"type":"Feature","geometry":{"type":"Point","coordinates":[-97.77657,30.26857]},"properties":{"id":"4167","name":"Mopac/Zilker","routes":["30"],"route_ids":["30"]}},{"type":"Feature","geometry":{"type":"Point","coordinates":[-97.7196,30.2697]},"properties":{"id":"4172","name":"Rosewood/Chicon","routes":["2"],"route_ids":["2"]}},{"type":"Feature","geometry":{"type":"Point","coordinates":[-97.72505,30.27288]},"properties":{"id":"4173","name":"1321 12th/Angelina","routes":["5"],"route_ids":["5"]}},{"type":"Feature","geometry":{"type":"Point","coordinates":[-97.73772,30.26159]},"properties":{"id":"4175","name":"700 Cesar Chavez/Red River","routes":["2"],"route_ids":["2"]}},{"type":"Feature","geometry":{"type":"Point","coordinates":[-97.71649,30.26141]},"properties":{"id":"4181","name":"7th/Northwestern","routes":["4","485"],"route_ids":["4","485"]}},{"type":"Feature","geometry":{"type":"Point","coordinates":[-97.72603,30.28269]},"properties":{"id":"4182","name":"Comal/Manor","routes":["640"],"route_ids":["640"]}},{"type":"Feature","geometry":{"type":"Point","coordinates":[-97.72723,30.27868]},"properties":{"id":"4183","name":"1255 Martin Luther King/IH 35","routes":["18"],"route_ids":["18"]}},{"type":"Feature","geometry":{"type":"Point","coordinates":[-97.72562,30.28078]},"properties":{"id":"4184","name":"Comal/21st","routes":["640"],"route_ids":["640"]}},{"type":"Feature","geometry":{"type":"Point","coordinates":[-97.72148,30.28412]},"properties":{"id":"4186","name":"Dean Keeton/Lafayette","routes":["320","322"],"route_ids":["320","322"]}},{"type":"Feature","geometry":{"type":"Point","coordinates":[-97.71782,30.28513]},"properties":{"id":"4189","name":"Cherrywood/Manor","routes":["322"],"route_ids":["322"]}},{"type":"Feature","geometry":{"type":"Point","coordinates":[-97.70572,30.28546]},"properties":{"id":"4191","name":"2201 Airport/Manor","routes":["135","350","485"],"route_ids":["135","350","485"]}},{"type":"Feature","geometry":{"type":"Point","coordinates":[-97.7032,30.28689]},"properties":{"id":"4193","name":"Manor/Tillery","routes":["320","485"],"route_ids":["320","485"]}},{"type":"Feature","geometry":{"type":"Point","coordinates":[-97.70346,30.28254]},"properties":{"id":"4195","name":"3205 Martin Luther King/Airport","routes":["18"],"route_ids":["18"]}},{"type":"Feature","geometry":{"type":"Point","coordinates":[-97.70452,30.28255]},"properties":{"id":"4196","name":"3014 Martin Luther King/Airport","routes":["18"],"route_ids":["18"]}},{"type":"Feature","geometry":{"type":"Point","coordinates":[-97.70414,30.27621]},"properties":{"id":"4200","name":"12th/Oak Grove","routes":["5"],"route_ids":["5"]}},{"type":"Feature","geometry":{"type":"Point","coordinates":[-97.74002,30.31775]},"properties":{"id":"4202","name":"Burnet/47th","routes":["3","345"],"route_ids":["3","345"]}},{"type":"Feature","geometry":{"type":"Point","coordinates":[-97.7401,30.33377]},"properties":{"id":"4204","name":"Allandale Station (SB)","routes":["3","803"],"route_ids":["3","803"]}},{"type":"Feature","geometry":{"type":"Point","coordinates":[-97.76929,30.24691]},"properties":{"id":"4206","name":"1404 Oltorf/Thornton","routes":["300"],"route_ids":["300"]}},{"type":"Feature","geometry":{"type":"Point","coordinates":[-97.76442,30.24347]},"properties":{"id":"4207","name":"2401 S 5th/Oltorf","routes":["105"],"route_ids":["105"]}},{"type":"Feature","geometry":{"type":"Point","coordinates":[-97.7646,30.24336]},"properties":{"id":"4208","name":"2406 S 5th/Oltorf","routes":["105"],"route_ids":["105"]}},{"type":"Feature","geometry":{"type":"Point","coordinates":[-97.7631,30.2468]},"properties":{"id":"4209","name":"2006 S 5th/Brodie","routes":["105"],"route_ids":["105"]}},{"type":"Feature","geometry":{"type":"Point","coordinates":[-97.7907,30.2328]},"properties":{"id":"4212","name":"4205 Victory/Ben White","routes":["300","484"],"route_ids":["300","484"]}},{"type":"Feature","geometry":{"type":"Point","coordinates":[-97.79092,30.23279]},"properties":{"id":"4213","name":"4206 Victory/Ben White","routes":["300"],"route_ids":["300"]}},{"type":"Feature","geometry":{"type":"Point","coordinates":[-97.78876,30.23813]},"properties":{"id":"4215","name":"2317 Panther/Victory","routes":["300"],"route_ids":["300"]}},{"type":"Feature","geometry":{"type":"Point","coordinates":[-97.78906,30.23852]},"properties":{"id":"4216","name":"2300 Panther/Lamar","routes":["300","484"],"route_ids":["300","484"]}},{"type":"Feature","geometry":{"type":"Point","coordinates":[-97.79881,30.22946]},"properties":{"id":"4218","name":"2555 Western Trails/Sagebrush","routes":["105","311","315","318"],"route_ids":["105","311","315","318"]}},{"type":"Feature","geometry":{"type":"Point","coordinates":[-97.8005,30.2291]},"properties":{"id":"4219","name":"2700 Western Trails/Sagebrush","routes":["105","311","315","318"],"route_ids":["105","311","315","318"]}},{"type":"Feature","geometry":{"type":"Point","coordinates":[-97.80089,30.22992]},"properties":{"id":"4220","name":"4631 West Gate/Western Trails","routes":["315"],"route_ids":["315"]}},{"type":"Feature","geometry":{"type":"Point","coordinates":[-97.80593,30.21869]},"properties":{"id":"4223","name":"Stassney/Westgate","routes":["311"],"route_ids":["311"]}},{"type":"Feature","geometry":{"type":"Point","coordinates":[-97.79796,30.21573]},"properties":{"id":"4224","name":"2000 Stassney/Menchaca","routes":["311"],"route_ids":["311"]}},{"type":"Feature","geometry":{"type":"Point","coordinates":[-97.79633,30.21459]},"properties":{"id":"4225","name":"1821 Stassney/Menchaca (FS)","routes":["311"],"route_ids":["311"]}},{"type":"Feature","geometry":{"type":"Point","coordinates":[-97.79643,30.21494]},"properties":{"id":"4226","name":"1820 Stassney/Menchaca","routes":["311"],"route_ids":["311"]}},{"type":"Feature","geometry":{"type":"Point","coordinates":[-97.79678,30.21625]},"properties":{"id":"4227","name":"5501 Menchaca/Stassney","routes":["103","3"],"route_ids":["103","3"]}},{"type":"Feature","geometry":{"type":"Point","coordinates":[-97.79198,30.22403]},"properties":{"id":"4228","name":"4711 Menchaca/Frontier","routes":["3"],"route_ids":["3"]}},{"type":"Feature","geometry":{"type":"Point","coordinates":[-97.79056,30.22625]},"properties":{"id":"4229","name":"4611 Menchaca/Forest Hill","routes":["3"],"route_ids":["3"]}},{"type":"Feature","geometry":{"type":"Point","coordinates":[-97.78908,30.22856]},"properties":{"id":"4230","name":"4413 Menchaca/Redd","routes":["103","3"],"route_ids":["103","3"]}},{"type":"Feature","geometry":{"type":"Point","coordinates":[-97.7922,30.23106]},"properties":{"id":"4231","name":"Pack Saddle Pass/Ben White","routes":["311","315","318"],"route_ids":["311","315","318"]}},{"type":"Feature","geometry":{"type":"Point","coordinates":[-97.78988,30.23581]},"properties":{"id":"4234","name":"Ann Richards School","routes":["300","484"],"route_ids":["300","484"]}},{"type":"Feature","geometry":{"type":"Point","coordinates":[-97.78852,30.23064]},"properties":{"id":"4235","name":"2020 Ben White/Menchaca","routes":["315","484"],"route_ids":["315","484"]}},{"type":"Feature","geometry":{"type":"Point","coordinates":[-97.7787,30.2286]},"properties":{"id":"4236","name":"4029 Banister/Ben White","routes":["105"],"route_ids":["105"]}},{"type":"Feature","geometry":{"type":"Point","coordinates":[-97.7632,30.22443]},"properties":{"id":"4267","name":"Congress/Dunlap","routes":["1","486"],"route_ids":["1","486"]}},{"type":"Feature","geometry":{"type":"Point","coordinates":[-97.76287,30.22446]},"properties":{"id":"4268","name":"Congress/Ben White","routes":["1","486"],"route_ids":["1","486"]}},{"type":"Feature","geometry":{"type":"Point","coordinates":[-97.76915,30.21438]},"properties":{"id":"4272","name":"4735 Congress/Sheraton","routes":["1","486"],"route_ids":["1","486"]}},{"type":"Feature","geometry":{"type":"Point","coordinates":[-97.77068,30.212]},"properties":{"id":"4273","name":"Congress/Wasson","routes":["1","486"],"route_ids":["1","486"]}},{"type":"Feature","geometry":{"type":"Point","coordinates":[-97.7751,30.20517]},"properties":{"id":"4275","name":"118 Stassney/Congress","routes":["311"],"route_ids":["311"]}},{"type":"Feature","geometry":{"type":"Point","coordinates":[-97.77525,30.205]},"properties":{"id":"4276","name":"119 Stassney/Congress","routes":["311"],"route_ids":["311"]}},{"type":"Feature","geometry":{"type":"Point","coordinates":[-97.78237,30.209]},"properties":{"id":"4277","name":"720 Stassney/1st","routes":["311"],"route_ids":["311"]}},{"type":"Feature","geometry":{"type":"Point","coordinates":[-97.79452,30.21402]},"properties":{"id":"4278","name":"1706 Stassney/Rose Hill","routes":["311"],"route_ids":["311"]}},{"type":"Feature","geometry":{"type":"Point","coordinates":[-97.71882,30.24013]},"properties":{"id":"4283","name":"Elmont SB (Pleasant Valley/Elmont)","routes":["300","800"],"route_ids":["300","800"]}},{"type":"Feature","geometry":{"type":"Point","coordinates":[-97.7188,30.23981]},"properties":{"id":"4284","name":"Elmont NB (Pleasant Valley/Elmont)","routes":["300","672","800"],"route_ids":["300","672","800"]}},{"type":"Feature","geometry":{"type":"Point","coordinates":[-97.71835,30.23813]},"properties":{"id":"4285","name":"Elmont/Pleasant Valley","routes":["670"],"route_ids":["670"]}},{"type":"Feature","geometry":{"type":"Point","coordinates":[-97.71862,30.23582]},"properties":{"id":"4286","name":"1600 Wickersham/Elmont","routes":["670"],"route_ids":["670"]}},{"type":"Feature","geometry":{"type":"Point","coordinates":[-97.72198,30.23524]},"properties":{"id":"4288","name":"Riverside SB (Pleasant Valley HEB)","routes":["228","300","490","800"],"route_ids":["228","300","490","800"]}},{"type":"Feature","geometry":{"type":"Point","coordinates":[-97.73186,30.23005]},"properties":{"id":"4296","name":"2195 Oltorf/Willow Creek","routes":["300","310","483"],"route_ids":["300","310","483"]}},{"type":"Feature","geometry":{"type":"Point","coordinates":[-97.72576,30.23088]},"properties":{"id":"4298","name":"Sheringham SB (Pleasant Valley/Sheringham)","routes":["228","300","483","800"],"route_ids":["228","300","483","800"]}},{"type":"Feature","geometry":{"type":"Point","coordinates":[-97.71723,30.23241]},"properties":{"id":"4299","name":"1900 Crossing Place/Riverside","routes":["670"],"route_ids":["670"]}},{"type":"Feature","geometry":{"type":"Point","coordinates":[-97.71706,30.23215]},"properties":{"id":"4300","name":"1901 Crossing Place/Riverside","routes":["670"],"route_ids":["670"]}},{"type":"Feature","geometry":{"type":"Point","coordinates":[-97.71465,30.23502]},"properties":{"id":"4301","name":"1501 Crossing Place/Faro","routes":["670"],"route_ids":["670"]}},{"type":"Feature","geometry":{"type":"Point","coordinates":[-97.71506,30.23489]},"properties":{"id":"4302","name":"1500 Crossing Place/Faro","routes":["670"],"route_ids":["670"]}},{"type":"Feature","geometry":{"type":"Point","coordinates":[-97.69357,30.24025]},"properties":{"id":"4306","name":"Montopolis/El Mirando","routes":["350"],"route_ids":["350"]}},{"type":"Feature","geometry":{"type":"Point","coordinates":[-97.70926,30.21582]},"properties":{"id":"4310","name":"2821 Montopolis/Oltorf","routes":["311"],"route_ids":["311"]}},{"type":"Feature","geometry":{"type":"Point","coordinates":[-97.74586,30.21356]},"properties":{"id":"4317","name":"4120 Freidrich/Woodward","routes":["7"],"route_ids":["7"]}},{"type":"Feature","geometry":{"type":"Point","coordinates":[-97.7447,30.21464]},"properties":{"id":"4318","name":"Woodward/Ben White SW Corner","routes":["7"],"route_ids":["7"]}},{"type":"Feature","geometry":{"type":"Point","coordinates":[-97.74223,30.22216]},"properties":{"id":"4323","name":"3300 Parker/Timber Ridge","routes":["310","7"],"route_ids":["310","7"]}},{"type":"Feature","geometry":{"type":"Point","coordinates":[-97.7421,30.22292]},"properties":{"id":"4324","name":"3301 Parker/Timber Ridge","routes":["310","7"],"route_ids":["310","7"]}},{"type":"Feature","geometry":{"type":"Point","coordinates":[-97.74214,30.2249]},"properties":{"id":"4325","name":"3004 Parker/Timber Ridge","routes":["310","7"],"route_ids":["310","7"]}},{"type":"Feature","geometry":{"type":"Point","coordinates":[-97.66565,30.20274]},"properties":{"id":"4326","name":"ABIA Lower Level","routes":["20","483"],"route_ids":["20","483"]}},{"type":"Feature","geometry":{"type":"Point","coordinates":[-97.76156,30.1972]},"properties":{"id":"4331","name":"1715 Stassney/IH 35","routes":["311"],"route_ids":["311"]}},{"type":"Feature","geometry":{"type":"Point","coordinates":[-97.74711,30.19372]},"properties":{"id":"4335","name":"2523 Stassney/Chaparral","routes":["311"],"route_ids":["311"]}},{"type":"Feature","geometry":{"type":"Point","coordinates":[-97.74541,30.18276]},"properties":{"id":"4342","name":"Pleasant Valley/Creek Bend","routes":["486","7"],"route_ids":["486","7"]}},{"type":"Feature","geometry":{"type":"Point","coordinates":[-97.76748,30.1892]},"properties":{"id":"4345","name":"1700 William Cannon/Bluff Springs","routes":["7"],"route_ids":["7"]}},{"type":"Feature","geometry":{"type":"Point","coordinates":[-97.76253,30.18747]},"properties":{"id":"4348","name":"2015 William Cannon/Elm Creek","routes":["486","7"],"route_ids":["486","7"]}},{"type":"Feature","geometry":{"type":"Point","coordinates":[-97.75873,30.1862]},"properties":{"id":"4349","name":"2283 William Cannon/Stoneleigh","routes":["486","7"],"route_ids":["486","7"]}},{"type":"Feature","geometry":{"type":"Point","coordinates":[-97.75903,30.18664]},"properties":{"id":"4350","name":"2300 William Cannon/Stoneleigh","routes":["7"],"route_ids":["7"]}},{"type":"Feature","geometry":{"type":"Point","coordinates":[-97.75448,30.18364]},"properties":{"id":"4351","name":"William Cannon/Branchwood","routes":["486","7"],"route_ids":["486","7"]}},{"type":"Feature","geometry":{"type":"Point","coordinates":[-97.7547,30.18407]},"properties":{"id":"4352","name":"William Cannon/Rockridge","routes":["7"],"route_ids":["7"]}},{"type":"Feature","geometry":{"type":"Point","coordinates":[-97.75051,30.18119]},"properties":{"id":"4353","name":"4812 William Cannon/Meadow Lake","routes":["7"],"route_ids":["7"]}},{"type":"Feature","geometry":{"type":"Point","coordinates":[-97.76432,30.18173]},"properties":{"id":"4354","name":"2114 Blue Meadow/Blue Dawn","routes":["333"],"route_ids":["333"]}},{"type":"Feature","geometry":{"type":"Point","coordinates":[-97.76431,30.18154]},"properties":{"id":"4355","name":"2203 Blue Meadow/Blue Dawn","routes":["333"],"route_ids":["333"]}},{"type":"Feature","geometry":{"type":"Point","coordinates":[-97.74072,30.16714]},"properties":{"id":"4357","name":"7200 Salt Springs/Orange Blossom EB","routes":["333"],"route_ids":["333"]}},{"type":"Feature","geometry":{"type":"Point","coordinates":[-97.74055,30.16711]},"properties":{"id":"4361","name":"Salt Springs/Orange Blossom","routes":["333"],"route_ids":["333"]}},{"type":"Feature","geometry":{"type":"Point","coordinates":[-97.76639,30.20039]},"properties":{"id":"4362","name":"812 Stassney/IH 35","routes":["311","486"],"route_ids":["311","486"]}},{"type":"Feature","geometry":{"type":"Point","coordinates":[-97.76667,30.20005]},"properties":{"id":"4363","name":"811 Stassney/Mira","routes":["311"],"route_ids":["311"]}},{"type":"Feature","geometry":{"type":"Point","coordinates":[-97.77083,30.20235]},"properties":{"id":"4364","name":"Stassney/Mira","routes":["311","486"],"route_ids":["311","486"]}},{"type":"Feature","geometry":{"type":"Point","coordinates":[-97.77177,30.20277]},"properties":{"id":"4365","name":"407 Stassney/Congress","routes":["311"],"route_ids":["311"]}},{"type":"Feature","geometry":{"type":"Point","coordinates":[-97.77845,30.19421]},"properties":{"id":"4381","name":"6610 Congress/Eberhart","routes":["1","486"],"route_ids":["1","486"]}},{"type":"Feature","geometry":{"type":"Point","coordinates":[-97.77809,30.19453]},"properties":{"id":"4382","name":"Pleasant Hill Station (NB)","routes":["1","801"],"route_ids":["1","801"]}},{"type":"Feature","geometry":{"type":"Point","coordinates":[-97.7803,30.19348]},"properties":{"id":"4384","name":"William Cannon/Skynook","routes":["333"],"route_ids":["333"]}},{"type":"Feature","geometry":{"type":"Point","coordinates":[-97.78102,30.2081]},"properties":{"id":"4393","name":"609 Stassney/1st","routes":["311"],"route_ids":["311"]}},{"type":"Feature","geometry":{"type":"Point","coordinates":[-97.78315,30.20537]},"properties":{"id":"4394","name":"5802 South 1st/Stassney","routes":["10"],"route_ids":["10"]}},{"type":"Feature","geometry":{"type":"Point","coordinates":[-97.78612,30.19649]},"properties":{"id":"4398","name":"William Cannon/Bill Hughes","routes":["333"],"route_ids":["333"]}},{"type":"Feature","geometry":{"type":"Point","coordinates":[-97.79814,30.17629]},"properties":{"id":"4403","name":"8600 S 1st/Hyde Park","routes":["10"],"route_ids":["10"]}},{"type":"Feature","geometry":{"type":"Point","coordinates":[-97.79875,30.1734]},"properties":{"id":"4404","name":"8905 S 1st/Slaughter","routes":["10"],"route_ids":["10"]}},{"type":"Feature","geometry":{"type":"Point","coordinates":[-97.82277,30.17359]},"properties":{"id":"4411","name":"Slaughter/Menchaca","routes":["3","318"],"route_ids":["3","318"]}},{"type":"Feature","geometry":{"type":"Point","coordinates":[-97.82701,30.1738]},"properties":{"id":"4412","name":"Slaughter/Riddle","routes":["103","318"],"route_ids":["103","318"]}},{"type":"Feature","geometry":{"type":"Point","coordinates":[-97.81684,30.18535]},"properties":{"id":"4414","name":"8700 Menchaca/Davis","routes":["3"],"route_ids":["3"]}},{"type":"Feature","geometry":{"type":"Point","coordinates":[-97.81565,30.18665]},"properties":{"id":"4415","name":"8509 Menchaca/Dittmar","routes":["3"],"route_ids":["3"]}},{"type":"Feature","geometry":{"type":"Point","coordinates":[-97.80923,30.20366]},"properties":{"id":"4424","name":"William Cannon/Whispering Oaks","routes":["103","333"],"route_ids":["103","333"]}},{"type":"Feature","geometry":{"type":"Point","coordinates":[-97.80846,30.19796]},"properties":{"id":"4426","name":"7317 Menchaca/Gaines Mill","routes":["3"],"route_ids":["3"]}},{"type":"Feature","geometry":{"type":"Point","coordinates":[-97.81387,30.21553]},"properties":{"id":"4427","name":"6110 West Gate/Luton","routes":["318"],"route_ids":["318"]}},{"type":"Feature","geometry":{"type":"Point","coordinates":[-97.81778,30.2079]},"properties":{"id":"4428","name":"William Cannon/Deaton Hill","routes":["333"],"route_ids":["333"]}},{"type":"Feature","geometry":{"type":"Point","coordinates":[-97.81479,30.20707]},"properties":{"id":"4429","name":"2616 William Cannon/West Gate","routes":["333"],"route_ids":["333"]}},{"type":"Feature","geometry":{"type":"Point","coordinates":[-97.81584,30.20675]},"properties":{"id":"4430","name":"6900 West Gate/William Cannon","routes":["103","318"],"route_ids":["103","318"]}},{"type":"Feature","geometry":{"type":"Point","coordinates":[-97.82923,30.19602]},"properties":{"id":"4431","name":"8300 West Gate/Siskin","routes":["318"],"route_ids":["318"]}},{"type":"Feature","geometry":{"type":"Point","coordinates":[-97.82982,30.18717]},"properties":{"id":"4433","name":"Curlew/Kentish Drive","routes":["103"],"route_ids":["103"]}},{"type":"Feature","geometry":{"type":"Point","coordinates":[-97.83336,30.18009]},"properties":{"id":"4434","name":"Curlew/Monarch","routes":["103"],"route_ids":["103"]}},{"type":"Feature","geometry":{"type":"Point","coordinates":[-97.83772,30.20339]},"properties":{"id":"4435","name":"Eskew/Brodie","routes":["333"],"route_ids":["333"]}},{"type":"Feature","geometry":{"type":"Point","coordinates":[-97.82217,30.20999]},"properties":{"id":"4436","name":"3101 William Cannon/Ranch","routes":["333"],"route_ids":["333"]}},{"type":"Feature","geometry":{"type":"Point","coordinates":[-97.82228,30.21033]},"properties":{"id":"4437","name":"3100 William Cannon/Ranch","routes":["333"],"route_ids":["333"]}},{"type":"Feature","geometry":{"type":"Point","coordinates":[-97.84982,30.21194]},"properties":{"id":"4441","name":"Copano/Clarno","routes":["333"],"route_ids":["333"]}},{"type":"Feature","geometry":{"type":"Point","coordinates":[-97.84908,30.21568]},"properties":{"id":"4442","name":"Latta/Islander","routes":["333"],"route_ids":["333"]}},{"type":"Feature","geometry":{"type":"Point","coordinates":[-97.85249,30.21799]},"properties":{"id":"4444","name":"4922 Convict Hill/Flaming Oak","routes":["111","333"],"route_ids":["111","333"]}},{"type":"Feature","geometry":{"type":"Point","coordinates":[-97.85276,30.21797]},"properties":{"id":"4445","name":"4923 Convict Hill/Flaming Oak","routes":["111","333"],"route_ids":["111","333"]}},{"type":"Feature","geometry":{"type":"Point","coordinates":[-97.85469,30.21889]},"properties":{"id":"4446","name":"5125 Convict Hill/Woodcreek","routes":["111","333"],"route_ids":["111","333"]}},{"type":"Feature","geometry":{"type":"Point","coordinates":[-97.85477,30.21909]},"properties":{"id":"4447","name":"Convict Hill/Woodcreek","routes":["111","333"],"route_ids":["111","333"]}},{"type":"Feature","geometry":{"type":"Point","coordinates":[-97.88865,30.246]},"properties":{"id":"4448","name":"6701 Silvermine/SH 71","routes":["171"],"route_ids":["171"]}},{"type":"Feature","geometry":{"type":"Point","coordinates":[-97.89428,30.24159]},"properties":{"id":"4453","name":"8403 Red Willow/Smokey Hill","routes":["171"],"route_ids":["171"]}},{"type":"Feature","geometry":{"type":"Point","coordinates":[-97.89409,30.2416]},"properties":{"id":"4454","name":"8310 Red Willow/Smokey Hill","routes":["171"],"route_ids":["171"]}},{"type":"Feature","geometry":{"type":"Point","coordinates":[-97.89807,30.24095]},"properties":{"id":"4457","name":"8525 Red Willow/Bargamen","routes":["171"],"route_ids":["171"]}},{"type":"Feature","geometry":{"type":"Point","coordinates":[-97.89843,30.2406]},"properties":{"id":"4458","name":"8530 Red Willow/Selway","routes":["171"],"route_ids":["171"]}},{"type":"Feature","geometry":{"type":"Point","coordinates":[-97.9009,30.23677]},"properties":{"id":"4461","name":"Red Willow/Fenton","routes":["171"],"route_ids":["171"]}},{"type":"Feature","geometry":{"type":"Point","coordinates":[-97.9008,30.23667]},"properties":{"id":"4462","name":"Fenton/Red Willow","routes":["171"],"route_ids":["171"]}},{"type":"Feature","geometry":{"type":"Point","coordinates":[-97.79768,30.47334]},"properties":{"id":"4465","name":"10935 Lakeline Mall/US 183","routes":["383"],"route_ids":["383"]}},{"type":"Feature","geometry":{"type":"Point","coordinates":[-97.79413,30.47498]},"properties":{"id":"4466","name":"Lakeline Mall/Lake Creek","routes":["383"],"route_ids":["383"]}},{"type":"Feature","geometry":{"type":"Point","coordinates":[-97.80916,30.23359]},"properties":{"id":"4470","name":"4702 Lamar/Dudmar","routes":["315"],"route_ids":["315"]}},{"type":"Feature","geometry":{"type":"Point","coordinates":[-97.81906,30.23371]},"properties":{"id":"4471","name":"4970 US 290/Brodie","routes":["315"],"route_ids":["315"]}},{"type":"Feature","geometry":{"type":"Point","coordinates":[-97.8787,30.23701]},"properties":{"id":"4473","name":"6900 Scenic Brook/SH 71","routes":["171"],"route_ids":["171"]}},{"type":"Feature","geometry":{"type":"Point","coordinates":[-97.87851,30.23689]},"properties":{"id":"4474","name":"6905 Scenic Brook/SH 71","routes":["171"],"route_ids":["171"]}},{"type":"Feature","geometry":{"type":"Point","coordinates":[-97.89357,30.23752]},"properties":{"id":"4481","name":"Scenic Brook/Hanbridge","routes":["171"],"route_ids":["171"]}},{"type":"Feature","geometry":{"type":"Point","coordinates":[-97.8929,30.23772]},"properties":{"id":"4482","name":"Scenic Brook/Kirkham","routes":["171"],"route_ids":["171"]}},{"type":"Feature","geometry":{"type":"Point","coordinates":[-97.89787,30.23565]},"properties":{"id":"4485","name":"Scenic Brook/Banpass","routes":["171"],"route_ids":["171"]}},{"type":"Feature","geometry":{"type":"Point","coordinates":[-97.78113,30.26577]},"properties":{"id":"4488","name":"Mopac/Wallingwood","routes":["30"],"route_ids":["30"]}},{"type":"Feature","geometry":{"type":"Point","coordinates":[-97.78662,30.26115]},"properties":{"id":"4489","name":"1300 Spyglass/Wallingwood","routes":["30"],"route_ids":["30"]}},{"type":"Feature","geometry":{"type":"Point","coordinates":[-97.79103,30.25915]},"properties":{"id":"4490","name":"1788 Spyglass/Barton Skyway","routes":["30"],"route_ids":["30"]}},{"type":"Feature","geometry":{"type":"Point","coordinates":[-97.78957,30.26208]},"properties":{"id":"4491","name":"Mopac/Barton Skyway","routes":["30"],"route_ids":["30"]}},{"type":"Feature","geometry":{"type":"Point","coordinates":[-97.80122,30.2736]},"properties":{"id":"4492","name":"1010 Walsh Tarlton/Bee Caves","routes":["30"],"route_ids":["30"]}},{"type":"Feature","geometry":{"type":"Point","coordinates":[-97.80081,30.27389]},"properties":{"id":"4493","name":"1007 Walsh Tarlton/Bee Caves","routes":["30"],"route_ids":["30"]}},{"type":"Feature","geometry":{"type":"Point","coordinates":[-97.81129,30.25848]},"properties":{"id":"4494","name":"2701 Walsh Tarlton/Capital of Texas","routes":["30"],"route_ids":["30"]}},{"type":"Feature","geometry":{"type":"Point","coordinates":[-97.75471,30.31674]},"properties":{"id":"4497","name":"4219 Bull Creek/Jackson","routes":["30","491"],"route_ids":["30","491"]}},{"type":"Feature","geometry":{"type":"Point","coordinates":[-97.75182,30.32312]},"properties":{"id":"4498","name":"4701 Bull Creek/Perry","routes":["30"],"route_ids":["30"]}},{"type":"Feature","geometry":{"type":"Point","coordinates":[-97.72688,30.32658]},"properties":{"id":"4509","name":"820 Koenig/Lamar","routes":["337"],"route_ids":["337"]}},{"type":"Feature","geometry":{"type":"Point","coordinates":[-97.72363,30.32354]},"properties":{"id":"4513","name":"Koenig/Guadalupe","routes":["337","990"],"route_ids":["337","990"]}},{"type":"Feature","geometry":{"type":"Point","coordinates":[-97.73035,30.31473]},"properties":{"id":"4516","name":"4801 Guadalupe/46th","routes":["656"],"route_ids":["656"]}},{"type":"Feature","geometry":{"type":"Point","coordinates":[-97.72913,30.31653]},"properties":{"id":"4518","name":"4903 Guadalupe/46th","routes":["656"],"route_ids":["656"]}},{"type":"Feature","geometry":{"type":"Point","coordinates":[-97.73537,30.31727]},"properties":{"id":"4521","name":"4800 Sunshine (Criss Cole Rehab)","routes":["345","5"],"route_ids":["345","5"]}},{"type":"Feature","geometry":{"type":"Point","coordinates":[-97.72356,30.34804]},"properties":{"id":"4523","name":"Woodrow/Dartmouth","routes":["5"],"route_ids":["5"]}},{"type":"Feature","geometry":{"type":"Point","coordinates":[-97.69768,30.28942]},"properties":{"id":"4524","name":"3607 Manor/Pershing","routes":["320"],"route_ids":["320"]}},{"type":"Feature","geometry":{"type":"Point","coordinates":[-97.73919,30.31135]},"properties":{"id":"4528","name":"4316 Lamar/43rd","routes":["5"],"route_ids":["5"]}},{"type":"Feature","geometry":{"type":"Point","coordinates":[-97.71887,30.3044]},"properties":{"id":"4529","name":"915 45th/Red River","routes":["10","345"],"route_ids":["10","345"]}},{"type":"Feature","geometry":{"type":"Point","coordinates":[-97.69607,30.2646]},"properties":{"id":"4534","name":"961 Springdale/Govalle","routes":["2","300"],"route_ids":["2","300"]}},{"type":"Feature","geometry":{"type":"Point","coordinates":[-97.69652,30.36276]},"properties":{"id":"4539","name":"Rundberg/Lamar","routes":["142","324","325"],"route_ids":["142","324","325"]}},{"type":"Feature","geometry":{"type":"Point","coordinates":[-97.69684,30.36367]},"properties":{"id":"4540","name":"Rundberg Station (SB)","routes":["1","801"],"route_ids":["1","801"]}},{"type":"Feature","geometry":{"type":"Point","coordinates":[-97.69508,30.36623]},"properties":{"id":"4541","name":"9717 Lamar/Rutland","routes":["1"],"route_ids":["1"]}},{"type":"Feature","geometry":{"type":"Point","coordinates":[-97.6946,30.36757]},"properties":{"id":"4542","name":"9800 Lamar/Longspur","routes":["1"],"route_ids":["1"]}},{"type":"Feature","geometry":{"type":"Point","coordinates":[-97.69182,30.37208]},"properties":{"id":"4543","name":"Masterson Station (NB)","routes":["1","801"],"route_ids":["1","801"]}},{"type":"Feature","geometry":{"type":"Point","coordinates":[-97.69043,30.37449]},"properties":{"id":"4545","name":"Lamar/Applegate","routes":["1"],"route_ids":["1"]}},{"type":"Feature","geometry":{"type":"Point","coordinates":[-97.68768,30.37938]},"properties":{"id":"4548","name":"Chinatown Station (NB)","routes":["1","801"],"route_ids":["1","801"]}},{"type":"Feature","geometry":{"type":"Point","coordinates":[-97.68498,30.38098]},"properties":{"id":"4550","name":"Braker/Motheral","routes":["392"],"route_ids":["392"]}},{"type":"Feature","geometry":{"type":"Point","coordinates":[-97.68332,30.38022]},"properties":{"id":"4551","name":"314 Braker/Hornsby","routes":["392"],"route_ids":["392"]}},{"type":"Feature","geometry":{"type":"Point","coordinates":[-97.67998,30.37857]},"properties":{"id":"4553","name":"200 Braker/Oakwood","routes":["392"],"route_ids":["392"]}},{"type":"Feature","geometry":{"type":"Point","coordinates":[-97.67741,30.37745]},"properties":{"id":"4554","name":"700 Braker/Pollyanna","routes":["392"],"route_ids":["392"]}},{"type":"Feature","geometry":{"type":"Point","coordinates":[-97.67861,30.34392]},"properties":{"id":"4557","name":"Cameron/Cross Park","routes":["325"],"route_ids":["325"]}},{"type":"Feature","geometry":{"type":"Point","coordinates":[-97.72878,30.36347]},"properties":{"id":"4570","name":"Ohlen Station (NB)","routes":["3","803"],"route_ids":["3","803"]}},{"type":"Feature","geometry":{"type":"Point","coordinates":[-97.72772,30.36757]},"properties":{"id":"4571","name":"Burnet/Colfax","routes":["3"],"route_ids":["3"]}},{"type":"Feature","geometry":{"type":"Point","coordinates":[-97.72682,30.37098]},"properties":{"id":"4572","name":"Crossroads Station (NB)","routes":["3","803"],"route_ids":["3","803"]}},{"type":"Feature","geometry":{"type":"Point","coordinates":[-97.72702,30.37123]},"properties":{"id":"4573","name":"Crossroads Station (SB)","routes":["3","803"],"route_ids":["3","803"]}},{"type":"Feature","geometry":{"type":"Point","coordinates":[-97.72905,30.36347]},"properties":{"id":"4574","name":"Ohlen Station (SB)","routes":["3","803"],"route_ids":["3","803"]}},{"type":"Feature","geometry":{"type":"Point","coordinates":[-97.7611,30.36636]},"properties":{"id":"4576","name":"Mesa/Paint Rock","routes":["30"],"route_ids":["30"]}},{"type":"Feature","geometry":{"type":"Point","coordinates":[-97.73906,30.34032]},"properties":{"id":"4578","name":"Burnet/Twin Oaks","routes":["3"],"route_ids":["3"]}},{"type":"Feature","geometry":{"type":"Point","coordinates":[-97.72806,30.36714]},"properties":{"id":"4579","name":"Burnet/Rockwood","routes":["3"],"route_ids":["3"]}},{"type":"Feature","geometry":{"type":"Point","coordinates":[-97.71836,30.3503]},"properties":{"id":"4580","name":"Anderson/Gault","routes":["339"],"route_ids":["339"]}},{"type":"Feature","geometry":{"type":"Point","coordinates":[-97.69366,30.25975]},"properties":{"id":"4581","name":"Airport/Shady","routes":["2","350","485"],"route_ids":["2","350","485"]}},{"type":"Feature","geometry":{"type":"Point","coordinates":[-97.73431,30.27967]},"properties":{"id":"4586","name":"400 Martin Luther King/Trinity","routes":["18","640","670","672"],"route_ids":["18","640","670","672"]}},{"type":"Feature","geometry":{"type":"Point","coordinates":[-97.73442,30.3323]},"properties":{"id":"4587","name":"Koenig/Arroyo Seco","routes":["337"],"route_ids":["337"]}},{"type":"Feature","geometry":{"type":"Point","coordinates":[-97.747,30.33533]},"properties":{"id":"4588","name":"2607 Allandale/Cary","routes":["337"],"route_ids":["337"]}},{"type":"Feature","geometry":{"type":"Point","coordinates":[-97.69749,30.31911]},"properties":{"id":"4592","name":"Cameron/Glencrest","routes":["300","337","485"],"route_ids":["300","337","485"]}},{"type":"Feature","geometry":{"type":"Point","coordinates":[-97.72868,30.2833]},"properties":{"id":"4593","name":"801 Clyde Littlefield/Red River","routes":["640"],"route_ids":["640"]}},{"type":"Feature","geometry":{"type":"Point","coordinates":[-97.97371,30.4742]},"properties":{"id":"4600","name":"1st/Bronco","routes":["214"],"route_ids":["214"]}},{"type":"Feature","geometry":{"type":"Point","coordinates":[-97.6788,30.28631]},"properties":{"id":"4602","name":"Martin Luther King/Scottsdale","routes":["18"],"route_ids":["18"]}},{"type":"Feature","geometry":{"type":"Point","coordinates":[-97.70154,30.31564]},"properties":{"id":"4609","name":"Cameron/Northridge","routes":["300","485"],"route_ids":["300","485"]}},{"type":"Feature","geometry":{"type":"Point","coordinates":[-97.68176,30.3138]},"properties":{"id":"4610","name":"6400 North Hampton/Bristol","routes":["337"],"route_ids":["337"]}},{"type":"Feature","geometry":{"type":"Point","coordinates":[-97.66674,30.30947]},"properties":{"id":"4611","name":"4701 Loyola/Manor","routes":["337"],"route_ids":["337"]}},{"type":"Feature","geometry":{"type":"Point","coordinates":[-97.65745,30.30282]},"properties":{"id":"4612","name":"5627 Loyola/Millrace","routes":["337"],"route_ids":["337"]}},{"type":"Feature","geometry":{"type":"Point","coordinates":[-97.65352,30.30255]},"properties":{"id":"4613","name":"5911 Loyola/Crystalbrook","routes":["233","337"],"route_ids":["233","337"]}},{"type":"Feature","geometry":{"type":"Point","coordinates":[-97.64784,30.29987]},"properties":{"id":"4614","name":"Johnny Morris NB (Loyola/Johnny Morris)","routes":["18","337","837"],"route_ids":["18","337","837"]}},{"type":"Feature","geometry":{"type":"Point","coordinates":[-97.63006,30.29489]},"properties":{"id":"4617","name":"6809 Wentworth/Riverstone","routes":["337"],"route_ids":["337"]}},{"type":"Feature","geometry":{"type":"Point","coordinates":[-97.62633,30.29434]},"properties":{"id":"4619","name":"Colony Loop/Decker","routes":["337"],"route_ids":["337"]}},{"type":"Feature","geometry":{"type":"Point","coordinates":[-97.75892,30.26115]},"properties":{"id":"4630","name":"1518 Barton Springs/Lamar","routes":["30"],"route_ids":["30"]}},{"type":"Feature","geometry":{"type":"Point","coordinates":[-97.74376,30.30398]},"properties":{"id":"4646","name":"3505 Lamar/37th","routes":["5"],"route_ids":["5"]}},{"type":"Feature","geometry":{"type":"Point","coordinates":[-97.73693,30.36551]},"properties":{"id":"4648","name":"Steck/Shoal Creek","routes":["30"],"route_ids":["30"]}},{"type":"Feature","geometry":{"type":"Point","coordinates":[-97.73747,30.36589]},"properties":{"id":"4649","name":"Steck/Daleview","routes":["30"],"route_ids":["30"]}},{"type":"Feature","geometry":{"type":"Point","coordinates":[-97.70014,30.35783]},"properties":{"id":"465","name":"8912 Lamar/Payton Gin","routes":["1"],"route_ids":["1"]}},{"type":"Feature","geometry":{"type":"Point","coordinates":[-97.75756,30.33696]},"properties":{"id":"4650","name":"Balcones/Northland","routes":["30"],"route_ids":["30"]}},{"type":"Feature","geometry":{"type":"Point","coordinates":[-97.75418,30.34922]},"properties":{"id":"4651","name":"North Hills/Valleyside","routes":["30"],"route_ids":["30"]}},{"type":"Feature","geometry":{"type":"Point","coordinates":[-97.75114,30.35826]},"properties":{"id":"4652","name":"3535 Greystone/Wood Hollow","routes":["30"],"route_ids":["30"]}},{"type":"Feature","geometry":{"type":"Point","coordinates":[-97.79168,30.46231]},"properties":{"id":"4654","name":"10135 Lake Creek/US 183","routes":["383"],"route_ids":["383"]}},{"type":"Feature","geometry":{"type":"Point","coordinates":[-97.78787,30.46798]},"properties":{"id":"4655","name":"10007 Lake Creek/Pecan Park","routes":["383"],"route_ids":["383"]}},{"type":"Feature","geometry":{"type":"Point","coordinates":[-97.78925,30.46886]},"properties":{"id":"4656","name":"Lake Creek/FM 620","routes":["383"],"route_ids":["383"]}},{"type":"Feature","geometry":{"type":"Point","coordinates":[-97.74119,30.2793]},"properties":{"id":"4657","name":"Museum Station (NB)","routes":["801","803"],"route_ids":["801","803"]}},{"type":"Feature","geometry":{"type":"Point","coordinates":[-97.74778,30.40765]},"properties":{"id":"4658","name":"Jollyville/Balcones Woods","routes":["982"],"route_ids":["982"]}},{"type":"Feature","geometry":{"type":"Point","coordinates":[-97.74702,30.40778]},"properties":{"id":"4659","name":"Balcones Woods/Research","routes":["982"],"route_ids":["982"]}},{"type":"Feature","geometry":{"type":"Point","coordinates":[-97.6863,30.2786]},"properties":{"id":"4667","name":"4609 12th/Springdale","routes":["5"],"route_ids":["5"]}},{"type":"Feature","geometry":{"type":"Point","coordinates":[-97.69077,30.27828]},"properties":{"id":"4668","name":"12th/Luna","routes":["5"],"route_ids":["5"]}},{"type":"Feature","geometry":{"type":"Point","coordinates":[-97.70313,30.3553]},"properties":{"id":"467","name":"Fairfield Rapid  Station (SB)","routes":["1","481","801"],"route_ids":["1","481","801"]}},{"type":"Feature","geometry":{"type":"Point","coordinates":[-97.69687,30.27748]},"properties":{"id":"4670","name":"3500 12th/Greenwood","routes":["5"],"route_ids":["5"]}},{"type":"Feature","geometry":{"type":"Point","coordinates":[-97.66191,30.41761]},"properties":{"id":"4671","name":"13701 McCallen/Center Ridge","routes":["135"],"route_ids":["135"]}},{"type":"Feature","geometry":{"type":"Point","coordinates":[-97.66362,30.40592]},"properties":{"id":"4672","name":"12801 McCallen/Parmer","routes":["1","135","392"],"route_ids":["1","135","392"]}},{"type":"Feature","geometry":{"type":"Point","coordinates":[-97.70608,30.35314]},"properties":{"id":"468","name":"Lamar/Thurmond","routes":["1","481"],"route_ids":["1","481"]}},{"type":"Feature","geometry":{"type":"Point","coordinates":[-97.72255,30.39148]},"properties":{"id":"4682","name":"Braker/Burnet Stadium Rapid NW Corner (SB)","routes":["3","383","803"],"route_ids":["3","383","803"]}},{"type":"Feature","geometry":{"type":"Point","coordinates":[-97.74525,30.40166]},"properties":{"id":"4688","name":"Research/Hamilton","routes":["383"],"route_ids":["383"]}},{"type":"Feature","geometry":{"type":"Point","coordinates":[-97.76536,30.43266]},"properties":{"id":"4690","name":"Research/Technology","routes":["383"],"route_ids":["383"]}},{"type":"Feature","geometry":{"type":"Point","coordinates":[-97.72535,30.37228]},"properties":{"id":"4691","name":"Research/Burnet","routes":["383"],"route_ids":["383"]}},{"type":"Feature","geometry":{"type":"Point","coordinates":[-97.69373,30.22047]},"properties":{"id":"4692","name":"7308 Riverside/Coriander","routes":["20","271","483"],"route_ids":["20","271","483"]}},{"type":"Feature","geometry":{"type":"Point","coordinates":[-97.68605,30.38273]},"properties":{"id":"4696","name":"11300 Lamar/Braker","routes":["1"],"route_ids":["1"]}},{"type":"Feature","geometry":{"type":"Point","coordinates":[-97.68473,30.38531]},"properties":{"id":"4697","name":"Lamar/Northbend","routes":["1"],"route_ids":["1"]}},{"type":"Feature","geometry":{"type":"Point","coordinates":[-97.68337,30.38857]},"properties":{"id":"4698","name":"Lamar/Little Oak","routes":["1"],"route_ids":["1"]}},{"type":"Feature","geometry":{"type":"Point","coordinates":[-97.67897,30.40246]},"properties":{"id":"4699","name":"Lamar/Yager","routes":["1"],"route_ids":["1"]}},{"type":"Feature","geometry":{"type":"Point","coordinates":[-97.68026,30.33538]},"properties":{"id":"4703","name":"1600 Centre Creek/Rutherford","routes":["339"],"route_ids":["339"]}},{"type":"Feature","geometry":{"type":"Point","coordinates":[-97.67997,30.33525]},"properties":{"id":"4704","name":"1605 Centre Creek/Rutherford","routes":["339"],"route_ids":["339"]}},{"type":"Feature","geometry":{"type":"Point","coordinates":[-97.68223,30.33692]},"properties":{"id":"4706","name":"Fisher-Rosemount Systems","routes":["339"],"route_ids":["339"]}},{"type":"Feature","geometry":{"type":"Point","coordinates":[-97.68471,30.33485]},"properties":{"id":"4707","name":"7911 Cameron/Anderson","routes":["10","485"],"route_ids":["10","485"]}},{"type":"Feature","geometry":{"type":"Point","coordinates":[-97.69004,30.32929]},"properties":{"id":"4708","name":"7401 Cameron/Coronado Hills","routes":["10","485","492"],"route_ids":["10","485","492"]}},{"type":"Feature","geometry":{"type":"Point","coordinates":[-97.69204,30.32624]},"properties":{"id":"4709","name":"7209 Cameron/St Johns","routes":["10","485"],"route_ids":["10","485"]}},{"type":"Feature","geometry":{"type":"Point","coordinates":[-97.71397,30.34604]},"properties":{"id":"471","name":"7720 Lamar/Stobaugh","routes":["1","350"],"route_ids":["1","350"]}},{"type":"Feature","geometry":{"type":"Point","coordinates":[-97.6927,30.32636]},"properties":{"id":"4711","name":"1322 St Johns/Cameron","routes":["300"],"route_ids":["300"]}},{"type":"Feature","geometry":{"type":"Point","coordinates":[-97.70202,30.32711]},"properties":{"id":"4712","name":"1016 Camino La Costa/La Posada","routes":["337"],"route_ids":["337"]}},{"type":"Feature","geometry":{"type":"Point","coordinates":[-97.7006,30.33112]},"properties":{"id":"4713","name":"801 St Johns/Bennett","routes":["300","337"],"route_ids":["300","337"]}},{"type":"Feature","geometry":{"type":"Point","coordinates":[-97.7153,30.34374]},"properties":{"id":"472","name":"7520 Lamar/Morrow","routes":["1","350","481"],"route_ids":["1","350","481"]}},{"type":"Feature","geometry":{"type":"Point","coordinates":[-97.68437,30.33771]},"properties":{"id":"4720","name":"8100 Cameron Road","routes":["10","325","339","485"],"route_ids":["10","325","339","485"]}},{"type":"Feature","geometry":{"type":"Point","coordinates":[-97.68107,30.35373]},"properties":{"id":"4721","name":"1207 Rundberg/Teasdale","routes":["325"],"route_ids":["325"]}},{"type":"Feature","geometry":{"type":"Point","coordinates":[-97.69376,30.36044]},"properties":{"id":"4725","name":"9306 Georgian/Rundberg","routes":["324"],"route_ids":["324"]}},{"type":"Feature","geometry":{"type":"Point","coordinates":[-97.71537,30.37197]},"properties":{"id":"4727","name":"Rundberg/Northgate","routes":["325"],"route_ids":["325"]}},{"type":"Feature","geometry":{"type":"Point","coordinates":[-97.71632,30.3697]},"properties":{"id":"4728","name":"1830 Colony Creek/Northgate","routes":["324"],"route_ids":["324"]}},{"type":"Feature","geometry":{"type":"Point","coordinates":[-97.71505,30.36919]},"properties":{"id":"4729","name":"1729 Colony Creek/Northgate","routes":["324"],"route_ids":["324"]}},{"type":"Feature","geometry":{"type":"Point","coordinates":[-97.71512,30.36748]},"properties":{"id":"4730","name":"9030 Galewood/Colony Creek","routes":["324"],"route_ids":["324"]}},{"type":"Feature","geometry":{"type":"Point","coordinates":[-97.7149,30.36751]},"properties":{"id":"4731","name":"9029 Galewood/Colony Creek","routes":["324"],"route_ids":["324"]}},{"type":"Feature","geometry":{"type":"Point","coordinates":[-97.71605,30.36601]},"properties":{"id":"4732","name":"8910 Galewood/Payton Gin","routes":["324"],"route_ids":["324"]}},{"type":"Feature","geometry":{"type":"Point","coordinates":[-97.71575,30.36617]},"properties":{"id":"4733","name":"8919 Galewood/Payton Gin","routes":["324"],"route_ids":["324"]}},{"type":"Feature","geometry":{"type":"Point","coordinates":[-97.71902,30.36293]},"properties":{"id":"4734","name":"Ohlen/Research","routes":["324"],"route_ids":["324"]}},{"type":"Feature","geometry":{"type":"Point","coordinates":[-97.71822,30.29426]},"properties":{"id":"4737","name":"1204 38th Half/Hollywood","routes":["322","335"],"route_ids":["322","335"]}},{"type":"Feature","geometry":{"type":"Point","coordinates":[-97.71598,30.29299]},"properties":{"id":"4738","name":"38th Half/Lafayette","routes":["322","335"],"route_ids":["322","335"]}},{"type":"Feature","geometry":{"type":"Point","coordinates":[-97.72001,30.3362]},"properties":{"id":"474","name":"6814 Lamar/Justin","routes":["1","481"],"route_ids":["1","481"]}},{"type":"Feature","geometry":{"type":"Point","coordinates":[-97.68219,30.28637]},"properties":{"id":"4742","name":"4311 Springdale/Martin Luther King","routes":["300"],"route_ids":["300"]}},{"type":"Feature","geometry":{"type":"Point","coordinates":[-97.68025,30.2894]},"properties":{"id":"4743","name":"4609 Springdale/Touchstone","routes":["300"],"route_ids":["300"]}},{"type":"Feature","geometry":{"type":"Point","coordinates":[-97.68919,30.31988]},"properties":{"id":"4748","name":"Berkman/US 290 SW Corner","routes":["10"],"route_ids":["10"]}},{"type":"Feature","geometry":{"type":"Point","coordinates":[-97.72131,30.33416]},"properties":{"id":"475","name":"6600 Lamar/Brentwood","routes":["1","481"],"route_ids":["1","481"]}},{"type":"Feature","geometry":{"type":"Point","coordinates":[-97.79295,30.22251]},"properties":{"id":"4751","name":"4911 Menchaca/Jones","routes":["3"],"route_ids":["3"]}},{"type":"Feature","geometry":{"type":"Point","coordinates":[-97.72591,30.37471]},"properties":{"id":"4753","name":"9101 Burnet/Research","routes":["3","383"],"route_ids":["3","383"]}},{"type":"Feature","geometry":{"type":"Point","coordinates":[-97.72596,30.37573]},"properties":{"id":"4754","name":"Burnet/Waterford Center","routes":["3","383"],"route_ids":["3","383"]}},{"type":"Feature","geometry":{"type":"Point","coordinates":[-97.72419,30.3836]},"properties":{"id":"4756","name":"Rutland Rapid Station (SB)","routes":["3","383","803"],"route_ids":["3","383","803"]}},{"type":"Feature","geometry":{"type":"Point","coordinates":[-97.72486,30.3795]},"properties":{"id":"4757","name":"Rutland Rapid Station (NB)","routes":["3","383","803"],"route_ids":["3","383","803"]}},{"type":"Feature","geometry":{"type":"Point","coordinates":[-97.72329,30.33098]},"properties":{"id":"476","name":"6200 Lamar/Denson","routes":["1","481"],"route_ids":["1","481"]}},{"type":"Feature","geometry":{"type":"Point","coordinates":[-97.72148,30.3918]},"properties":{"id":"4761","name":"10701 Burnet/Braker Stadium Rapid (NB)","routes":["392","803"],"route_ids":["392","803"]}},{"type":"Feature","geometry":{"type":"Point","coordinates":[-97.74228,30.40037]},"properties":{"id":"4763","name":"Braker/Seton Center","routes":["3"],"route_ids":["3"]}},{"type":"Feature","geometry":{"type":"Point","coordinates":[-97.71426,30.38276]},"properties":{"id":"4769","name":"10300 Metric/Energy","routes":["325"],"route_ids":["325"]}},{"type":"Feature","geometry":{"type":"Point","coordinates":[-97.71405,30.38269]},"properties":{"id":"4770","name":"10301 Metric/Energy","routes":["325"],"route_ids":["325"]}},{"type":"Feature","geometry":{"type":"Point","coordinates":[-97.75384,30.25912]},"properties":{"id":"4779","name":"510 Bouldin/Barton Springs","routes":["105"],"route_ids":["105"]}},{"type":"Feature","geometry":{"type":"Point","coordinates":[-97.7118,30.37445]},"properties":{"id":"4780","name":"1662 Rutland/Mountain Quail","routes":["142"],"route_ids":["142"]}},{"type":"Feature","geometry":{"type":"Point","coordinates":[-97.71197,30.37248]},"properties":{"id":"4781","name":"1622 Rutland/Mountain Quail","routes":["142"],"route_ids":["142"]}},{"type":"Feature","geometry":{"type":"Point","coordinates":[-97.71092,30.37608]},"properties":{"id":"4782","name":"Rutland/Quail Valley","routes":["142"],"route_ids":["142"]}},{"type":"Feature","geometry":{"type":"Point","coordinates":[-97.71203,30.37441]},"properties":{"id":"4783","name":"1649 Rutland/Quail Valley","routes":["142"],"route_ids":["142"]}},{"type":"Feature","geometry":{"type":"Point","coordinates":[-97.69161,30.41162]},"properties":{"id":"4795","name":"Metric/Running Bird","routes":["325"],"route_ids":["325"]}},{"type":"Feature","geometry":{"type":"Point","coordinates":[-97.68846,30.41499]},"properties":{"id":"4796","name":"12623 Metric/Scofield","routes":["325"],"route_ids":["325"]}},{"type":"Feature","geometry":{"type":"Point","coordinates":[-97.69011,30.41373]},"properties":{"id":"4797","name":"12525 Metric/Parmer","routes":["325"],"route_ids":["325"]}},{"type":"Feature","geometry":{"type":"Point","coordinates":[-97.72757,30.32419]},"properties":{"id":"480","name":"5528 Lamar/Koenig","routes":["1","481"],"route_ids":["1","481"]}},{"type":"Feature","geometry":{"type":"Point","coordinates":[-97.6778,30.30781]},"properties":{"id":"4805","name":"Manor/Wheless","routes":["320"],"route_ids":["320"]}},{"type":"Feature","geometry":{"type":"Point","coordinates":[-97.68998,30.44151]},"properties":{"id":"4813","name":"2801 Wells Branch/Double File","routes":["243"],"route_ids":["243"]}},{"type":"Feature","geometry":{"type":"Point","coordinates":[-97.68557,30.43929]},"properties":{"id":"4814","name":"2300 Wells Branch/Merrilltown","routes":["243"],"route_ids":["243"]}},{"type":"Feature","geometry":{"type":"Point","coordinates":[-97.68539,30.43854]},"properties":{"id":"4815","name":"2301 Wells Branch/Merrilltown","routes":["243"],"route_ids":["243"]}},{"type":"Feature","geometry":{"type":"Point","coordinates":[-97.68361,30.43662]},"properties":{"id":"4816","name":"2112 Wells Branch/Surrender","routes":["243"],"route_ids":["243"]}},{"type":"Feature","geometry":{"type":"Point","coordinates":[-97.68383,30.43641]},"properties":{"id":"4817","name":"2107 Wells Branch/Renaissance","routes":["243"],"route_ids":["243"]}},{"type":"Feature","geometry":{"type":"Point","coordinates":[-97.67916,30.43484]},"properties":{"id":"4818","name":"1900 Wells Branch/Alex","routes":["243"],"route_ids":["243"]}},{"type":"Feature","geometry":{"type":"Point","coordinates":[-97.67962,30.42449]},"properties":{"id":"4820","name":"13510 Metric/Howard","routes":["325"],"route_ids":["325"]}},{"type":"Feature","geometry":{"type":"Point","coordinates":[-97.68304,30.42194]},"properties":{"id":"4821","name":"13200 Metric/Chasewood","routes":["325"],"route_ids":["325"]}},{"type":"Feature","geometry":{"type":"Point","coordinates":[-97.67947,30.42429]},"properties":{"id":"4822","name":"13501 Metric/Chasewood","routes":["325"],"route_ids":["325"]}},{"type":"Feature","geometry":{"type":"Point","coordinates":[-97.68868,30.41517]},"properties":{"id":"4824","name":"12622 Metric/Scofield","routes":["325"],"route_ids":["325"]}},{"type":"Feature","geometry":{"type":"Point","coordinates":[-97.74841,30.29802]},"properties":{"id":"4829","name":"2869 Lamar/29th","routes":["5"],"route_ids":["5"]}},{"type":"Feature","geometry":{"type":"Point","coordinates":[-97.73081,30.31905]},"properties":{"id":"483","name":"5106 Lamar/51st","routes":["1","481"],"route_ids":["1","481"]}},{"type":"Feature","geometry":{"type":"Point","coordinates":[-97.74103,30.30822]},"properties":{"id":"4830","name":"Rosedale Station (NB)","routes":["5","803"],"route_ids":["5","803"]}},{"type":"Feature","geometry":{"type":"Point","coordinates":[-97.74137,30.30807]},"properties":{"id":"4831","name":"Rosedale Station (SB)","routes":["5","803"],"route_ids":["5","803"]}},{"type":"Feature","geometry":{"type":"Point","coordinates":[-97.69554,30.4105]},"properties":{"id":"4833","name":"Metric/Lamplight Village","routes":["325"],"route_ids":["325"]}},{"type":"Feature","geometry":{"type":"Point","coordinates":[-97.70954,30.37742]},"properties":{"id":"4834","name":"Quail Valley/Rutland","routes":["142"],"route_ids":["142"]}},{"type":"Feature","geometry":{"type":"Point","coordinates":[-97.7804,30.28773]},"properties":{"id":"4838","name":"Jasper/Lake Austin","routes":["663"],"route_ids":["663"]}},{"type":"Feature","geometry":{"type":"Point","coordinates":[-97.73253,30.31459]},"properties":{"id":"484","name":"Triangle Station (SB)","routes":["1","481","656","801","990"],"route_ids":["1","481","656","801","990"]}},{"type":"Feature","geometry":{"type":"Point","coordinates":[-97.73301,30.3111]},"properties":{"id":"485","name":"4500 Guadalupe/45th","routes":["1","481"],"route_ids":["1","481"]}},{"type":"Feature","geometry":{"type":"Point","coordinates":[-97.73441,30.30883]},"properties":{"id":"486","name":"Guadalupe/43rd Street","routes":["1","481"],"route_ids":["1","481"]}},{"type":"Feature","geometry":{"type":"Point","coordinates":[-97.73577,30.3067]},"properties":{"id":"487","name":"Guadalupe/41st Street","routes":["1","481"],"route_ids":["1","481"]}},{"type":"Feature","geometry":{"type":"Point","coordinates":[-97.71365,30.42435]},"properties":{"id":"4873","name":"Amherst/Parmer","routes":["142"],"route_ids":["142"]}},{"type":"Feature","geometry":{"type":"Point","coordinates":[-97.71596,30.42121]},"properties":{"id":"4875","name":"12400 Amherst/Adelphi","routes":["142"],"route_ids":["142"]}},{"type":"Feature","geometry":{"type":"Point","coordinates":[-97.71561,30.42131]},"properties":{"id":"4876","name":"12401 Amherst/Adelphi","routes":["142"],"route_ids":["142"]}},{"type":"Feature","geometry":{"type":"Point","coordinates":[-97.71815,30.41772]},"properties":{"id":"4877","name":"12200 Amherst/Mosley","routes":["142"],"route_ids":["142"]}},{"type":"Feature","geometry":{"type":"Point","coordinates":[-97.71788,30.41783]},"properties":{"id":"4878","name":"12209 Amherst/Dugan","routes":["142"],"route_ids":["142"]}},{"type":"Feature","geometry":{"type":"Point","coordinates":[-97.73897,30.30166]},"properties":{"id":"489","name":"Guadalupe/Maiden","routes":["1","3","30","481"],"route_ids":["1","3","30","481"]}},{"type":"Feature","geometry":{"type":"Point","coordinates":[-97.73155,30.39537]},"properties":{"id":"4895","name":"Braker/Mopac NE Corner","routes":["3"],"route_ids":["3"]}},{"type":"Feature","geometry":{"type":"Point","coordinates":[-97.68424,30.38584]},"properties":{"id":"4896","name":"Lamar/Caddo","routes":["1"],"route_ids":["1"]}},{"type":"Feature","geometry":{"type":"Point","coordinates":[-97.73971,30.30046]},"properties":{"id":"490","name":"Guadalupe/34th Street","routes":["1","3","30","481"],"route_ids":["1","3","30","481"]}},{"type":"Feature","geometry":{"type":"Point","coordinates":[-97.80016,30.15784]},"properties":{"id":"4908","name":"9200 South 1st/Island Oak","routes":["201"],"route_ids":["201"]}},{"type":"Feature","geometry":{"type":"Point","coordinates":[-97.80018,30.17174]},"properties":{"id":"4909","name":"9201 S 1st/Slaughter","routes":["201"],"route_ids":["201"]}},{"type":"Feature","geometry":{"type":"Point","coordinates":[-97.79901,30.17388]},"properties":{"id":"4915","name":"9000 S 1st/Slaughter","routes":["10"],"route_ids":["10"]}},{"type":"Feature","geometry":{"type":"Point","coordinates":[-97.72416,30.30687]},"properties":{"id":"4919","name":"507 45th/Duval","routes":["345"],"route_ids":["345"]}},{"type":"Feature","geometry":{"type":"Point","coordinates":[-97.72418,30.30702]},"properties":{"id":"4920","name":"500 45th/Duval","routes":["345"],"route_ids":["345"]}},{"type":"Feature","geometry":{"type":"Point","coordinates":[-97.72732,30.3082]},"properties":{"id":"4921","name":"45th/Avenue F","routes":["345"],"route_ids":["345"]}},{"type":"Feature","geometry":{"type":"Point","coordinates":[-97.98001,30.45459]},"properties":{"id":"4923","name":"20201 Dawn/Lohman Ford","routes":["214"],"route_ids":["214"]}},{"type":"Feature","geometry":{"type":"Point","coordinates":[-97.97358,30.47447]},"properties":{"id":"4924","name":"Bronco/1st","routes":["214"],"route_ids":["214"]}},{"type":"Feature","geometry":{"type":"Point","coordinates":[-97.97437,30.47931]},"properties":{"id":"4925","name":"Bronco/Dodge Trace","routes":["214"],"route_ids":["214"]}},{"type":"Feature","geometry":{"type":"Point","coordinates":[-97.98968,30.47441]},"properties":{"id":"4926","name":"Bar K Ranch/Coyote","routes":["214"],"route_ids":["214"]}},{"type":"Feature","geometry":{"type":"Point","coordinates":[-97.98794,30.46992]},"properties":{"id":"4927","name":"21459 Coyote/Camstock Cove","routes":["214"],"route_ids":["214"]}},{"type":"Feature","geometry":{"type":"Point","coordinates":[-97.98673,30.4726]},"properties":{"id":"4928","name":"21475 Coyote/Camstock Cove","routes":["214"],"route_ids":["214"]}},{"type":"Feature","geometry":{"type":"Point","coordinates":[-97.98036,30.45475]},"properties":{"id":"4930","name":"20204 Dawn/Lohman Ford","routes":["214"],"route_ids":["214"]}},{"type":"Feature","geometry":{"type":"Point","coordinates":[-97.65301,30.29263]},"properties":{"id":"4937","name":"5701 Johnny Morris/FM 969","routes":["18"],"route_ids":["18"]}},{"type":"Feature","geometry":{"type":"Point","coordinates":[-97.64993,30.29744]},"properties":{"id":"4938","name":"6403 Johnny Morris/FM 969","routes":["18"],"route_ids":["18"]}},{"type":"Feature","geometry":{"type":"Point","coordinates":[-97.65003,30.29748]},"properties":{"id":"4939","name":"6402 Johnny Morris/Loyola","routes":["18"],"route_ids":["18"]}},{"type":"Feature","geometry":{"type":"Point","coordinates":[-97.74132,30.29219]},"properties":{"id":"494","name":"Guadalupe/27th Street","routes":["1","3","30","481"],"route_ids":["1","3","30","481"]}},{"type":"Feature","geometry":{"type":"Point","coordinates":[-97.65301,30.29287]},"properties":{"id":"4940","name":"5800 Johnny Morris/Loyola","routes":["18"],"route_ids":["18"]}},{"type":"Feature","geometry":{"type":"Point","coordinates":[-97.75049,30.18091]},"properties":{"id":"4948","name":"4815 William Cannon/Meadow Lake","routes":["486","7"],"route_ids":["486","7"]}},{"type":"Feature","geometry":{"type":"Point","coordinates":[-97.79324,30.44805]},"properties":{"id":"4952","name":"9700 Anderson Mill/US 183","routes":["383"],"route_ids":["383"]}},{"type":"Feature","geometry":{"type":"Point","coordinates":[-97.80391,30.44755]},"properties":{"id":"4953","name":"11807 Millwright/Missel Thrush","routes":["383"],"route_ids":["383"]}},{"type":"Feature","geometry":{"type":"Point","coordinates":[-97.80283,30.45209]},"properties":{"id":"4954","name":"12103 Millwright/Old Stage Trail","routes":["383"],"route_ids":["383"]}},{"type":"Feature","geometry":{"type":"Point","coordinates":[-97.80375,30.45534]},"properties":{"id":"4955","name":"12221 Millwright/Wendts Way","routes":["383"],"route_ids":["383"]}},{"type":"Feature","geometry":{"type":"Point","coordinates":[-97.8036,30.45712]},"properties":{"id":"4956","name":"10621 Lake Creek/Millwright","routes":["383"],"route_ids":["383"]}},{"type":"Feature","geometry":{"type":"Point","coordinates":[-97.79906,30.45888]},"properties":{"id":"4957","name":"10505 Lake Creek/Hickory Stick","routes":["383"],"route_ids":["383"]}},{"type":"Feature","geometry":{"type":"Point","coordinates":[-97.79933,30.45888]},"properties":{"id":"4958","name":"10504 Lake Creek/Mellow Meadows","routes":["383"],"route_ids":["383"]}},{"type":"Feature","geometry":{"type":"Point","coordinates":[-97.80414,30.45692]},"properties":{"id":"4959","name":"10620 Lake Creek/School House","routes":["383"],"route_ids":["383"]}},{"type":"Feature","geometry":{"type":"Point","coordinates":[-97.80393,30.45533]},"properties":{"id":"4960","name":"12220 Millwright/Salt Mill","routes":["383"],"route_ids":["383"]}},{"type":"Feature","geometry":{"type":"Point","coordinates":[-97.804,30.44799]},"properties":{"id":"4962","name":"11808 Millwright/Anderson Mill","routes":["383"],"route_ids":["383"]}},{"type":"Feature","geometry":{"type":"Point","coordinates":[-97.68767,30.38269]},"properties":{"id":"4964","name":"Braker/Lamar NW Corner","routes":["392"],"route_ids":["392"]}},{"type":"Feature","geometry":{"type":"Point","coordinates":[-97.6942,30.38546]},"properties":{"id":"4965","name":"Braker/Austin Park","routes":["392"],"route_ids":["392"]}},{"type":"Feature","geometry":{"type":"Point","coordinates":[-97.70884,30.39276]},"properties":{"id":"4967","name":"2100 Braker/Metric","routes":["392"],"route_ids":["392"]}},{"type":"Feature","geometry":{"type":"Point","coordinates":[-97.71313,30.39176]},"properties":{"id":"4968","name":"2236 Braker/Kramer","routes":["392"],"route_ids":["392"]}},{"type":"Feature","geometry":{"type":"Point","coordinates":[-97.74177,30.28623]},"properties":{"id":"497","name":"UT West Mall Station (SB)","routes":["1","105","20","3","30","481","801","803","980","982","990"],"route_ids":["1","105","20","3","30","481","801","803","980","982","990"]}},{"type":"Feature","geometry":{"type":"Point","coordinates":[-97.71322,30.39123]},"properties":{"id":"4970","name":"2243 Braker/Kramer","routes":["392"],"route_ids":["392"]}},{"type":"Feature","geometry":{"type":"Point","coordinates":[-97.70588,30.39116]},"properties":{"id":"4971","name":"Braker/Metric (Midblock)","routes":["392"],"route_ids":["392"]}},{"type":"Feature","geometry":{"type":"Point","coordinates":[-97.69509,30.38562]},"properties":{"id":"4972","name":"1317 Braker/Parkfield","routes":["392"],"route_ids":["392"]}},{"type":"Feature","geometry":{"type":"Point","coordinates":[-97.69066,30.38367]},"properties":{"id":"4973","name":"Braker/Plains","routes":["392"],"route_ids":["392"]}},{"type":"Feature","geometry":{"type":"Point","coordinates":[-97.74812,30.28587]},"properties":{"id":"4979","name":"2204 San Gabriel/22nd Half","routes":["642"],"route_ids":["642"]}},{"type":"Feature","geometry":{"type":"Point","coordinates":[-97.74208,30.28338]},"properties":{"id":"498","name":"Guadalupe/W. 21st Street","routes":["1","105","20","3","30","481","642","980","982"],"route_ids":["1","105","20","3","30","481","642","980","982"]}},{"type":"Feature","geometry":{"type":"Point","coordinates":[-97.75459,30.35742]},"properties":{"id":"4983","name":"Hart/Far West","routes":["661"],"route_ids":["661"]}},{"type":"Feature","geometry":{"type":"Point","coordinates":[-97.78334,30.28895]},"properties":{"id":"4985","name":"Kermit/Lufkin","routes":["663"],"route_ids":["663"]}},{"type":"Feature","geometry":{"type":"Point","coordinates":[-97.77786,30.28454]},"properties":{"id":"4986","name":"Lake Austin/Jasper","routes":["18","663"],"route_ids":["18","663"]}},{"type":"Feature","geometry":{"type":"Point","coordinates":[-97.7422,30.32537]},"properties":{"id":"5002","name":"North Loop/Woodview","routes":["491"],"route_ids":["491"]}},{"type":"Feature","geometry":{"type":"Point","coordinates":[-97.74204,30.32559]},"properties":{"id":"5006","name":"North Loop/Burnet","routes":["491"],"route_ids":["491"]}},{"type":"Feature","geometry":{"type":"Point","coordinates":[-97.67134,30.28397]},"properties":{"id":"5007","name":"Tannehill/Webberville","routes":["18","5"],"route_ids":["18","5"]}},{"type":"Feature","geometry":{"type":"Point","coordinates":[-97.68454,30.31247]},"properties":{"id":"5008","name":"6200 North Hampton/Wheless","routes":["337"],"route_ids":["337"]}},{"type":"Feature","geometry":{"type":"Point","coordinates":[-97.74271,30.27896]},"properties":{"id":"501","name":"Guadalupe/16th Street","routes":["1","105","18","20","3","30","481","663","980","982","990"],"route_ids":["1","105","18","20","3","30","481","663","980","982","990"]}},{"type":"Feature","geometry":{"type":"Point","coordinates":[-97.69095,30.3841]},"properties":{"id":"5014","name":"1100 Braker/Plains","routes":["392"],"route_ids":["392"]}},{"type":"Feature","geometry":{"type":"Point","coordinates":[-97.66973,30.2766]},"properties":{"id":"5017","name":"Technicenter/Ed Bluestein","routes":["5"],"route_ids":["5"]}},{"type":"Feature","geometry":{"type":"Point","coordinates":[-97.73962,30.39414]},"properties":{"id":"5019","name":"Stonelake/Great Hills","routes":["3"],"route_ids":["3"]}},{"type":"Feature","geometry":{"type":"Point","coordinates":[-97.74397,30.25359]},"properties":{"id":"5023","name":"325 Riverside/Newning","routes":["20","483","7"],"route_ids":["20","483","7"]}},{"type":"Feature","geometry":{"type":"Point","coordinates":[-97.7388,30.28972]},"properties":{"id":"5024","name":"116 Dean Keeton/University","routes":["20","320","642"],"route_ids":["20","320","642"]}},{"type":"Feature","geometry":{"type":"Point","coordinates":[-97.71493,30.24621]},"properties":{"id":"5032","name":"516 Pleasant Valley/Lakeshore","routes":["300"],"route_ids":["300"]}},{"type":"Feature","geometry":{"type":"Point","coordinates":[-97.73537,30.28924]},"properties":{"id":"5038","name":"301 Dean Keeton/San Jacinto","routes":["656"],"route_ids":["656"]}},{"type":"Feature","geometry":{"type":"Point","coordinates":[-97.70616,30.23039]},"properties":{"id":"5043","name":"Grove/Fairway","routes":["310","311","350"],"route_ids":["310","311","350"]}},{"type":"Feature","geometry":{"type":"Point","coordinates":[-97.65909,30.2127]},"properties":{"id":"5045","name":"2474 SH 71/Presidential","routes":["271"],"route_ids":["271"]}},{"type":"Feature","geometry":{"type":"Point","coordinates":[-97.79493,30.21943]},"properties":{"id":"5048","name":"5214 Menchaca/Fair Oaks","routes":["3"],"route_ids":["3"]}},{"type":"Feature","geometry":{"type":"Point","coordinates":[-97.71064,30.33072]},"properties":{"id":"5049","name":"305 Huntland/Brenda","routes":["337"],"route_ids":["337"]}},{"type":"Feature","geometry":{"type":"Point","coordinates":[-97.70584,30.33323]},"properties":{"id":"5053","name":"7101 Roland Johnson/St Johns","routes":["337"],"route_ids":["337"]}},{"type":"Feature","geometry":{"type":"Point","coordinates":[-97.8582,30.22076]},"properties":{"id":"5055","name":"5402 Convict Hill/Beckett","routes":["333"],"route_ids":["333"]}},{"type":"Feature","geometry":{"type":"Point","coordinates":[-97.70674,30.33097]},"properties":{"id":"5057","name":"6971 Roland Johnson/Huntland","routes":["337"],"route_ids":["337"]}},{"type":"Feature","geometry":{"type":"Point","coordinates":[-97.71763,30.36864]},"properties":{"id":"5070","name":"Northgate/Research","routes":["481"],"route_ids":["481"]}},{"type":"Feature","geometry":{"type":"Point","coordinates":[-97.71305,30.35032]},"properties":{"id":"5071","name":"Research/Lamar","routes":["383","481"],"route_ids":["383","481"]}},{"type":"Feature","geometry":{"type":"Point","coordinates":[-97.71847,30.23835]},"properties":{"id":"5077","name":"Elmont/Wickersham","routes":["670"],"route_ids":["670"]}},{"type":"Feature","geometry":{"type":"Point","coordinates":[-97.71852,30.23571]},"properties":{"id":"5078","name":"1515 Wickersham/Riverside","routes":["670"],"route_ids":["670"]}},{"type":"Feature","geometry":{"type":"Point","coordinates":[-97.7201,30.23296]},"properties":{"id":"5079","name":"Wickersham/Riverside","routes":["670"],"route_ids":["670"]}},{"type":"Feature","geometry":{"type":"Point","coordinates":[-97.68045,30.34136]},"properties":{"id":"5081","name":"Cameron/Clear Creek","routes":["325"],"route_ids":["325"]}},{"type":"Feature","geometry":{"type":"Point","coordinates":[-97.68206,30.33893]},"properties":{"id":"5082","name":"Cameron/Park Center","routes":["325"],"route_ids":["325"]}},{"type":"Feature","geometry":{"type":"Point","coordinates":[-97.73857,30.27685]},"properties":{"id":"5092","name":"116 15th/Brazos","routes":["985"],"route_ids":["985"]}},{"type":"Feature","geometry":{"type":"Point","coordinates":[-97.66383,30.21248]},"properties":{"id":"5098","name":"New Airport/Spirit of Texas","routes":["20","483"],"route_ids":["20","483"]}},{"type":"Feature","geometry":{"type":"Point","coordinates":[-97.66384,30.21264]},"properties":{"id":"5099","name":"New Airport/Employee","routes":["20","483"],"route_ids":["20","483"]}},{"type":"Feature","geometry":{"type":"Point","coordinates":[-97.69545,30.26491]},"properties":{"id":"5100","name":"1120 Airport/Springdale","routes":["2","350","485"],"route_ids":["2","350","485"]}},{"type":"Feature","geometry":{"type":"Point","coordinates":[-97.70292,30.33216]},"properties":{"id":"5104","name":"St Johns/IH 35 (Midblock)","routes":["300","337"],"route_ids":["300","337"]}},{"type":"Feature","geometry":{"type":"Point","coordinates":[-97.72198,30.2626]},"properties":{"id":"5119","name":"7th/Chicon","routes":["4","485","493"],"route_ids":["4","485","493"]}},{"type":"Feature","geometry":{"type":"Point","coordinates":[-97.72565,30.26388]},"properties":{"id":"5120","name":"7th/Concho","routes":["4","485"],"route_ids":["4","485"]}},{"type":"Feature","geometry":{"type":"Point","coordinates":[-97.75821,30.17944]},"properties":{"id":"5121","name":"4415 Blue Meadow/Deep","routes":["333"],"route_ids":["333"]}},{"type":"Feature","geometry":{"type":"Point","coordinates":[-97.66934,30.37377]},"properties":{"id":"5123","name":"1111 Braker/Tom Adams","routes":["392"],"route_ids":["392"]}},{"type":"Feature","geometry":{"type":"Point","coordinates":[-97.70195,30.26583]},"properties":{"id":"5130","name":"3201 Govalle/Tillery","routes":["300"],"route_ids":["300"]}},{"type":"Feature","geometry":{"type":"Point","coordinates":[-97.71403,30.40409]},"properties":{"id":"5133","name":"Hobby Horse/Gracy Farms","routes":["466"],"route_ids":["466"]}},{"type":"Feature","geometry":{"type":"Point","coordinates":[-97.75476,30.17821]},"properties":{"id":"5136","name":"Meadow Lake/Blue Meadow","routes":["333"],"route_ids":["333"]}},{"type":"Feature","geometry":{"type":"Point","coordinates":[-97.75496,30.17819]},"properties":{"id":"5137","name":"Meadow Lake/Glade Line","routes":["333"],"route_ids":["333"]}},{"type":"Feature","geometry":{"type":"Point","coordinates":[-97.73152,30.19118]},"properties":{"id":"5147","name":"Stassney/Meadow Crest","routes":["311"],"route_ids":["311"]}},{"type":"Feature","geometry":{"type":"Point","coordinates":[-97.70657,30.26744]},"properties":{"id":"5150","name":"2749 Govalle/Webberville","routes":["300"],"route_ids":["300"]}},{"type":"Feature","geometry":{"type":"Point","coordinates":[-97.75578,30.17822]},"properties":{"id":"5159","name":"Blue Meadow/Granger","routes":["333"],"route_ids":["333"]}},{"type":"Feature","geometry":{"type":"Point","coordinates":[-97.74071,30.3344]},"properties":{"id":"5160","name":"Burnet/Allandale (HEB)","routes":["491"],"route_ids":["491"]}},{"type":"Feature","geometry":{"type":"Point","coordinates":[-97.74769,30.25539]},"properties":{"id":"517","name":"612 Congress/Riverside","routes":["1","486"],"route_ids":["1","486"]}},{"type":"Feature","geometry":{"type":"Point","coordinates":[-97.70503,30.19781]},"properties":{"id":"5170","name":"Burleson/Felter NW","routes":["228"],"route_ids":["228"]}},{"type":"Feature","geometry":{"type":"Point","coordinates":[-97.73262,30.28507]},"properties":{"id":"5175","name":"501 23rd/Trinity","routes":["670"],"route_ids":["670"]}},{"type":"Feature","geometry":{"type":"Point","coordinates":[-97.7318,30.285]},"properties":{"id":"5176","name":"601 23rd/Trinity","routes":["640","672"],"route_ids":["640","672"]}},{"type":"Feature","geometry":{"type":"Point","coordinates":[-97.7316,30.28498]},"properties":{"id":"5177","name":"701 23rd/Robert Dedman","routes":["640"],"route_ids":["640"]}},{"type":"Feature","geometry":{"type":"Point","coordinates":[-97.7409,30.28383]},"properties":{"id":"5178","name":"21st/Whitis","routes":["663"],"route_ids":["663"]}},{"type":"Feature","geometry":{"type":"Point","coordinates":[-97.69014,30.31817]},"properties":{"id":"5186","name":"6500 Berkman/Wheless","routes":["10"],"route_ids":["10"]}},{"type":"Feature","geometry":{"type":"Point","coordinates":[-97.70201,30.22735]},"properties":{"id":"5191","name":"Montopolis/Caddie","routes":["217","271","350"],"route_ids":["217","271","350"]}},{"type":"Feature","geometry":{"type":"Point","coordinates":[-97.69403,30.33884]},"properties":{"id":"5193","name":"Norwood Park/Brettonwoods","routes":["339"],"route_ids":["339"]}},{"type":"Feature","geometry":{"type":"Point","coordinates":[-97.72495,30.23575]},"properties":{"id":"5194","name":"Riverside Dr/Willow Creek","routes":["20"],"route_ids":["20"]}},{"type":"Feature","geometry":{"type":"Point","coordinates":[-97.73573,30.27114]},"properties":{"id":"5209","name":"509 11Th/Red River","routes":["2"],"route_ids":["2"]}},{"type":"Feature","geometry":{"type":"Point","coordinates":[-97.75226,30.24306]},"properties":{"id":"522","name":"2020 Congress/Crockett","routes":["1","486"],"route_ids":["1","486"]}},{"type":"Feature","geometry":{"type":"Point","coordinates":[-97.91234,30.5057]},"properties":{"id":"5220","name":"Evergreen/Pecan","routes":["214"],"route_ids":["214"]}},{"type":"Feature","geometry":{"type":"Point","coordinates":[-97.80225,30.4727]},"properties":{"id":"5222","name":"11100 Pecan Park/Lakeline Mall","routes":["214","383"],"route_ids":["214","383"]}},{"type":"Feature","geometry":{"type":"Point","coordinates":[-97.79445,30.47629]},"properties":{"id":"5223","name":"9700 North Lake Creek/Lakeline Mall","routes":["214"],"route_ids":["214"]}},{"type":"Feature","geometry":{"type":"Point","coordinates":[-97.71196,30.35002]},"properties":{"id":"5225","name":"North Lamar Bay 1","routes":["383"],"route_ids":["383"]}},{"type":"Feature","geometry":{"type":"Point","coordinates":[-97.7121,30.35017]},"properties":{"id":"5226","name":"North Lamar Bay 2","routes":["339","350"],"route_ids":["339","350"]}},{"type":"Feature","geometry":{"type":"Point","coordinates":[-97.71211,30.35007]},"properties":{"id":"5227","name":"North Lamar Bay 3","routes":["1","339"],"route_ids":["1","339"]}},{"type":"Feature","geometry":{"type":"Point","coordinates":[-97.78651,30.48042]},"properties":{"id":"5228","name":"Lakeline Station Bay I","routes":["214"],"route_ids":["214"]}},{"type":"Feature","geometry":{"type":"Point","coordinates":[-97.78667,30.48056]},"properties":{"id":"5229","name":"Lakeline Station Bay H","routes":["383"],"route_ids":["383"]}},{"type":"Feature","geometry":{"type":"Point","coordinates":[-97.78678,30.48072]},"properties":{"id":"5230","name":"Lakeline Station Bay G","routes":["985"],"route_ids":["985"]}},{"type":"Feature","geometry":{"type":"Point","coordinates":[-97.78697,30.4809]},"properties":{"id":"5231","name":"Lakeline Station Bay F","routes":["985"],"route_ids":["985"]}},{"type":"Feature","geometry":{"type":"Point","coordinates":[-97.78712,30.48109]},"properties":{"id":"5232","name":"Lakeline Station Bay E","routes":["454"],"route_ids":["454"]}},{"type":"Feature","geometry":{"type":"Point","coordinates":[-97.74881,30.40055]},"properties":{"id":"5237","name":"10727 Jollyville/Braker","routes":["982"],"route_ids":["982"]}},{"type":"Feature","geometry":{"type":"Point","coordinates":[-97.7529,30.24033]},"properties":{"id":"524","name":"2300 Congress/College","routes":["1","486"],"route_ids":["1","486"]}},{"type":"Feature","geometry":{"type":"Point","coordinates":[-97.75529,30.21899]},"properties":{"id":"5240","name":"700 Ben White (Walmart)","routes":["310"],"route_ids":["310"]}},{"type":"Feature","geometry":{"type":"Point","coordinates":[-97.74858,30.21557]},"properties":{"id":"5259","name":"Ben White/Governors Row","routes":["310"],"route_ids":["310"]}},{"type":"Feature","geometry":{"type":"Point","coordinates":[-97.75637,30.23569]},"properties":{"id":"526","name":"2622 Congress/Cumberland","routes":["1","486"],"route_ids":["1","486"]}},{"type":"Feature","geometry":{"type":"Point","coordinates":[-97.79135,30.16337]},"properties":{"id":"5263","name":"200 Turk/Cullen","routes":["10","201","3"],"route_ids":["10","201","3"]}},{"type":"Feature","geometry":{"type":"Point","coordinates":[-97.7785,30.26725]},"properties":{"id":"5264","name":"Mopac/Bee Caves","routes":["30"],"route_ids":["30"]}},{"type":"Feature","geometry":{"type":"Point","coordinates":[-97.75853,30.23259]},"properties":{"id":"527","name":"2918 Congress/La Vista","routes":["1","486"],"route_ids":["1","486"]}},{"type":"Feature","geometry":{"type":"Point","coordinates":[-97.67849,30.40559]},"properties":{"id":"5270","name":"Parmer Rapid  Station (NB)","routes":["1","801"],"route_ids":["1","801"]}},{"type":"Feature","geometry":{"type":"Point","coordinates":[-97.67859,30.40653]},"properties":{"id":"5271","name":"12416 Lamar/Parmer","routes":["1"],"route_ids":["1"]}},{"type":"Feature","geometry":{"type":"Point","coordinates":[-97.66868,30.41827]},"properties":{"id":"5273","name":"Tech Ridge Bay H","routes":["1"],"route_ids":["1"]}},{"type":"Feature","geometry":{"type":"Point","coordinates":[-97.66828,30.41844]},"properties":{"id":"5274","name":"Tech Ridge Bay B","routes":["135","935"],"route_ids":["135","935"]}},{"type":"Feature","geometry":{"type":"Point","coordinates":[-97.69261,30.44149]},"properties":{"id":"5277","name":"3000 Wells Branch/Tandem","routes":["243"],"route_ids":["243"]}},{"type":"Feature","geometry":{"type":"Point","coordinates":[-97.69244,30.44121]},"properties":{"id":"5278","name":"3001 Wells Branch/Summit","routes":["243"],"route_ids":["243"]}},{"type":"Feature","geometry":{"type":"Point","coordinates":[-97.668,30.41816]},"properties":{"id":"5279","name":"Tech Ridge Bay J","routes":["152"],"route_ids":["152"]}},{"type":"Feature","geometry":{"type":"Point","coordinates":[-97.67804,30.41012]},"properties":{"id":"5280","name":"Parmer Rapid Station (SB)","routes":["1","801"],"route_ids":["1","801"]}},{"type":"Feature","geometry":{"type":"Point","coordinates":[-97.66887,30.4183]},"properties":{"id":"5281","name":"Tech Ridge Bay G","routes":["392"],"route_ids":["392"]}},{"type":"Feature","geometry":{"type":"Point","coordinates":[-97.72057,30.30022]},"properties":{"id":"5283","name":"Hancock Center","routes":["322","345","492"],"route_ids":["322","345","492"]}},{"type":"Feature","geometry":{"type":"Point","coordinates":[-97.70643,30.31589]},"properties":{"id":"5284","name":"Capital Plaza","routes":["492"],"route_ids":["492"]}},{"type":"Feature","geometry":{"type":"Point","coordinates":[-97.69668,30.32437]},"properties":{"id":"5286","name":"Camino La Costa/Calidad","routes":["492"],"route_ids":["492"]}},{"type":"Feature","geometry":{"type":"Point","coordinates":[-97.68894,30.32791]},"properties":{"id":"5287","name":"1443 Coronado Hills/Cameron","routes":["492"],"route_ids":["492"]}},{"type":"Feature","geometry":{"type":"Point","coordinates":[-97.73484,30.19136]},"properties":{"id":"5289","name":"Stassney/Birch Creek","routes":["311"],"route_ids":["311"]}},{"type":"Feature","geometry":{"type":"Point","coordinates":[-97.76193,30.2269]},"properties":{"id":"529","name":"Congress/Pickle","routes":["1","486"],"route_ids":["1","486"]}},{"type":"Feature","geometry":{"type":"Point","coordinates":[-97.74496,30.40449]},"properties":{"id":"5290","name":"Research/Seton Center","routes":["383"],"route_ids":["383"]}},{"type":"Feature","geometry":{"type":"Point","coordinates":[-97.66911,30.41857]},"properties":{"id":"5301","name":"Tech Ridge Bay E","routes":["243"],"route_ids":["243"]}},{"type":"Feature","geometry":{"type":"Point","coordinates":[-97.66907,30.41832]},"properties":{"id":"5302","name":"Tech Ridge Bay F","routes":["325"],"route_ids":["325"]}},{"type":"Feature","geometry":{"type":"Point","coordinates":[-97.66824,30.4182]},"properties":{"id":"5304","name":"Tech Ridge Bay I","routes":["801"],"route_ids":["801"]}},{"type":"Feature","geometry":{"type":"Point","coordinates":[-97.69527,30.4401]},"properties":{"id":"5305","name":"3301 Wells Branch/Howard","routes":["243"],"route_ids":["243"]}},{"type":"Feature","geometry":{"type":"Point","coordinates":[-97.76541,30.22076]},"properties":{"id":"531","name":"4210 Congress/Radam","routes":["1","486"],"route_ids":["1","486"]}},{"type":"Feature","geometry":{"type":"Point","coordinates":[-97.78412,30.17624]},"properties":{"id":"5310","name":"8201 Congress/Foremost","routes":["201"],"route_ids":["201"]}},{"type":"Feature","geometry":{"type":"Point","coordinates":[-97.78472,30.17526]},"properties":{"id":"5311","name":"8200 Congress/Foremost","routes":["201"],"route_ids":["201"]}},{"type":"Feature","geometry":{"type":"Point","coordinates":[-97.77957,30.19084]},"properties":{"id":"5313","name":"6811 Congress/Clearday","routes":["201"],"route_ids":["201"]}},{"type":"Feature","geometry":{"type":"Point","coordinates":[-97.7811,30.186]},"properties":{"id":"5314","name":"7309 Congress/Dittmar","routes":["201"],"route_ids":["201"]}},{"type":"Feature","geometry":{"type":"Point","coordinates":[-97.78131,30.18579]},"properties":{"id":"5315","name":"7310 Congress/Dittmar","routes":["201"],"route_ids":["201"]}},{"type":"Feature","geometry":{"type":"Point","coordinates":[-97.71779,30.29583]},"properties":{"id":"5316","name":"Fiesta (3909 S IH35/38th Half)","routes":["492"],"route_ids":["492"]}},{"type":"Feature","geometry":{"type":"Point","coordinates":[-97.68831,30.33409]},"properties":{"id":"5317","name":"Anderson/Cameron","routes":["492"],"route_ids":["492"]}},{"type":"Feature","geometry":{"type":"Point","coordinates":[-97.67626,30.41672]},"properties":{"id":"5319","name":"Lamar/Howard","routes":["1"],"route_ids":["1"]}},{"type":"Feature","geometry":{"type":"Point","coordinates":[-97.6612,30.38739]},"properties":{"id":"5320","name":"Thompkins/Trotwood","routes":["392"],"route_ids":["392"]}},{"type":"Feature","geometry":{"type":"Point","coordinates":[-97.66271,30.38341]},"properties":{"id":"5321","name":"Thompkins/Larkins","routes":["392"],"route_ids":["392"]}},{"type":"Feature","geometry":{"type":"Point","coordinates":[-97.65994,30.37836]},"properties":{"id":"5323","name":"11816 Shropshire/Rotherham","routes":["392"],"route_ids":["392"]}},{"type":"Feature","geometry":{"type":"Point","coordinates":[-97.66846,30.37371]},"properties":{"id":"5324","name":"1120 Braker/January","routes":["392"],"route_ids":["392"]}},{"type":"Feature","geometry":{"type":"Point","coordinates":[-97.67318,30.37589]},"properties":{"id":"5325","name":"Braker/Wedgewood","routes":["392"],"route_ids":["392"]}},{"type":"Feature","geometry":{"type":"Point","coordinates":[-97.65874,30.40078]},"properties":{"id":"5328","name":"12600 Tech Ridge/Parmer","routes":["392"],"route_ids":["392"]}},{"type":"Feature","geometry":{"type":"Point","coordinates":[-97.66328,30.39894]},"properties":{"id":"5329","name":"12500 Tech Ridge/Canyon Ridge","routes":["392"],"route_ids":["392"]}},{"type":"Feature","geometry":{"type":"Point","coordinates":[-97.66287,30.39859]},"properties":{"id":"5330","name":"12501 Tech Ridge/Canyon Ridge","routes":["392"],"route_ids":["392"]}},{"type":"Feature","geometry":{"type":"Point","coordinates":[-97.65916,30.39978]},"properties":{"id":"5331","name":"12601 Tech Ridge/Parmer","routes":["392"],"route_ids":["392"]}},{"type":"Feature","geometry":{"type":"Point","coordinates":[-97.66369,30.41185]},"properties":{"id":"5332","name":"13201 McCallen/Parmer","routes":["1","392"],"route_ids":["1","392"]}},{"type":"Feature","geometry":{"type":"Point","coordinates":[-97.66904,30.39815]},"properties":{"id":"5335","name":"Canyon Ridge/Tech Ridge","routes":["392"],"route_ids":["392"]}},{"type":"Feature","geometry":{"type":"Point","coordinates":[-97.66872,30.39873]},"properties":{"id":"5336","name":"Canyon Ridge/Yager","routes":["392"],"route_ids":["392"]}},{"type":"Feature","geometry":{"type":"Point","coordinates":[-97.6956,30.44023]},"properties":{"id":"5339","name":"3300 Wells Branch/Howard","routes":["243"],"route_ids":["243"]}},{"type":"Feature","geometry":{"type":"Point","coordinates":[-97.67814,30.43459]},"properties":{"id":"5342","name":"1831 Wells Branch/Thermal","routes":["243"],"route_ids":["243"]}},{"type":"Feature","geometry":{"type":"Point","coordinates":[-97.66827,30.42281]},"properties":{"id":"5345","name":"1101 Howard/Center Line","routes":["325"],"route_ids":["325"]}},{"type":"Feature","geometry":{"type":"Point","coordinates":[-97.67955,30.39879]},"properties":{"id":"5346","name":"Lamar/Walnut Creek Park","routes":["1"],"route_ids":["1"]}},{"type":"Feature","geometry":{"type":"Point","coordinates":[-97.68143,30.39325]},"properties":{"id":"5347","name":"12100 Lamar/Oakbrook","routes":["1"],"route_ids":["1"]}},{"type":"Feature","geometry":{"type":"Point","coordinates":[-97.68101,30.39363]},"properties":{"id":"5348","name":"12001 Lamar/Oakbrook","routes":["1"],"route_ids":["1"]}},{"type":"Feature","geometry":{"type":"Point","coordinates":[-97.74159,30.3044]},"properties":{"id":"5349","name":"West 38th Station (SB)","routes":["3","30","335","803"],"route_ids":["3","30","335","803"]}},{"type":"Feature","geometry":{"type":"Point","coordinates":[-97.73901,30.3034]},"properties":{"id":"5350","name":"38th/Guadalupe","routes":["3","30","335"],"route_ids":["3","30","335"]}},{"type":"Feature","geometry":{"type":"Point","coordinates":[-97.74178,30.3047]},"properties":{"id":"5351","name":"West 38th Station (NB)","routes":["3","30","335","803"],"route_ids":["3","30","335","803"]}},{"type":"Feature","geometry":{"type":"Point","coordinates":[-97.73946,30.3034]},"properties":{"id":"5352","name":"38th/Ronson","routes":["3","30","335"],"route_ids":["3","30","335"]}},{"type":"Feature","geometry":{"type":"Point","coordinates":[-97.74158,30.29308]},"properties":{"id":"5353","name":"Guadalupe/27th","routes":["1","3","30","481"],"route_ids":["1","3","30","481"]}},{"type":"Feature","geometry":{"type":"Point","coordinates":[-97.75815,30.23276]},"properties":{"id":"5354","name":"2911 Congress/La Vista","routes":["1","486"],"route_ids":["1","486"]}},{"type":"Feature","geometry":{"type":"Point","coordinates":[-97.70487,30.39788]},"properties":{"id":"5356","name":"Metric/Gracy Farms","routes":["142","325"],"route_ids":["142","325"]}},{"type":"Feature","geometry":{"type":"Point","coordinates":[-97.74126,30.29805]},"properties":{"id":"5357","name":"31st Street Station (SB)","routes":["1","3","30","481","801","803"],"route_ids":["1","3","30","481","801","803"]}},{"type":"Feature","geometry":{"type":"Point","coordinates":[-97.77397,30.20709]},"properties":{"id":"5363","name":"5310 Congress/Mockingbird","routes":["1","486"],"route_ids":["1","486"]}},{"type":"Feature","geometry":{"type":"Point","coordinates":[-97.72598,30.39147]},"properties":{"id":"5369","name":"SE Corner Road A/Road B","routes":["466"],"route_ids":["466"]}},{"type":"Feature","geometry":{"type":"Point","coordinates":[-97.714,30.31661]},"properties":{"id":"5372","name":"Airport/55Th","routes":["350"],"route_ids":["350"]}},{"type":"Feature","geometry":{"type":"Point","coordinates":[-97.74283,30.29166]},"properties":{"id":"5373","name":"Nueces/27th","routes":["642"],"route_ids":["642"]}},{"type":"Feature","geometry":{"type":"Point","coordinates":[-97.66718,30.42265]},"properties":{"id":"5374","name":"1000 Howard/Center Line","routes":["1","325"],"route_ids":["1","325"]}},{"type":"Feature","geometry":{"type":"Point","coordinates":[-97.76759,30.18995]},"properties":{"id":"5377","name":"6502 Bluff Springs/William Cannon","routes":["201","7"],"route_ids":["201","7"]}},{"type":"Feature","geometry":{"type":"Point","coordinates":[-97.73343,30.28603]},"properties":{"id":"5379","name":"San Jacinto/23rd (Midblock)","routes":["642"],"route_ids":["642"]}},{"type":"Feature","geometry":{"type":"Point","coordinates":[-97.79567,30.16897]},"properties":{"id":"5380","name":"404 Slaughter/Francia","routes":["10","201","3","318"],"route_ids":["10","201","3","318"]}},{"type":"Feature","geometry":{"type":"Point","coordinates":[-97.74836,30.18033]},"properties":{"id":"5383","name":"5100 William Cannon/Pleasant Valley","routes":["333","7"],"route_ids":["333","7"]}},{"type":"Feature","geometry":{"type":"Point","coordinates":[-97.85547,30.58661]},"properties":{"id":"5386","name":"Leander Station Bay C","routes":["454"],"route_ids":["454"]}},{"type":"Feature","geometry":{"type":"Point","coordinates":[-97.8553,30.58641]},"properties":{"id":"5387","name":"Leander Station Bay D","routes":["985"],"route_ids":["985"]}},{"type":"Feature","geometry":{"type":"Point","coordinates":[-97.70819,30.27221]},"properties":{"id":"5392","name":"2421 Rosewood/Bedford","routes":["2"],"route_ids":["2"]}},{"type":"Feature","geometry":{"type":"Point","coordinates":[-97.72697,30.32632]},"properties":{"id":"5393","name":"815 Koenig/Lamar","routes":["337"],"route_ids":["337"]}},{"type":"Feature","geometry":{"type":"Point","coordinates":[-97.72018,30.30517]},"properties":{"id":"5394","name":"810 45th/Red River","routes":["345"],"route_ids":["345"]}},{"type":"Feature","geometry":{"type":"Point","coordinates":[-97.76104,30.25655]},"properties":{"id":"5396","name":"907 Lamar/Treadwell","routes":["3","484"],"route_ids":["3","484"]}},{"type":"Feature","geometry":{"type":"Point","coordinates":[-97.74799,30.17989]},"properties":{"id":"5398","name":"5201 William Cannon/Pleasant Valley","routes":["333","486"],"route_ids":["333","486"]}},{"type":"Feature","geometry":{"type":"Point","coordinates":[-97.73776,30.30358]},"properties":{"id":"5405","name":"Hyde Park Station (SB)","routes":["1","481","801","990"],"route_ids":["1","481","801","990"]}},{"type":"Feature","geometry":{"type":"Point","coordinates":[-97.69499,30.35848]},"properties":{"id":"5406","name":"9100 Georgian/Fawnridge","routes":["324"],"route_ids":["324"]}},{"type":"Feature","geometry":{"type":"Point","coordinates":[-97.75404,30.30835]},"properties":{"id":"5408","name":"35th/Oakmont","routes":["335"],"route_ids":["335"]}},{"type":"Feature","geometry":{"type":"Point","coordinates":[-97.80267,30.47297]},"properties":{"id":"5411","name":"11125 Pecan Park/Lakeline Mall","routes":["383"],"route_ids":["383"]}},{"type":"Feature","geometry":{"type":"Point","coordinates":[-97.79738,30.48014]},"properties":{"id":"5413","name":"Lakeline/North Lake Creek","routes":["383"],"route_ids":["383"]}},{"type":"Feature","geometry":{"type":"Point","coordinates":[-97.71493,30.31468]},"properties":{"id":"5415","name":"Airport/53Rd","routes":["350"],"route_ids":["350"]}},{"type":"Feature","geometry":{"type":"Point","coordinates":[-97.80447,30.17417]},"properties":{"id":"5416","name":"Slaughter/Simonetti","routes":["3","318"],"route_ids":["3","318"]}},{"type":"Feature","geometry":{"type":"Point","coordinates":[-97.75405,30.3424]},"properties":{"id":"5421","name":"Balcones/Hart","routes":["30"],"route_ids":["30"]}},{"type":"Feature","geometry":{"type":"Point","coordinates":[-97.75354,30.27219]},"properties":{"id":"5424","name":"601 Lamar/6th","routes":["5"],"route_ids":["5"]}},{"type":"Feature","geometry":{"type":"Point","coordinates":[-97.73447,30.25607]},"properties":{"id":"5427","name":"58 Waller/Holly","routes":["322"],"route_ids":["322"]}},{"type":"Feature","geometry":{"type":"Point","coordinates":[-97.80125,30.47238]},"properties":{"id":"5428","name":"11020 Lakeline Mall/Pecan Park","routes":["214","383"],"route_ids":["214","383"]}},{"type":"Feature","geometry":{"type":"Point","coordinates":[-97.76923,30.21475]},"properties":{"id":"543","name":"4722 Congress/Sheraton","routes":["1","486"],"route_ids":["1","486"]}},{"type":"Feature","geometry":{"type":"Point","coordinates":[-97.75164,30.42593]},"properties":{"id":"5432","name":"Research/Riata Trace","routes":["383"],"route_ids":["383"]}},{"type":"Feature","geometry":{"type":"Point","coordinates":[-97.68964,30.21668]},"properties":{"id":"5434","name":"Riverside/Metro Center","routes":["271"],"route_ids":["271"]}},{"type":"Feature","geometry":{"type":"Point","coordinates":[-97.70701,30.2891]},"properties":{"id":"5436","name":"Airport/38th","routes":["350"],"route_ids":["350"]}},{"type":"Feature","geometry":{"type":"Point","coordinates":[-97.73518,30.28922]},"properties":{"id":"5438","name":"305 Dean Keeton/San Jacinto","routes":["640"],"route_ids":["640"]}},{"type":"Feature","geometry":{"type":"Point","coordinates":[-97.69136,30.41228]},"properties":{"id":"5442","name":"12430 Metric/Parmer","routes":["325"],"route_ids":["325"]}},{"type":"Feature","geometry":{"type":"Point","coordinates":[-97.69793,30.36176]},"properties":{"id":"5445","name":"9302 Lamar/Rundberg","routes":["1","481"],"route_ids":["1","481"]}},{"type":"Feature","geometry":{"type":"Point","coordinates":[-97.69006,30.34045]},"properties":{"id":"5446","name":"1113 Rutherford/Furness","routes":["10","325","339","485"],"route_ids":["10","325","339","485"]}},{"type":"Feature","geometry":{"type":"Point","coordinates":[-97.68994,30.34058]},"properties":{"id":"5447","name":"1112 Rutherford/Furness","routes":["10","325","339","485"],"route_ids":["10","325","339","485"]}},{"type":"Feature","geometry":{"type":"Point","coordinates":[-97.80455,30.23228]},"properties":{"id":"5449","name":"Lamar/West Gate","routes":["315"],"route_ids":["315"]}},{"type":"Feature","geometry":{"type":"Point","coordinates":[-97.77311,30.20868]},"properties":{"id":"545","name":"5300 Congress/Ramble","routes":["1","486"],"route_ids":["1","486"]}},{"type":"Feature","geometry":{"type":"Point","coordinates":[-97.73433,30.39641]},"properties":{"id":"5452","name":"Braker/Mopac SW Corner","routes":["3"],"route_ids":["3"]}},{"type":"Feature","geometry":{"type":"Point","coordinates":[-97.70777,30.30823]},"properties":{"id":"5455","name":"51st/Lancaster","routes":["300","485"],"route_ids":["300","485"]}},{"type":"Feature","geometry":{"type":"Point","coordinates":[-97.74297,30.22001]},"properties":{"id":"5456","name":"Mabel Davis Park","routes":["310","7"],"route_ids":["310","7"]}},{"type":"Feature","geometry":{"type":"Point","coordinates":[-97.77506,30.20455]},"properties":{"id":"546","name":"Stassney SB Rapid","routes":["1","801"],"route_ids":["1","801"]}},{"type":"Feature","geometry":{"type":"Point","coordinates":[-97.68017,30.27834]},"properties":{"id":"5461","name":"1404 Fort Branch/Delano","routes":["5"],"route_ids":["5"]}},{"type":"Feature","geometry":{"type":"Point","coordinates":[-97.70225,30.27294]},"properties":{"id":"5464","name":"2810 Oak Springs/Webberville","routes":["2"],"route_ids":["2"]}},{"type":"Feature","geometry":{"type":"Point","coordinates":[-97.69679,30.26403]},"properties":{"id":"5465","name":"Govalle/Springdale","routes":["300"],"route_ids":["300"]}},{"type":"Feature","geometry":{"type":"Point","coordinates":[-97.69529,30.23746]},"properties":{"id":"5466","name":"703 Montopolis/Ponca","routes":["350"],"route_ids":["350"]}},{"type":"Feature","geometry":{"type":"Point","coordinates":[-97.68524,30.21704]},"properties":{"id":"5470","name":"Riverside/Palma Verde","routes":["271"],"route_ids":["271"]}},{"type":"Feature","geometry":{"type":"Point","coordinates":[-97.81501,30.18824]},"properties":{"id":"5472","name":"8400 Menchaca/Keepsake","routes":["3"],"route_ids":["3"]}},{"type":"Feature","geometry":{"type":"Point","coordinates":[-97.82904,30.19658]},"properties":{"id":"5473","name":"8204 West Gate/Linnet","routes":["318"],"route_ids":["318"]}},{"type":"Feature","geometry":{"type":"Point","coordinates":[-97.82689,30.19868]},"properties":{"id":"5476","name":"8007 West Gate/Ranch","routes":["318"],"route_ids":["318"]}},{"type":"Feature","geometry":{"type":"Point","coordinates":[-97.81873,30.2018]},"properties":{"id":"5478","name":"7408 West Gate/Grennock","routes":["103","318"],"route_ids":["103","318"]}},{"type":"Feature","geometry":{"type":"Point","coordinates":[-97.78377,30.23684]},"properties":{"id":"5479","name":"3701 Menchaca/Valley View","routes":["3"],"route_ids":["3"]}},{"type":"Feature","geometry":{"type":"Point","coordinates":[-97.7766,30.19904]},"properties":{"id":"548","name":"6220 Congress/North Bluff","routes":["1","486"],"route_ids":["1","486"]}},{"type":"Feature","geometry":{"type":"Point","coordinates":[-97.70572,30.30148]},"properties":{"id":"5483","name":"4826 Mueller/Philomena","routes":["10"],"route_ids":["10"]}},{"type":"Feature","geometry":{"type":"Point","coordinates":[-97.78428,30.20906]},"properties":{"id":"5487","name":"727 Stassney/Nancy","routes":["311"],"route_ids":["311"]}},{"type":"Feature","geometry":{"type":"Point","coordinates":[-97.77092,30.21212]},"properties":{"id":"5489","name":"4917 Congress/Ramble","routes":["1","486"],"route_ids":["1","486"]}},{"type":"Feature","geometry":{"type":"Point","coordinates":[-97.84995,30.21749]},"properties":{"id":"5491","name":"4800 Convict Hill/Brush Country","routes":["111","333"],"route_ids":["111","333"]}},{"type":"Feature","geometry":{"type":"Point","coordinates":[-97.71822,30.28036]},"properties":{"id":"5492","name":"2200 Martin Luther King/Coleto","routes":["18","672"],"route_ids":["18","672"]}},{"type":"Feature","geometry":{"type":"Point","coordinates":[-97.71378,30.31656]},"properties":{"id":"5493","name":"5401 Airport/53rd Half","routes":["350"],"route_ids":["350"]}},{"type":"Feature","geometry":{"type":"Point","coordinates":[-97.71852,30.31626]},"properties":{"id":"5494","name":"5214 Duval/53rd","routes":["7"],"route_ids":["7"]}},{"type":"Feature","geometry":{"type":"Point","coordinates":[-97.73119,30.27]},"properties":{"id":"5496","name":"904 11th/Branch","routes":["2"],"route_ids":["2"]}},{"type":"Feature","geometry":{"type":"Point","coordinates":[-97.7521,30.26545]},"properties":{"id":"5498","name":"Seaholm Station (NB)","routes":["111","171","3","803"],"route_ids":["111","171","3","803"]}},{"type":"Feature","geometry":{"type":"Point","coordinates":[-97.75049,30.27032]},"properties":{"id":"5499","name":"714 6th/West","routes":["103","4","484","5"],"route_ids":["103","4","484","5"]}},{"type":"Feature","geometry":{"type":"Point","coordinates":[-97.77784,30.19266]},"properties":{"id":"550","name":"115 William Cannon/Circle S","routes":["1","201","333","486"],"route_ids":["1","201","333","486"]}},{"type":"Feature","geometry":{"type":"Point","coordinates":[-97.69563,30.32892]},"properties":{"id":"5505","name":"1120 St Johns/Blessing","routes":["300"],"route_ids":["300"]}},{"type":"Feature","geometry":{"type":"Point","coordinates":[-97.71972,30.35075]},"properties":{"id":"5508","name":"1309 Anderson/Lazy","routes":["339"],"route_ids":["339"]}},{"type":"Feature","geometry":{"type":"Point","coordinates":[-97.7179,30.33607]},"properties":{"id":"5509","name":"6903 Airport/Kenniston","routes":["350","7"],"route_ids":["350","7"]}},{"type":"Feature","geometry":{"type":"Point","coordinates":[-97.77604,30.19208]},"properties":{"id":"551","name":"409 William Cannon/Circle S","routes":["1","201","333","486"],"route_ids":["1","201","333","486"]}},{"type":"Feature","geometry":{"type":"Point","coordinates":[-97.71686,30.33354]},"properties":{"id":"5510","name":"Airport/Guadalupe","routes":["324","350","7"],"route_ids":["324","350","7"]}},{"type":"Feature","geometry":{"type":"Point","coordinates":[-97.78922,30.46403]},"properties":{"id":"5514","name":"10112 Lake Creek/Pecan Park","routes":["383"],"route_ids":["383"]}},{"type":"Feature","geometry":{"type":"Point","coordinates":[-97.79301,30.44793]},"properties":{"id":"5515","name":"9701 Anderson Mill/US 183","routes":["383"],"route_ids":["383"]}},{"type":"Feature","geometry":{"type":"Point","coordinates":[-97.69398,30.36816]},"properties":{"id":"5517","name":"9813 Lamar/Longspur","routes":["1"],"route_ids":["1"]}},{"type":"Feature","geometry":{"type":"Point","coordinates":[-97.68267,30.38962]},"properties":{"id":"5518","name":"11900 Lamar/Little Oak","routes":["1"],"route_ids":["1"]}},{"type":"Feature","geometry":{"type":"Point","coordinates":[-97.71084,30.37588]},"properties":{"id":"5519","name":"Rutland/Ledgewood","routes":["142"],"route_ids":["142"]}},{"type":"Feature","geometry":{"type":"Point","coordinates":[-97.77353,30.19139]},"properties":{"id":"552","name":"601 William Cannon/Circle S","routes":["333","486"],"route_ids":["333","486"]}},{"type":"Feature","geometry":{"type":"Point","coordinates":[-97.68311,30.42133]},"properties":{"id":"5520","name":"13207 Metric/Staton","routes":["325"],"route_ids":["325"]}},{"type":"Feature","geometry":{"type":"Point","coordinates":[-97.67686,30.42627]},"properties":{"id":"5521","name":"13621 Metric/Howard","routes":["325"],"route_ids":["325"]}},{"type":"Feature","geometry":{"type":"Point","coordinates":[-97.67716,30.42633]},"properties":{"id":"5522","name":"13620 Metric/Howard","routes":["325"],"route_ids":["325"]}},{"type":"Feature","geometry":{"type":"Point","coordinates":[-97.73959,30.28955]},"properties":{"id":"5528","name":"203 Dean Keeton/Whitis","routes":["661"],"route_ids":["661"]}},{"type":"Feature","geometry":{"type":"Point","coordinates":[-97.76533,30.19274]},"properties":{"id":"553","name":"Nelms/Bluff Springs","routes":["1","201","7"],"route_ids":["1","201","7"]}},{"type":"Feature","geometry":{"type":"Point","coordinates":[-97.66398,30.41184]},"properties":{"id":"5530","name":"13200 McCallen/Center Ridge","routes":["392"],"route_ids":["392"]}},{"type":"Feature","geometry":{"type":"Point","coordinates":[-97.73845,30.26484]},"properties":{"id":"5534","name":"Downtown Station","routes":["550"],"route_ids":["550"]}},{"type":"Feature","geometry":{"type":"Point","coordinates":[-97.72758,30.26224]},"properties":{"id":"5535","name":"Plaza Saltillo Station","routes":["550"],"route_ids":["550"]}},{"type":"Feature","geometry":{"type":"Point","coordinates":[-97.70903,30.27982]},"properties":{"id":"5536","name":"M L King Jr Station","routes":["550"],"route_ids":["550"]}},{"type":"Feature","geometry":{"type":"Point","coordinates":[-97.7162,30.3286]},"properties":{"id":"5537","name":"Highland Station","routes":["550"],"route_ids":["550"]}},{"type":"Feature","geometry":{"type":"Point","coordinates":[-97.71969,30.33856]},"properties":{"id":"5538","name":"Crestview Station","routes":["550"],"route_ids":["550"]}},{"type":"Feature","geometry":{"type":"Point","coordinates":[-97.7164,30.39279]},"properties":{"id":"5539","name":"Kramer Station","routes":["550"],"route_ids":["550"]}},{"type":"Feature","geometry":{"type":"Point","coordinates":[-97.76788,30.18943]},"properties":{"id":"554","name":"Bluff Springs/William Cannon","routes":["1"],"route_ids":["1"]}},{"type":"Feature","geometry":{"type":"Point","coordinates":[-97.70173,30.43999]},"properties":{"id":"5540","name":"Howard Station","routes":["550"],"route_ids":["550"]}},{"type":"Feature","geometry":{"type":"Point","coordinates":[-97.78654,30.48103]},"properties":{"id":"5541","name":"Lakeline Station","routes":["550"],"route_ids":["550"]}},{"type":"Feature","geometry":{"type":"Point","coordinates":[-97.85573,30.5864]},"properties":{"id":"5542","name":"Leander Station","routes":["550"],"route_ids":["550"]}},{"type":"Feature","geometry":{"type":"Point","coordinates":[-97.73669,30.29121]},"properties":{"id":"5543","name":"2630 Speedway/27th","routes":["20","656"],"route_ids":["20","656"]}},{"type":"Feature","geometry":{"type":"Point","coordinates":[-97.76693,30.22292]},"properties":{"id":"5544","name":"South Congress Bay B","routes":["310"],"route_ids":["310"]}},{"type":"Feature","geometry":{"type":"Point","coordinates":[-97.76685,30.22308]},"properties":{"id":"5545","name":"South Congress Bay C","routes":["1"],"route_ids":["1"]}},{"type":"Feature","geometry":{"type":"Point","coordinates":[-97.76664,30.22344]},"properties":{"id":"5547","name":"South Congress Bay E","routes":["1"],"route_ids":["1"]}},{"type":"Feature","geometry":{"type":"Point","coordinates":[-97.77414,30.19177]},"properties":{"id":"555","name":"412 William Cannon/North Bluff","routes":["1","201","333"],"route_ids":["1","201","333"]}},{"type":"Feature","geometry":{"type":"Point","coordinates":[-97.76614,30.22321]},"properties":{"id":"5551","name":"South Congress Bay I","routes":["315"],"route_ids":["315"]}},{"type":"Feature","geometry":{"type":"Point","coordinates":[-97.76628,30.22294]},"properties":{"id":"5552","name":"South Congress Station Bay J","routes":["801"],"route_ids":["801"]}},{"type":"Feature","geometry":{"type":"Point","coordinates":[-97.76646,30.22272]},"properties":{"id":"5553","name":"South Congress Station Bay K","routes":["801"],"route_ids":["801"]}},{"type":"Feature","geometry":{"type":"Point","coordinates":[-97.72906,30.24266]},"properties":{"id":"5554","name":"1805 Riverside/Parker","routes":["20","483","7"],"route_ids":["20","483","7"]}},{"type":"Feature","geometry":{"type":"Point","coordinates":[-97.69081,30.37431]},"properties":{"id":"5555","name":"10503 Lamar/Meadows","routes":["1"],"route_ids":["1"]}},{"type":"Feature","geometry":{"type":"Point","coordinates":[-97.65091,30.30163]},"properties":{"id":"5558","name":"Loyola/Johnny Morris NW Corner","routes":["337"],"route_ids":["337"]}},{"type":"Feature","geometry":{"type":"Point","coordinates":[-97.77796,30.19297]},"properties":{"id":"556","name":"110 William Cannon/Circle S","routes":["1","333"],"route_ids":["1","333"]}},{"type":"Feature","geometry":{"type":"Point","coordinates":[-97.74598,30.27865]},"properties":{"id":"5564","name":"605 15th/Rio Grande","routes":["18"],"route_ids":["18"]}},{"type":"Feature","geometry":{"type":"Point","coordinates":[-97.70066,30.27759]},"properties":{"id":"5567","name":"1215 Airport/12th","routes":["135","350","485"],"route_ids":["135","350","485"]}},{"type":"Feature","geometry":{"type":"Point","coordinates":[-97.6989,30.27541]},"properties":{"id":"5568","name":"1181 Airport/Oak Springs","routes":["350"],"route_ids":["350"]}},{"type":"Feature","geometry":{"type":"Point","coordinates":[-97.72549,30.29332]},"properties":{"id":"5569","name":"3400 Red River/Harris","routes":["10"],"route_ids":["10"]}},{"type":"Feature","geometry":{"type":"Point","coordinates":[-97.69679,30.28377]},"properties":{"id":"5571","name":"3520 Martin Luther King/EM Franklin","routes":["18"],"route_ids":["18"]}},{"type":"Feature","geometry":{"type":"Point","coordinates":[-97.72318,30.36117]},"properties":{"id":"5575","name":"1820 Ohlen/Renton","routes":["324"],"route_ids":["324"]}},{"type":"Feature","geometry":{"type":"Point","coordinates":[-97.72083,30.4136]},"properties":{"id":"5577","name":"12016 Amherst/Eton","routes":["142"],"route_ids":["142"]}},{"type":"Feature","geometry":{"type":"Point","coordinates":[-97.77691,30.19739]},"properties":{"id":"558","name":"6319 Congress/Circle S","routes":["1"],"route_ids":["1"]}},{"type":"Feature","geometry":{"type":"Point","coordinates":[-97.71579,30.39297]},"properties":{"id":"5580","name":"2415 Kramer/Brockton","routes":["392","466"],"route_ids":["392","466"]}},{"type":"Feature","geometry":{"type":"Point","coordinates":[-97.64127,30.29886]},"properties":{"id":"5581","name":"Colony Loop/Shannon","routes":["233"],"route_ids":["233"]}},{"type":"Feature","geometry":{"type":"Point","coordinates":[-97.63917,30.3055]},"properties":{"id":"5583","name":"7309 Ritchie/Colony Park","routes":["233"],"route_ids":["233"]}},{"type":"Feature","geometry":{"type":"Point","coordinates":[-97.85363,30.23493]},"properties":{"id":"5585","name":"6063 US 290/Old Fredericksburg","routes":["171","315"],"route_ids":["171","315"]}},{"type":"Feature","geometry":{"type":"Point","coordinates":[-97.70922,30.28016]},"properties":{"id":"5588","name":"MLK Station Stop 1","routes":["465"],"route_ids":["465"]}},{"type":"Feature","geometry":{"type":"Point","coordinates":[-97.77551,30.20215]},"properties":{"id":"559","name":"Little Texas Station (NB)","routes":["1","801"],"route_ids":["1","801"]}},{"type":"Feature","geometry":{"type":"Point","coordinates":[-97.68872,30.21579]},"properties":{"id":"5592","name":"7900 Riverside/Hoeke","routes":["271"],"route_ids":["271"]}},{"type":"Feature","geometry":{"type":"Point","coordinates":[-97.68783,30.21912]},"properties":{"id":"5593","name":"Palma Verde/Ben White","routes":["271"],"route_ids":["271"]}},{"type":"Feature","geometry":{"type":"Point","coordinates":[-97.83831,30.20386]},"properties":{"id":"5594","name":"3508 Eskew/Leafield","routes":["333"],"route_ids":["333"]}},{"type":"Feature","geometry":{"type":"Point","coordinates":[-97.77373,30.20711]},"properties":{"id":"560","name":"5405 Congress/Mockingbird","routes":["1","486"],"route_ids":["1","486"]}},{"type":"Feature","geometry":{"type":"Point","coordinates":[-97.71569,30.32913]},"properties":{"id":"5602","name":"6413 Airport Blvd (Highland Mall)","routes":["350","7"],"route_ids":["350","7"]}},{"type":"Feature","geometry":{"type":"Point","coordinates":[-97.71608,30.32834]},"properties":{"id":"5603","name":"6402 Airport Blvd (Highland Mall)","routes":["337","350","7"],"route_ids":["337","350","7"]}},{"type":"Feature","geometry":{"type":"Point","coordinates":[-97.71955,30.33872]},"properties":{"id":"5604","name":"Crestview Station Bus Stop","routes":["300","7"],"route_ids":["300","7"]}},{"type":"Feature","geometry":{"type":"Point","coordinates":[-97.71745,30.33911]},"properties":{"id":"5605","name":"717 St Johns/Lamar","routes":["300"],"route_ids":["300"]}},{"type":"Feature","geometry":{"type":"Point","coordinates":[-97.71907,30.33782]},"properties":{"id":"5606","name":"Crestview Station (SB)","routes":["1","481","801"],"route_ids":["1","481","801"]}},{"type":"Feature","geometry":{"type":"Point","coordinates":[-97.70124,30.43997]},"properties":{"id":"5607","name":"Howard Station Bus Stop","routes":["243","454"],"route_ids":["243","454"]}},{"type":"Feature","geometry":{"type":"Point","coordinates":[-97.77814,30.22979]},"properties":{"id":"5608","name":"4005 Banister/Summer Oaks","routes":["105"],"route_ids":["105"]}},{"type":"Feature","geometry":{"type":"Point","coordinates":[-97.72589,30.26376]},"properties":{"id":"5610","name":"1601 7th/Comal","routes":["4","485"],"route_ids":["4","485"]}},{"type":"Feature","geometry":{"type":"Point","coordinates":[-97.6893,30.35891]},"properties":{"id":"5612","name":"Rundberg at IH 35","routes":["142","325"],"route_ids":["142","325"]}},{"type":"Feature","geometry":{"type":"Point","coordinates":[-97.70805,30.30813]},"properties":{"id":"5613","name":"1215 51st/Cameron","routes":["300","485"],"route_ids":["300","485"]}},{"type":"Feature","geometry":{"type":"Point","coordinates":[-97.70025,30.4033]},"properties":{"id":"5614","name":"12026 Metric/Bittern","routes":["142","325"],"route_ids":["142","325"]}},{"type":"Feature","geometry":{"type":"Point","coordinates":[-97.69962,30.40338]},"properties":{"id":"5615","name":"12029 Metric/Bittern","routes":["142","325"],"route_ids":["142","325"]}},{"type":"Feature","geometry":{"type":"Point","coordinates":[-97.70571,30.28633]},"properties":{"id":"5616","name":"Airport Blvd NB (Manor/Airport)","routes":["320","800","837"],"route_ids":["320","800","837"]}},{"type":"Feature","geometry":{"type":"Point","coordinates":[-97.70273,30.28682]},"properties":{"id":"5617","name":"3219 Manor/Tillery","routes":["320","485"],"route_ids":["320","485"]}},{"type":"Feature","geometry":{"type":"Point","coordinates":[-97.69506,30.27389]},"properties":{"id":"5618","name":"3508 Oak Springs/Gunter","routes":["2"],"route_ids":["2"]}},{"type":"Feature","geometry":{"type":"Point","coordinates":[-97.61084,30.17487]},"properties":{"id":"5622","name":"Del Valle ISD","routes":["271"],"route_ids":["271"]}},{"type":"Feature","geometry":{"type":"Point","coordinates":[-97.79282,30.16735]},"properties":{"id":"5623","name":"236 Slaughter/Alice Mae","routes":["10","201","3","318"],"route_ids":["10","201","3","318"]}},{"type":"Feature","geometry":{"type":"Point","coordinates":[-97.73147,30.27869]},"properties":{"id":"5624","name":"651 Martin Luther King Jr/Red River","routes":["18"],"route_ids":["18"]}},{"type":"Feature","geometry":{"type":"Point","coordinates":[-97.71395,30.32165]},"properties":{"id":"5625","name":"5789 Airport/Koenig","routes":["337","350","7"],"route_ids":["337","350","7"]}},{"type":"Feature","geometry":{"type":"Point","coordinates":[-97.77646,30.28257]},"properties":{"id":"5626","name":"2629 Lake Austin/Exposition","routes":["663"],"route_ids":["663"]}},{"type":"Feature","geometry":{"type":"Point","coordinates":[-97.72161,30.26922]},"properties":{"id":"5627","name":"1621 Rosewood/Lawson","routes":["2"],"route_ids":["2"]}},{"type":"Feature","geometry":{"type":"Point","coordinates":[-97.74064,30.26221]},"properties":{"id":"5633","name":"421 Cesar Chavez/Trinity","routes":["2","490","493"],"route_ids":["2","490","493"]}},{"type":"Feature","geometry":{"type":"Point","coordinates":[-97.74243,30.29477]},"properties":{"id":"5634","name":"2819 Guadalupe/29th","routes":["1","3","30","481"],"route_ids":["1","3","30","481"]}},{"type":"Feature","geometry":{"type":"Point","coordinates":[-97.76143,30.25634]},"properties":{"id":"5635","name":"906 Lamar/Treadwell","routes":["3","484"],"route_ids":["3","484"]}},{"type":"Feature","geometry":{"type":"Point","coordinates":[-97.68131,30.28518]},"properties":{"id":"5636","name":"4705 Heflin/Springdale","routes":["18"],"route_ids":["18"]}},{"type":"Feature","geometry":{"type":"Point","coordinates":[-97.67108,30.28673]},"properties":{"id":"5640","name":"5508 Martin Luther King Jr/Hilldale","routes":["18"],"route_ids":["18"]}},{"type":"Feature","geometry":{"type":"Point","coordinates":[-97.67451,30.28674]},"properties":{"id":"5641","name":"5304  MLK Jr/Oldfort Hill","routes":["18"],"route_ids":["18"]}},{"type":"Feature","geometry":{"type":"Point","coordinates":[-97.67691,30.28262]},"properties":{"id":"5642","name":"5107 Heflin/Webberville","routes":["18"],"route_ids":["18"]}},{"type":"Feature","geometry":{"type":"Point","coordinates":[-97.66952,30.28601]},"properties":{"id":"5643","name":"Tannehill/Martin Luther King","routes":["18","5"],"route_ids":["18","5"]}},{"type":"Feature","geometry":{"type":"Point","coordinates":[-97.64863,30.30057]},"properties":{"id":"5644","name":"Johnny Morris SB (Loyola/Johnny Morris)","routes":["837"],"route_ids":["837"]}},{"type":"Feature","geometry":{"type":"Point","coordinates":[-97.70558,30.34443]},"properties":{"id":"5646","name":"Research/Georgian","routes":["339"],"route_ids":["339"]}},{"type":"Feature","geometry":{"type":"Point","coordinates":[-97.70503,30.34339]},"properties":{"id":"5647","name":"Research/Northcrest","routes":["339"],"route_ids":["339"]}},{"type":"Feature","geometry":{"type":"Point","coordinates":[-97.77767,30.44488]},"properties":{"id":"5649","name":"13175 Pond Springs/Turtle Rock","routes":["383"],"route_ids":["383"]}},{"type":"Feature","geometry":{"type":"Point","coordinates":[-97.77372,30.44158]},"properties":{"id":"5650","name":"13050 Pond Springs/Hunters Chase","routes":["383"],"route_ids":["383"]}},{"type":"Feature","geometry":{"type":"Point","coordinates":[-97.7959,30.47473]},"properties":{"id":"5653","name":"10818 Lakeline Mall/Lake Creek","routes":["214","383"],"route_ids":["214","383"]}},{"type":"Feature","geometry":{"type":"Point","coordinates":[-97.80019,30.48001]},"properties":{"id":"5654","name":"Lakeline/US 183","routes":["214","383"],"route_ids":["214","383"]}},{"type":"Feature","geometry":{"type":"Point","coordinates":[-97.77315,30.22529]},"properties":{"id":"5655","name":"620 Radam/James Casey","routes":["315"],"route_ids":["315"]}},{"type":"Feature","geometry":{"type":"Point","coordinates":[-97.67583,30.42623]},"properties":{"id":"5659","name":"1512 Howard/Metric","routes":["325"],"route_ids":["325"]}},{"type":"Feature","geometry":{"type":"Point","coordinates":[-97.72349,30.36092]},"properties":{"id":"5662","name":"1821 Ohlen/Renton","routes":["324"],"route_ids":["324"]}},{"type":"Feature","geometry":{"type":"Point","coordinates":[-97.7438,30.218]},"properties":{"id":"5663","name":"2000 Woodward/Ben White","routes":["310","7"],"route_ids":["310","7"]}},{"type":"Feature","geometry":{"type":"Point","coordinates":[-97.70782,30.29788]},"properties":{"id":"5669","name":"1719 Aldrich/Mueller","routes":["10"],"route_ids":["10"]}},{"type":"Feature","geometry":{"type":"Point","coordinates":[-97.70768,30.29813]},"properties":{"id":"5670","name":"1714 Aldrich/Mueller","routes":["10"],"route_ids":["10"]}},{"type":"Feature","geometry":{"type":"Point","coordinates":[-97.76873,30.43439]},"properties":{"id":"5671","name":"Research/Mc Neil","routes":["383"],"route_ids":["383"]}},{"type":"Feature","geometry":{"type":"Point","coordinates":[-97.78771,30.44942]},"properties":{"id":"5672","name":"9422 Anderson Mill/US 183","routes":["383"],"route_ids":["383"]}},{"type":"Feature","geometry":{"type":"Point","coordinates":[-97.78822,30.44954]},"properties":{"id":"5673","name":"9514 Anderson Mill/US 183","routes":["383"],"route_ids":["383"]}},{"type":"Feature","geometry":{"type":"Point","coordinates":[-97.75551,30.24012]},"properties":{"id":"5674","name":"137 Oltorf/Euclid (Saint Ignatius)","routes":["300"],"route_ids":["300"]}},{"type":"Feature","geometry":{"type":"Point","coordinates":[-97.71705,30.37678]},"properties":{"id":"5678","name":"9639 Metric/Rundberg","routes":["325"],"route_ids":["325"]}},{"type":"Feature","geometry":{"type":"Point","coordinates":[-97.71777,30.37616]},"properties":{"id":"5679","name":"9540 Metric/Rundberg","routes":["325"],"route_ids":["325"]}},{"type":"Feature","geometry":{"type":"Point","coordinates":[-97.76094,30.22825]},"properties":{"id":"568","name":"Congress/Alpine","routes":["1","486"],"route_ids":["1","486"]}},{"type":"Feature","geometry":{"type":"Point","coordinates":[-97.71822,30.37334]},"properties":{"id":"5680","name":"2018 Rundberg/West","routes":["325"],"route_ids":["325"]}},{"type":"Feature","geometry":{"type":"Point","coordinates":[-97.7181,30.37305]},"properties":{"id":"5681","name":"1933 Rundberg/West","routes":["325"],"route_ids":["325"]}},{"type":"Feature","geometry":{"type":"Point","coordinates":[-97.71517,30.37165]},"properties":{"id":"5682","name":"1806 Rundberg/Northgate","routes":["324","325","481"],"route_ids":["324","325","481"]}},{"type":"Feature","geometry":{"type":"Point","coordinates":[-97.70507,30.30672]},"properties":{"id":"5683","name":"1401 51st/Lancaster","routes":["300","485"],"route_ids":["300","485"]}},{"type":"Feature","geometry":{"type":"Point","coordinates":[-97.71549,30.31187]},"properties":{"id":"5684","name":"5012 Airport/51St","routes":["350"],"route_ids":["350"]}},{"type":"Feature","geometry":{"type":"Point","coordinates":[-97.38205,30.35731]},"properties":{"id":"5696","name":"SH 95/Main","routes":["990"],"route_ids":["990"]}},{"type":"Feature","geometry":{"type":"Point","coordinates":[-97.83442,30.47948]},"properties":{"id":"5698","name":"ACC Cypress Creek","routes":["214"],"route_ids":["214"]}},{"type":"Feature","geometry":{"type":"Point","coordinates":[-97.74414,30.16124]},"properties":{"id":"5699","name":"7944 Salt Springs/Roseborough","routes":["333"],"route_ids":["333"]}},{"type":"Feature","geometry":{"type":"Point","coordinates":[-97.76846,30.18922]},"properties":{"id":"5703","name":"1626 William Cannon/Bluff Springs","routes":["333","486"],"route_ids":["333","486"]}},{"type":"Feature","geometry":{"type":"Point","coordinates":[-97.76796,30.18785]},"properties":{"id":"5704","name":"6625 Bluff Springs/William Cannon","routes":["333"],"route_ids":["333"]}},{"type":"Feature","geometry":{"type":"Point","coordinates":[-97.70246,30.40113]},"properties":{"id":"5705","name":"11928 Metric/Sunhillow","routes":["142","325"],"route_ids":["142","325"]}},{"type":"Feature","geometry":{"type":"Point","coordinates":[-97.69228,30.3139]},"properties":{"id":"5707","name":"1701 Briarcliff/Berkman (Midblock)","routes":["337"],"route_ids":["337"]}},{"type":"Feature","geometry":{"type":"Point","coordinates":[-97.75633,30.23535]},"properties":{"id":"571","name":"2705 Congress/Cumberland","routes":["1","486"],"route_ids":["1","486"]}},{"type":"Feature","geometry":{"type":"Point","coordinates":[-97.75774,30.21925]},"properties":{"id":"5711","name":"525 Ben White/Terry O","routes":["310"],"route_ids":["310"]}},{"type":"Feature","geometry":{"type":"Point","coordinates":[-97.7532,30.20458]},"properties":{"id":"5712","name":"4910 Freidrich/Teri","routes":["7"],"route_ids":["7"]}},{"type":"Feature","geometry":{"type":"Point","coordinates":[-97.75397,30.19334]},"properties":{"id":"5713","name":"2230 Stassney/Dove","routes":["311"],"route_ids":["311"]}},{"type":"Feature","geometry":{"type":"Point","coordinates":[-97.72599,30.39236]},"properties":{"id":"5718","name":"Braker/Road A (UT-PRC)","routes":["3","383"],"route_ids":["3","383"]}},{"type":"Feature","geometry":{"type":"Point","coordinates":[-97.69823,30.1923]},"properties":{"id":"5722","name":"Mc Kinney Falls/Burleson","routes":["228"],"route_ids":["228"]}},{"type":"Feature","geometry":{"type":"Point","coordinates":[-97.7809,30.28853]},"properties":{"id":"5723","name":"3450 Lake Austin/Lufkin","routes":["18"],"route_ids":["18"]}},{"type":"Feature","geometry":{"type":"Point","coordinates":[-97.72705,30.38823]},"properties":{"id":"5724","name":"UT Research Campus Station (NB)","routes":["466","803"],"route_ids":["466","803"]}},{"type":"Feature","geometry":{"type":"Point","coordinates":[-97.70814,30.2273]},"properties":{"id":"5728","name":"5902 Riverside/Grove","routes":["20","310","483"],"route_ids":["20","310","483"]}},{"type":"Feature","geometry":{"type":"Point","coordinates":[-97.75242,30.24169]},"properties":{"id":"573","name":"2203 Congress/Live Oak","routes":["1","486"],"route_ids":["1","486"]}},{"type":"Feature","geometry":{"type":"Point","coordinates":[-97.69674,30.41385]},"properties":{"id":"5732","name":"12425 Lamplight Village/Parmer","routes":["142"],"route_ids":["142"]}},{"type":"Feature","geometry":{"type":"Point","coordinates":[-97.73937,30.33831]},"properties":{"id":"5733","name":"6310 Burnet/White Horse","routes":["3"],"route_ids":["3"]}},{"type":"Feature","geometry":{"type":"Point","coordinates":[-97.71153,30.38682]},"properties":{"id":"5734","name":"10700 Metric/Donley","routes":["142","325"],"route_ids":["142","325"]}},{"type":"Feature","geometry":{"type":"Point","coordinates":[-97.7905,30.18778]},"properties":{"id":"5735","name":"7401 S 1st/Elderberry","routes":["10"],"route_ids":["10"]}},{"type":"Feature","geometry":{"type":"Point","coordinates":[-97.70961,30.20167]},"properties":{"id":"5739","name":"6806 Burleson/Smith School","routes":["228"],"route_ids":["228"]}},{"type":"Feature","geometry":{"type":"Point","coordinates":[-97.75121,30.24502]},"properties":{"id":"574","name":"1901 Congress/Mary","routes":["1","486"],"route_ids":["1","486"]}},{"type":"Feature","geometry":{"type":"Point","coordinates":[-97.78385,30.29567]},"properties":{"id":"5740","name":"3825 Lake Austin/Enfield","routes":["18"],"route_ids":["18"]}},{"type":"Feature","geometry":{"type":"Point","coordinates":[-97.80694,30.21902]},"properties":{"id":"5741","name":"2616 Stassney/West Gate","routes":["311"],"route_ids":["311"]}},{"type":"Feature","geometry":{"type":"Point","coordinates":[-97.74878,30.25243]},"properties":{"id":"5743","name":"1200 Congress/Nellie","routes":["1","486"],"route_ids":["1","486"]}},{"type":"Feature","geometry":{"type":"Point","coordinates":[-97.73752,30.34572]},"properties":{"id":"5744","name":"Justin Station (SB)","routes":["3","803"],"route_ids":["3","803"]}},{"type":"Feature","geometry":{"type":"Point","coordinates":[-97.73556,30.34876]},"properties":{"id":"5745","name":"7212 Burnet/Greenlawn","routes":["3"],"route_ids":["3"]}},{"type":"Feature","geometry":{"type":"Point","coordinates":[-97.73009,30.3586]},"properties":{"id":"5746","name":"8003 Burnet/Ashdale","routes":["3","324"],"route_ids":["3","324"]}},{"type":"Feature","geometry":{"type":"Point","coordinates":[-97.71498,30.27449]},"properties":{"id":"5747","name":"2401 12th/Pleasant Valley","routes":["5"],"route_ids":["5"]}},{"type":"Feature","geometry":{"type":"Point","coordinates":[-97.70256,30.22619]},"properties":{"id":"5748","name":"1803 Montopolis/Kasper","routes":["350"],"route_ids":["350"]}},{"type":"Feature","geometry":{"type":"Point","coordinates":[-97.69576,30.23701]},"properties":{"id":"5749","name":"702 Montopolis/Ponca","routes":["350"],"route_ids":["350"]}},{"type":"Feature","geometry":{"type":"Point","coordinates":[-97.83381,30.17794]},"properties":{"id":"5750","name":"9800 Curlew/Aftonshire","routes":["103"],"route_ids":["103"]}},{"type":"Feature","geometry":{"type":"Point","coordinates":[-97.70571,30.39575]},"properties":{"id":"5752","name":"11609 Metric/Gold Wing","routes":["142","325","466"],"route_ids":["142","325","466"]}},{"type":"Feature","geometry":{"type":"Point","coordinates":[-97.7798,30.29434]},"properties":{"id":"5754","name":"3418 Enfield/Robinhood","routes":["18"],"route_ids":["18"]}},{"type":"Feature","geometry":{"type":"Point","coordinates":[-97.73607,30.39755]},"properties":{"id":"5755","name":"Braker/Mopac (Farside/Midblock)","routes":["3"],"route_ids":["3"]}},{"type":"Feature","geometry":{"type":"Point","coordinates":[-97.7643,30.18828]},"properties":{"id":"5757","name":"1912 William Cannon/Elm Creek (Apt)","routes":["7"],"route_ids":["7"]}},{"type":"Feature","geometry":{"type":"Point","coordinates":[-97.76551,30.18835]},"properties":{"id":"5758","name":"1901 William Cannon/Bluff Springs","routes":["486","7"],"route_ids":["486","7"]}},{"type":"Feature","geometry":{"type":"Point","coordinates":[-97.74879,30.25153]},"properties":{"id":"576","name":"Congress/The Circle","routes":["1","486"],"route_ids":["1","486"]}},{"type":"Feature","geometry":{"type":"Point","coordinates":[-97.7044,30.40153]},"properties":{"id":"5760","name":"11906 Stonehollow/Metric","routes":["466"],"route_ids":["466"]}},{"type":"Feature","geometry":{"type":"Point","coordinates":[-97.67502,30.43574]},"properties":{"id":"5761","name":"1779 Wells Branch/Wells Port","routes":["243"],"route_ids":["243"]}},{"type":"Feature","geometry":{"type":"Point","coordinates":[-97.66543,30.44137]},"properties":{"id":"5764","name":"1426 Wells Branch/FM 1825","routes":["243"],"route_ids":["243"]}},{"type":"Feature","geometry":{"type":"Point","coordinates":[-97.66466,30.44102]},"properties":{"id":"5765","name":"1425 Wells Branch/FM 1825","routes":["243"],"route_ids":["243"]}},{"type":"Feature","geometry":{"type":"Point","coordinates":[-97.65949,30.43869]},"properties":{"id":"5766","name":"1114 Wells Branch/Drusillas","routes":["243"],"route_ids":["243"]}},{"type":"Feature","geometry":{"type":"Point","coordinates":[-97.65887,30.43794]},"properties":{"id":"5767","name":"1113 Wells Branch/Drusillas","routes":["243"],"route_ids":["243"]}},{"type":"Feature","geometry":{"type":"Point","coordinates":[-97.6542,30.43229]},"properties":{"id":"5768","name":"1600 Heatherwilde/Wells Branch","routes":["243"],"route_ids":["243"]}},{"type":"Feature","geometry":{"type":"Point","coordinates":[-97.65308,30.43341]},"properties":{"id":"5769","name":"501 Wells Branch/Heatherwilde","routes":["243"],"route_ids":["243"]}},{"type":"Feature","geometry":{"type":"Point","coordinates":[-97.74739,30.25534]},"properties":{"id":"577","name":"611 Congress/Academy","routes":["1","486"],"route_ids":["1","486"]}},{"type":"Feature","geometry":{"type":"Point","coordinates":[-97.65884,30.42242]},"properties":{"id":"5770","name":"2551 Heatherwilde/Wild Senna","routes":["243"],"route_ids":["243"]}},{"type":"Feature","geometry":{"type":"Point","coordinates":[-97.65921,30.42227]},"properties":{"id":"5771","name":"2600 Heatherwilde/Wild Senna","routes":["243"],"route_ids":["243"]}},{"type":"Feature","geometry":{"type":"Point","coordinates":[-97.71988,30.23209]},"properties":{"id":"5774","name":"4549 Riverside/Wickersham","routes":["20","310","483"],"route_ids":["20","310","483"]}},{"type":"Feature","geometry":{"type":"Point","coordinates":[-97.73202,30.28502]},"properties":{"id":"5775","name":"405 23rd/Trinity","routes":["672"],"route_ids":["672"]}},{"type":"Feature","geometry":{"type":"Point","coordinates":[-97.55912,30.33969]},"properties":{"id":"5776","name":"201 W Carrie Manor/Lexington","routes":["990"],"route_ids":["990"]}},{"type":"Feature","geometry":{"type":"Point","coordinates":[-97.37168,30.34649]},"properties":{"id":"5777","name":"Central/Avenue C","routes":["990"],"route_ids":["990"]}},{"type":"Feature","geometry":{"type":"Point","coordinates":[-97.8032,30.14725]},"properties":{"id":"5778","name":"1st/FM 1626 (Akins)","routes":["201"],"route_ids":["201"]}},{"type":"Feature","geometry":{"type":"Point","coordinates":[-97.72132,30.23581]},"properties":{"id":"5779","name":"Riverside NB (Pleasant Valley HEB)","routes":["300","800"],"route_ids":["300","800"]}},{"type":"Feature","geometry":{"type":"Point","coordinates":[-97.69216,30.31399]},"properties":{"id":"5781","name":"1718 Briarcliff/Berkman","routes":["337"],"route_ids":["337"]}},{"type":"Feature","geometry":{"type":"Point","coordinates":[-97.69731,30.31954]},"properties":{"id":"5782","name":"6116 Cameron/Glencrest","routes":["300","337","485"],"route_ids":["300","337","485"]}},{"type":"Feature","geometry":{"type":"Point","coordinates":[-97.70744,30.31124]},"properties":{"id":"5783","name":"5324 Cameron/Broadmoor","routes":["300","485"],"route_ids":["300","485"]}},{"type":"Feature","geometry":{"type":"Point","coordinates":[-97.72509,30.37966]},"properties":{"id":"5784","name":"9600 Burnet/Longhorn","routes":["3","383"],"route_ids":["3","383"]}},{"type":"Feature","geometry":{"type":"Point","coordinates":[-97.78924,30.46365]},"properties":{"id":"5785","name":"Lake Creek/Hymeadow","routes":["383"],"route_ids":["383"]}},{"type":"Feature","geometry":{"type":"Point","coordinates":[-97.70768,30.28203]},"properties":{"id":"5786","name":"2918 Martin Luther King Jr/Clifford","routes":["18"],"route_ids":["18"]}},{"type":"Feature","geometry":{"type":"Point","coordinates":[-97.72614,30.22681]},"properties":{"id":"5788","name":"4404 Oltorf/Huntwick","routes":["228","310"],"route_ids":["228","310"]}},{"type":"Feature","geometry":{"type":"Point","coordinates":[-97.72404,30.22546]},"properties":{"id":"5789","name":"Oltorf/Wickersham","routes":["228"],"route_ids":["228"]}},{"type":"Feature","geometry":{"type":"Point","coordinates":[-97.71926,30.39461]},"properties":{"id":"5791","name":"2525 Kramer/Burnet","routes":["392"],"route_ids":["392"]}},{"type":"Feature","geometry":{"type":"Point","coordinates":[-97.80333,30.45324]},"properties":{"id":"5792","name":"Millwright/Timbercrest","routes":["383"],"route_ids":["383"]}},{"type":"Feature","geometry":{"type":"Point","coordinates":[-97.70415,30.30391]},"properties":{"id":"5794","name":"4924 Mueller/Barbara Jordan","routes":["10"],"route_ids":["10"]}},{"type":"Feature","geometry":{"type":"Point","coordinates":[-97.70932,30.29797]},"properties":{"id":"5796","name":"4300 Airport/Wilshire","routes":["350"],"route_ids":["350"]}},{"type":"Feature","geometry":{"type":"Point","coordinates":[-97.64168,30.20335]},"properties":{"id":"5797","name":"SH 71/Cheviot (EB)","routes":["271"],"route_ids":["271"]}},{"type":"Feature","geometry":{"type":"Point","coordinates":[-97.70989,30.28168]},"properties":{"id":"5801","name":"2832 Martin Luther King Jr/Alexander","routes":["18"],"route_ids":["18"]}},{"type":"Feature","geometry":{"type":"Point","coordinates":[-97.70981,30.28155]},"properties":{"id":"5802","name":"2833 Martin Luther King Jr/Alexander","routes":["18"],"route_ids":["18"]}},{"type":"Feature","geometry":{"type":"Point","coordinates":[-97.6122,30.17592]},"properties":{"id":"5803","name":"Del Valle ISD (Alt School)","routes":["271"],"route_ids":["271"]}},{"type":"Feature","geometry":{"type":"Point","coordinates":[-97.79749,30.47985]},"properties":{"id":"5805","name":"11101 Lakeline/North Lake Creek","routes":["214","383"],"route_ids":["214","383"]}},{"type":"Feature","geometry":{"type":"Point","coordinates":[-97.66099,30.31904]},"properties":{"id":"5808","name":"7500 Manor/Pecan Brook","routes":["339"],"route_ids":["339"]}},{"type":"Feature","geometry":{"type":"Point","coordinates":[-97.65948,30.33072]},"properties":{"id":"5810","name":"8408 Tuscany/US 290","routes":["339"],"route_ids":["339"]}},{"type":"Feature","geometry":{"type":"Point","coordinates":[-97.65973,30.33071]},"properties":{"id":"5811","name":"8407 Tuscany/US 290","routes":["339"],"route_ids":["339"]}},{"type":"Feature","geometry":{"type":"Point","coordinates":[-97.66205,30.33728]},"properties":{"id":"5812","name":"Exchange/Tuscany","routes":["339"],"route_ids":["339"]}},{"type":"Feature","geometry":{"type":"Point","coordinates":[-97.6622,30.33749]},"properties":{"id":"5813","name":"8009 Exchange/Tuscany","routes":["339"],"route_ids":["339"]}},{"type":"Feature","geometry":{"type":"Point","coordinates":[-97.66677,30.33016]},"properties":{"id":"5814","name":"8073 Exchange/Cross Park","routes":["339"],"route_ids":["339"]}},{"type":"Feature","geometry":{"type":"Point","coordinates":[-97.66697,30.3303]},"properties":{"id":"5815","name":"8073 Exchange/Cross Park","routes":["339"],"route_ids":["339"]}},{"type":"Feature","geometry":{"type":"Point","coordinates":[-97.67178,30.33049]},"properties":{"id":"5816","name":"8124 Exchange/Interparke","routes":["339"],"route_ids":["339"]}},{"type":"Feature","geometry":{"type":"Point","coordinates":[-97.67234,30.33053]},"properties":{"id":"5817","name":"Exchange/Interparke","routes":["339"],"route_ids":["339"]}},{"type":"Feature","geometry":{"type":"Point","coordinates":[-97.67345,30.33519]},"properties":{"id":"5818","name":"2202 Forbes/Cross Park","routes":["339"],"route_ids":["339"]}},{"type":"Feature","geometry":{"type":"Point","coordinates":[-97.67368,30.33526]},"properties":{"id":"5819","name":"2205 Forbes/Cross Park","routes":["339"],"route_ids":["339"]}},{"type":"Feature","geometry":{"type":"Point","coordinates":[-97.71641,30.38015]},"properties":{"id":"5822","name":"10000 Metric/Rutland","routes":["325"],"route_ids":["325"]}},{"type":"Feature","geometry":{"type":"Point","coordinates":[-97.71601,30.38033]},"properties":{"id":"5823","name":"10001 Metric/Rutland","routes":["325"],"route_ids":["325"]}},{"type":"Feature","geometry":{"type":"Point","coordinates":[-97.77131,30.27757]},"properties":{"id":"5824","name":"2208 Lake Austin/Upson","routes":["663"],"route_ids":["663"]}},{"type":"Feature","geometry":{"type":"Point","coordinates":[-97.77405,30.27942]},"properties":{"id":"5825","name":"2530 Lake Austin/Hearn","routes":["663"],"route_ids":["663"]}},{"type":"Feature","geometry":{"type":"Point","coordinates":[-97.74386,30.19389]},"properties":{"id":"5826","name":"4701 Stassney/Pleasant Valley","routes":["311"],"route_ids":["311"]}},{"type":"Feature","geometry":{"type":"Point","coordinates":[-97.74448,30.19409]},"properties":{"id":"5828","name":"4604 Stassney/Pleasant Valley","routes":["311"],"route_ids":["311"]}},{"type":"Feature","geometry":{"type":"Point","coordinates":[-97.73823,30.19274]},"properties":{"id":"5829","name":"5301 Stassney/Nuckols","routes":["311"],"route_ids":["311"]}},{"type":"Feature","geometry":{"type":"Point","coordinates":[-97.73867,30.1932]},"properties":{"id":"5831","name":"5200 Stassney/Nuckols","routes":["311"],"route_ids":["311"]}},{"type":"Feature","geometry":{"type":"Point","coordinates":[-97.73122,30.19109]},"properties":{"id":"5832","name":"5901 Stassney/Teri","routes":["311"],"route_ids":["311"]}},{"type":"Feature","geometry":{"type":"Point","coordinates":[-97.71675,30.20506]},"properties":{"id":"5833","name":"3712 Montopolis/Burleson","routes":["311"],"route_ids":["311"]}},{"type":"Feature","geometry":{"type":"Point","coordinates":[-97.71631,30.2062]},"properties":{"id":"5834","name":"3577 Montopolis/Burleson","routes":["311"],"route_ids":["311"]}},{"type":"Feature","geometry":{"type":"Point","coordinates":[-97.71331,30.21044]},"properties":{"id":"5835","name":"3120 Montopolis/Ben White","routes":["228","311"],"route_ids":["228","311"]}},{"type":"Feature","geometry":{"type":"Point","coordinates":[-97.71347,30.21067]},"properties":{"id":"5836","name":"3121 Montopolis/Ben White","routes":["228","311"],"route_ids":["228","311"]}},{"type":"Feature","geometry":{"type":"Point","coordinates":[-97.83343,30.19127]},"properties":{"id":"5837","name":"8800 West Gate/Davis","routes":["318"],"route_ids":["318"]}},{"type":"Feature","geometry":{"type":"Point","coordinates":[-97.8334,30.19077]},"properties":{"id":"5838","name":"West Gate/Davis","routes":["318"],"route_ids":["318"]}},{"type":"Feature","geometry":{"type":"Point","coordinates":[-97.83613,30.18737]},"properties":{"id":"5839","name":"West Gate/Cohoba","routes":["318"],"route_ids":["318"]}},{"type":"Feature","geometry":{"type":"Point","coordinates":[-97.83585,30.18739]},"properties":{"id":"5840","name":"West Gate/Cohoba","routes":["318"],"route_ids":["318"]}},{"type":"Feature","geometry":{"type":"Point","coordinates":[-97.83842,30.17817]},"properties":{"id":"5842","name":"2908 Slaughter/Lindshire","routes":["318"],"route_ids":["318"]}},{"type":"Feature","geometry":{"type":"Point","coordinates":[-97.84045,30.18003]},"properties":{"id":"5843","name":"West Gate/Aftonshire","routes":["318"],"route_ids":["318"]}},{"type":"Feature","geometry":{"type":"Point","coordinates":[-97.69049,30.20763]},"properties":{"id":"5844","name":"Metropolis/Veterans Clinic","routes":["228"],"route_ids":["228"]}},{"type":"Feature","geometry":{"type":"Point","coordinates":[-97.72438,30.39988]},"properties":{"id":"5845","name":"Esperanza Crossing/Domain","routes":["466"],"route_ids":["466"]}},{"type":"Feature","geometry":{"type":"Point","coordinates":[-97.66745,30.31049]},"properties":{"id":"5847","name":"3500 Loyola/Manor","routes":["337"],"route_ids":["337"]}},{"type":"Feature","geometry":{"type":"Point","coordinates":[-97.73212,30.35422]},"properties":{"id":"5849","name":"Northcross Station (SB)","routes":["3","30","324","339","5","803"],"route_ids":["3","30","324","339","5","803"]}},{"type":"Feature","geometry":{"type":"Point","coordinates":[-97.73617,30.35499]},"properties":{"id":"5851","name":"7719 Northcross/Foster","routes":["30","324","339","5"],"route_ids":["30","324","339","5"]}},{"type":"Feature","geometry":{"type":"Point","coordinates":[-97.73346,30.35718]},"properties":{"id":"5854","name":"2535 Anderson/Northcross","routes":["30","339","5"],"route_ids":["30","339","5"]}},{"type":"Feature","geometry":{"type":"Point","coordinates":[-97.73652,30.35871]},"properties":{"id":"5855","name":"2711 Anderson/Northcross","routes":["30","324"],"route_ids":["30","324"]}},{"type":"Feature","geometry":{"type":"Point","coordinates":[-97.73721,30.35721]},"properties":{"id":"5856","name":"2714 Foster/Northcross","routes":["30"],"route_ids":["30"]}},{"type":"Feature","geometry":{"type":"Point","coordinates":[-97.6874,30.38037]},"properties":{"id":"5857","name":"Chinatown Station (SB)","routes":["1","801"],"route_ids":["1","801"]}},{"type":"Feature","geometry":{"type":"Point","coordinates":[-97.69273,30.37093]},"properties":{"id":"5858","name":"Masterson Station (SB)","routes":["1","801"],"route_ids":["1","801"]}},{"type":"Feature","geometry":{"type":"Point","coordinates":[-97.71169,30.34933]},"properties":{"id":"5859","name":"North Lamar Transit Center","routes":["481","801"],"route_ids":["481","801"]}},{"type":"Feature","geometry":{"type":"Point","coordinates":[-97.71931,30.33689]},"properties":{"id":"5860","name":"Crestview Station (NB)","routes":["1","481","801"],"route_ids":["1","481","801"]}},{"type":"Feature","geometry":{"type":"Point","coordinates":[-97.7259,30.32686]},"properties":{"id":"5861","name":"Brentwood Station (SB)","routes":["1","481","801"],"route_ids":["1","481","801"]}},{"type":"Feature","geometry":{"type":"Point","coordinates":[-97.72597,30.32633]},"properties":{"id":"5862","name":"Brentwood Station (NB)","routes":["1","481","801"],"route_ids":["1","481","801"]}},{"type":"Feature","geometry":{"type":"Point","coordinates":[-97.74138,30.29108]},"properties":{"id":"5863","name":"UT Dean Keeton Station (SB)","routes":["1","3","30","481","801","803"],"route_ids":["1","3","30","481","801","803"]}},{"type":"Feature","geometry":{"type":"Point","coordinates":[-97.74125,30.29024]},"properties":{"id":"5864","name":"UT Dean Keeton Station (NB)","routes":["1","3","30","481","801","803","982","990"],"route_ids":["1","3","30","481","801","803","982","990"]}},{"type":"Feature","geometry":{"type":"Point","coordinates":[-97.74157,30.28622]},"properties":{"id":"5865","name":"UT West Mall Station (NB)","routes":["801","803"],"route_ids":["801","803"]}},{"type":"Feature","geometry":{"type":"Point","coordinates":[-97.74255,30.27937]},"properties":{"id":"5866","name":"Museum Station (SB)","routes":["801","803"],"route_ids":["801","803"]}},{"type":"Feature","geometry":{"type":"Point","coordinates":[-97.74686,30.26775]},"properties":{"id":"5867","name":"Republic Square Station (SB)","routes":["1","3","801","803"],"route_ids":["1","3","801","803"]}},{"type":"Feature","geometry":{"type":"Point","coordinates":[-97.74606,30.26622]},"properties":{"id":"5868","name":"Republic Square Station (NB)","routes":["1","3","801","803"],"route_ids":["1","3","801","803"]}},{"type":"Feature","geometry":{"type":"Point","coordinates":[-97.75951,30.23056]},"properties":{"id":"5869","name":"St Edwards Station (NB)","routes":["1","486","801"],"route_ids":["1","486","801"]}},{"type":"Feature","geometry":{"type":"Point","coordinates":[-97.76082,30.22893]},"properties":{"id":"5870","name":"St Edwards Station (SB)","routes":["1","486","801"],"route_ids":["1","486","801"]}},{"type":"Feature","geometry":{"type":"Point","coordinates":[-97.77566,30.20252]},"properties":{"id":"5871","name":"Little Texas Station (SB)","routes":["1","486","801"],"route_ids":["1","486","801"]}},{"type":"Feature","geometry":{"type":"Point","coordinates":[-97.77923,30.1924]},"properties":{"id":"5872","name":"Pleasant Hill Station (SB)","routes":["201","801"],"route_ids":["201","801"]}},{"type":"Feature","geometry":{"type":"Point","coordinates":[-97.79032,30.16288]},"properties":{"id":"5873","name":"Southpark Meadows Station","routes":["801"],"route_ids":["801"]}},{"type":"Feature","geometry":{"type":"Point","coordinates":[-97.77817,30.24638]},"properties":{"id":"5875","name":"Bluebonnet Station (NB)","routes":["803"],"route_ids":["803"]}},{"type":"Feature","geometry":{"type":"Point","coordinates":[-97.72723,30.38825]},"properties":{"id":"5876","name":"UT Research Campus Station (SB)","routes":["803"],"route_ids":["803"]}},{"type":"Feature","geometry":{"type":"Point","coordinates":[-97.73638,30.31571]},"properties":{"id":"5877","name":"Sunshine Station (SB)","routes":["345","5","803"],"route_ids":["345","5","803"]}},{"type":"Feature","geometry":{"type":"Point","coordinates":[-97.77787,30.24677]},"properties":{"id":"5879","name":"Bluebonnet Station (SB)","routes":["3","300","484","803"],"route_ids":["3","300","484","803"]}},{"type":"Feature","geometry":{"type":"Point","coordinates":[-97.80468,30.47841]},"properties":{"id":"5881","name":"Lakeline/US 183","routes":["214","383"],"route_ids":["214","383"]}},{"type":"Feature","geometry":{"type":"Point","coordinates":[-97.71411,30.20422]},"properties":{"id":"5882","name":"6505 Burleson (Goodwill)","routes":["228"],"route_ids":["228"]}},{"type":"Feature","geometry":{"type":"Point","coordinates":[-97.87603,30.20022]},"properties":{"id":"5889","name":"5801 Slaughter/Escarpment","routes":["111"],"route_ids":["111"]}},{"type":"Feature","geometry":{"type":"Point","coordinates":[-97.87637,30.20051]},"properties":{"id":"5890","name":"5796 Slaughter/Escarpment","routes":["111"],"route_ids":["111"]}},{"type":"Feature","geometry":{"type":"Point","coordinates":[-97.87069,30.20424]},"properties":{"id":"5891","name":"9111 Beckett/La Cresada","routes":["111"],"route_ids":["111"]}},{"type":"Feature","geometry":{"type":"Point","coordinates":[-97.86911,30.20819]},"properties":{"id":"5893","name":"8719 Beckett/Davis","routes":["111"],"route_ids":["111"]}},{"type":"Feature","geometry":{"type":"Point","coordinates":[-97.86389,30.21388]},"properties":{"id":"5896","name":"8101 Beckett at Dick Nichols Park","routes":["111"],"route_ids":["111"]}},{"type":"Feature","geometry":{"type":"Point","coordinates":[-97.86401,30.21399]},"properties":{"id":"5897","name":"8100 Beckett at Dick Nichols Park","routes":["111"],"route_ids":["111"]}},{"type":"Feature","geometry":{"type":"Point","coordinates":[-97.85816,30.21982]},"properties":{"id":"5898","name":"7405 Beckett/Ponoma","routes":["111"],"route_ids":["111"]}},{"type":"Feature","geometry":{"type":"Point","coordinates":[-97.85835,30.21983]},"properties":{"id":"5899","name":"7406 Beckett/Ponoma","routes":["111"],"route_ids":["111"]}},{"type":"Feature","geometry":{"type":"Point","coordinates":[-97.74299,30.27441]},"properties":{"id":"590","name":"Lavaca/12th","routes":["105","980","982","985","990"],"route_ids":["105","980","982","985","990"]}},{"type":"Feature","geometry":{"type":"Point","coordinates":[-97.84389,30.2199]},"properties":{"id":"5900","name":"6911 Brush Country/One Oak","routes":["111","333"],"route_ids":["111","333"]}},{"type":"Feature","geometry":{"type":"Point","coordinates":[-97.8444,30.2193]},"properties":{"id":"5901","name":"6914 Brush Country/One Oak (Church)","routes":["111"],"route_ids":["111"]}},{"type":"Feature","geometry":{"type":"Point","coordinates":[-97.84181,30.22295]},"properties":{"id":"5902","name":"6703 Brush Country/William Cannon","routes":["111","333"],"route_ids":["111","333"]}},{"type":"Feature","geometry":{"type":"Point","coordinates":[-97.84212,30.22287]},"properties":{"id":"5903","name":"6704 Brush Country/William Cannon","routes":["111"],"route_ids":["111"]}},{"type":"Feature","geometry":{"type":"Point","coordinates":[-97.86932,30.20818]},"properties":{"id":"5905","name":"Beckett/Davis","routes":["111"],"route_ids":["111"]}},{"type":"Feature","geometry":{"type":"Point","coordinates":[-97.87083,30.20436]},"properties":{"id":"5906","name":"Beckett/La Cresada","routes":["111"],"route_ids":["111"]}},{"type":"Feature","geometry":{"type":"Point","coordinates":[-97.88556,30.19389]},"properties":{"id":"5907","name":"10404 Escarpment/La Crosse","routes":["111"],"route_ids":["111"]}},{"type":"Feature","geometry":{"type":"Point","coordinates":[-97.88536,30.19365]},"properties":{"id":"5908","name":"10405 Escarpment/La Crosse","routes":["111"],"route_ids":["111"]}},{"type":"Feature","geometry":{"type":"Point","coordinates":[-97.89471,30.18552]},"properties":{"id":"5909","name":"11241 Escarpment/South Bay","routes":["111"],"route_ids":["111"]}},{"type":"Feature","geometry":{"type":"Point","coordinates":[-97.74256,30.27559]},"properties":{"id":"591","name":"Capitol Station (NB)","routes":["1","20","3","30","481","801","803"],"route_ids":["1","20","3","30","481","801","803"]}},{"type":"Feature","geometry":{"type":"Point","coordinates":[-97.89469,30.18599]},"properties":{"id":"5910","name":"11148 Escarpment/South Bay","routes":["111"],"route_ids":["111"]}},{"type":"Feature","geometry":{"type":"Point","coordinates":[-97.67841,30.27648]},"properties":{"id":"5911","name":"5507 Jackie Robinson/Delano","routes":["5"],"route_ids":["5"]}},{"type":"Feature","geometry":{"type":"Point","coordinates":[-97.67416,30.2792]},"properties":{"id":"5912","name":"4100 Tannehill/Samuel Huston","routes":["5"],"route_ids":["5"]}},{"type":"Feature","geometry":{"type":"Point","coordinates":[-97.66003,30.28463]},"properties":{"id":"5914","name":"6401 FM 969/Craigwood","routes":["18"],"route_ids":["18"]}},{"type":"Feature","geometry":{"type":"Point","coordinates":[-97.66067,30.28497]},"properties":{"id":"5915","name":"6506 FM 969/Craigwood EB","routes":["18"],"route_ids":["18"]}},{"type":"Feature","geometry":{"type":"Point","coordinates":[-97.73928,30.3912]},"properties":{"id":"5916","name":"10001 Stonelake/Capital of Texas","routes":["383"],"route_ids":["383"]}},{"type":"Feature","geometry":{"type":"Point","coordinates":[-97.74898,30.21127]},"properties":{"id":"5917","name":"4216 Freidrich/St Elmo","routes":["7"],"route_ids":["7"]}},{"type":"Feature","geometry":{"type":"Point","coordinates":[-97.70929,30.29844]},"properties":{"id":"5918","name":"4300 Airport/Aldrich","routes":["10","135","350"],"route_ids":["10","135","350"]}},{"type":"Feature","geometry":{"type":"Point","coordinates":[-97.72045,30.39985]},"properties":{"id":"5919","name":"Domain Station","routes":["803"],"route_ids":["803"]}},{"type":"Feature","geometry":{"type":"Point","coordinates":[-97.73245,30.39396]},"properties":{"id":"5920","name":"Mopac/Braker","routes":["383"],"route_ids":["383"]}},{"type":"Feature","geometry":{"type":"Point","coordinates":[-97.70422,30.34539]},"properties":{"id":"5922","name":"8005 Georgian/Wonsley","routes":["324"],"route_ids":["324"]}},{"type":"Feature","geometry":{"type":"Point","coordinates":[-97.70543,30.34353]},"properties":{"id":"5923","name":"Georgian/Research","routes":["324"],"route_ids":["324"]}},{"type":"Feature","geometry":{"type":"Point","coordinates":[-97.83149,30.19369]},"properties":{"id":"5924","name":"West Gate/Piney Creek","routes":["318"],"route_ids":["318"]}},{"type":"Feature","geometry":{"type":"Point","coordinates":[-97.69954,30.30255]},"properties":{"id":"5925","name":"Barbara Jordan NB (Berkman/Barbara Jordan)","routes":["10","837"],"route_ids":["10","837"]}},{"type":"Feature","geometry":{"type":"Point","coordinates":[-97.69987,30.30269]},"properties":{"id":"5926","name":"Barbara Jordan SB (Berkman/Barbara Jordan)","routes":["335","800","837"],"route_ids":["335","800","837"]}},{"type":"Feature","geometry":{"type":"Point","coordinates":[-97.61448,30.17757]},"properties":{"id":"5927","name":"Del Valle High (Tennis Courts)","routes":["271"],"route_ids":["271"]}},{"type":"Feature","geometry":{"type":"Point","coordinates":[-97.69029,30.44183]},"properties":{"id":"5929","name":"Wells Branch/Double File","routes":["243"],"route_ids":["243"]}},{"type":"Feature","geometry":{"type":"Point","coordinates":[-97.74189,30.27738]},"properties":{"id":"593","name":"Lavaca/15th","routes":["1","105","20","3","30","481","663","980","982","990"],"route_ids":["1","105","20","3","30","481","663","980","982","990"]}},{"type":"Feature","geometry":{"type":"Point","coordinates":[-97.70429,30.30656]},"properties":{"id":"5932","name":"1410 51st/Mueller","routes":["300","485"],"route_ids":["300","485"]}},{"type":"Feature","geometry":{"type":"Point","coordinates":[-97.74187,30.26991]},"properties":{"id":"5937","name":"104 8th/Congress","routes":["10","103","111","142","171","2","4","5","7","935"],"route_ids":["10","103","111","142","171","2","4","5","7","935"]}},{"type":"Feature","geometry":{"type":"Point","coordinates":[-97.74421,30.27061]},"properties":{"id":"5938","name":"216 8Th/Lavaca","routes":["10","103","111","142","171","2","4","5","7","935"],"route_ids":["10","103","111","142","171","2","4","5","7","935"]}},{"type":"Feature","geometry":{"type":"Point","coordinates":[-97.74136,30.27883]},"properties":{"id":"5940","name":"1609 Lavaca/17th (Midblock)","routes":["1","105","18","20","3","30","481","663","980","982","990"],"route_ids":["1","105","18","20","3","30","481","663","980","982","990"]}},{"type":"Feature","geometry":{"type":"Point","coordinates":[-97.88154,30.23176]},"properties":{"id":"5943","name":"Pinnacle Park and Ride","routes":["171"],"route_ids":["171"]}},{"type":"Feature","geometry":{"type":"Point","coordinates":[-97.74621,30.26579]},"properties":{"id":"5944","name":"Lavaca/3rd","routes":["105","111","142","171","990"],"route_ids":["105","111","142","171","990"]}},{"type":"Feature","geometry":{"type":"Point","coordinates":[-97.6563,30.32899]},"properties":{"id":"5945","name":"9100 US 290/Springdale","routes":["339"],"route_ids":["339"]}},{"type":"Feature","geometry":{"type":"Point","coordinates":[-97.73848,30.269]},"properties":{"id":"5949","name":"411 8th/Trinity","routes":["4","485"],"route_ids":["4","485"]}},{"type":"Feature","geometry":{"type":"Point","coordinates":[-97.74548,30.2715]},"properties":{"id":"5950","name":"812 Guadalupe/8th","routes":["105","20","30","980","982","985","990"],"route_ids":["105","20","30","980","982","985","990"]}},{"type":"Feature","geometry":{"type":"Point","coordinates":[-97.68157,30.37902]},"properties":{"id":"5951","name":"101 Braker/Georgian","routes":["392"],"route_ids":["392"]}},{"type":"Feature","geometry":{"type":"Point","coordinates":[-97.83092,30.19444]},"properties":{"id":"5962","name":"8425 West Gate/Cameron","routes":["318"],"route_ids":["318"]}},{"type":"Feature","geometry":{"type":"Point","coordinates":[-97.82346,30.19908]},"properties":{"id":"5963","name":"7809 West Gate/Epping","routes":["318"],"route_ids":["318"]}},{"type":"Feature","geometry":{"type":"Point","coordinates":[-97.73983,30.32752]},"properties":{"id":"5964","name":"5350 Burnet/Lawnmont","routes":["3","491"],"route_ids":["3","491"]}},{"type":"Feature","geometry":{"type":"Point","coordinates":[-97.74427,30.27095]},"properties":{"id":"5965","name":"813 Lavaca/8th (Farside)","routes":["20","30","481"],"route_ids":["20","30","481"]}},{"type":"Feature","geometry":{"type":"Point","coordinates":[-97.79585,30.16952]},"properties":{"id":"5968","name":"324 Slaughter/Francia","routes":["10","3","318"],"route_ids":["10","3","318"]}},{"type":"Feature","geometry":{"type":"Point","coordinates":[-97.71498,30.35303]},"properties":{"id":"5969","name":"8120 Research/Anderson","routes":["383"],"route_ids":["383"]}},{"type":"Feature","geometry":{"type":"Point","coordinates":[-97.70405,30.31996]},"properties":{"id":"5970","name":"SUNDAY","routes":["492"],"route_ids":["492"]}},{"type":"Feature","geometry":{"type":"Point","coordinates":[-97.71025,30.21529]},"properties":{"id":"5974","name":"2901 Montopolis/Oltorf","routes":["311"],"route_ids":["311"]}},{"type":"Feature","geometry":{"type":"Point","coordinates":[-97.67566,30.43565]},"properties":{"id":"5976","name":"1800 Wells Branch/Wells Port","routes":["243"],"route_ids":["243"]}},{"type":"Feature","geometry":{"type":"Point","coordinates":[-97.74351,30.30692]},"properties":{"id":"5977","name":"3900 Medical/39th","routes":["3"],"route_ids":["3"]}},{"type":"Feature","geometry":{"type":"Point","coordinates":[-97.74353,30.3047]},"properties":{"id":"5978","name":"3706 Lamar/38th","routes":["5"],"route_ids":["5"]}},{"type":"Feature","geometry":{"type":"Point","coordinates":[-97.72727,30.30807]},"properties":{"id":"5979","name":"201 45th/Avenue F","routes":["345"],"route_ids":["345"]}},{"type":"Feature","geometry":{"type":"Point","coordinates":[-97.62724,30.17131]},"properties":{"id":"5980","name":"12323 Pearce/Las Alas","routes":["271"],"route_ids":["271"]}},{"type":"Feature","geometry":{"type":"Point","coordinates":[-97.63124,30.29296]},"properties":{"id":"5981","name":"Loyola/Wentworth","routes":["18"],"route_ids":["18"]}},{"type":"Feature","geometry":{"type":"Point","coordinates":[-97.63132,30.29274]},"properties":{"id":"5982","name":"8309 Loyola/Wentworth","routes":["18","837"],"route_ids":["18","837"]}},{"type":"Feature","geometry":{"type":"Point","coordinates":[-97.62684,30.28404]},"properties":{"id":"5983","name":"6036 Elfen/Hog Eye","routes":["18"],"route_ids":["18"]}},{"type":"Feature","geometry":{"type":"Point","coordinates":[-97.6232,30.28248]},"properties":{"id":"5984","name":"9301 Hog Eye - Community First","routes":["18"],"route_ids":["18"]}},{"type":"Feature","geometry":{"type":"Point","coordinates":[-97.62792,30.17177]},"properties":{"id":"5985","name":"12321 Pearce/Las Alas","routes":["271"],"route_ids":["271"]}},{"type":"Feature","geometry":{"type":"Point","coordinates":[-97.61737,30.17285]},"properties":{"id":"5986","name":"12905 Thome Valley/Alomar","routes":["271"],"route_ids":["271"]}},{"type":"Feature","geometry":{"type":"Point","coordinates":[-97.61742,30.173]},"properties":{"id":"5987","name":"12904 Thome Valley/Alomar","routes":["271"],"route_ids":["271"]}},{"type":"Feature","geometry":{"type":"Point","coordinates":[-97.61319,30.17447]},"properties":{"id":"5988","name":"Gilwell/Thome Valley","routes":["271"],"route_ids":["271"]}},{"type":"Feature","geometry":{"type":"Point","coordinates":[-97.61346,30.17476]},"properties":{"id":"5989","name":"Gilwell/Justice","routes":["271"],"route_ids":["271"]}},{"type":"Feature","geometry":{"type":"Point","coordinates":[-97.61614,30.17552]},"properties":{"id":"5990","name":"Gilwell/Bahan","routes":["271"],"route_ids":["271"]}},{"type":"Feature","geometry":{"type":"Point","coordinates":[-97.61628,30.17567]},"properties":{"id":"5991","name":"Gilwell/Mathra","routes":["271"],"route_ids":["271"]}},{"type":"Feature","geometry":{"type":"Point","coordinates":[-97.73732,30.28055]},"properties":{"id":"5992","name":"112 Martin Luther King Jr/Congress","routes":["18","640"],"route_ids":["18","640"]}},{"type":"Feature","geometry":{"type":"Point","coordinates":[-97.82689,30.19886]},"properties":{"id":"5994","name":"8004 West Gate/Ranch","routes":["318"],"route_ids":["318"]}},{"type":"Feature","geometry":{"type":"Point","coordinates":[-97.75207,30.2753]},"properties":{"id":"5995","name":"1005 Lamar/10th","routes":["5"],"route_ids":["5"]}},{"type":"Feature","geometry":{"type":"Point","coordinates":[-97.63657,30.30042]},"properties":{"id":"5997","name":"Overton Driveway/Overton Driveway","routes":["233"],"route_ids":["233"]}},{"type":"Feature","geometry":{"type":"Point","coordinates":[-97.79899,30.17179]},"properties":{"id":"5999","name":"509 Slaughter/1st","routes":["10","201","3","318"],"route_ids":["10","201","3","318"]}},{"type":"Feature","geometry":{"type":"Point","coordinates":[-97.77908,30.22832]},"properties":{"id":"6002","name":"4104 Banister/Morgan","routes":["105"],"route_ids":["105"]}},{"type":"Feature","geometry":{"type":"Point","coordinates":[-97.64631,30.30304]},"properties":{"id":"6003","name":"Johnny Morris/Craybrough","routes":["233"],"route_ids":["233"]}},{"type":"Feature","geometry":{"type":"Point","coordinates":[-97.64305,30.30805]},"properties":{"id":"6004","name":"Johnny Morris/Point North","routes":["233"],"route_ids":["233"]}},{"type":"Feature","geometry":{"type":"Point","coordinates":[-97.6202,30.3143]},"properties":{"id":"6005","name":"Daffan/Oak Crest","routes":["233"],"route_ids":["233"]}},{"type":"Feature","geometry":{"type":"Point","coordinates":[-97.61525,30.31196]},"properties":{"id":"6006","name":"Daffan/Decker","routes":["233"],"route_ids":["233"]}},{"type":"Feature","geometry":{"type":"Point","coordinates":[-97.74117,30.29777]},"properties":{"id":"603","name":"31st Street Rapid  Station (NB)","routes":["1","3","30","481","801","803"],"route_ids":["1","3","30","481","801","803"]}},{"type":"Feature","geometry":{"type":"Point","coordinates":[-97.73928,30.30077]},"properties":{"id":"604","name":"Guadalupe/34th","routes":["1","3","30","481"],"route_ids":["1","3","30","481"]}},{"type":"Feature","geometry":{"type":"Point","coordinates":[-97.73816,30.30254]},"properties":{"id":"605","name":"Guadalupe/38th","routes":["1","481","990"],"route_ids":["1","481","990"]}},{"type":"Feature","geometry":{"type":"Point","coordinates":[-97.73696,30.30442]},"properties":{"id":"606","name":"Hyde Park Station (NB)","routes":["1","481","801"],"route_ids":["1","481","801"]}},{"type":"Feature","geometry":{"type":"Point","coordinates":[-97.73579,30.30626]},"properties":{"id":"607","name":"Guadalupe/41st","routes":["1","481"],"route_ids":["1","481"]}},{"type":"Feature","geometry":{"type":"Point","coordinates":[-97.62213,30.30714]},"properties":{"id":"6070","name":"Eagles Landing Apt/Decker","routes":["233"],"route_ids":["233"]}},{"type":"Feature","geometry":{"type":"Point","coordinates":[-97.9751,30.47409]},"properties":{"id":"6071","name":"Lohman Ford/FM 1431","routes":["214"],"route_ids":["214"]}},{"type":"Feature","geometry":{"type":"Point","coordinates":[-97.73437,30.30847]},"properties":{"id":"608","name":"Guadalupe/43rd","routes":["1","481"],"route_ids":["1","481"]}},{"type":"Feature","geometry":{"type":"Point","coordinates":[-97.72423,30.24094]},"properties":{"id":"6082","name":"2219 Elmont/Town Lake","routes":["228","670","672"],"route_ids":["228","670","672"]}},{"type":"Feature","geometry":{"type":"Point","coordinates":[-97.68901,30.29537]},"properties":{"id":"6084","name":"4800 Manor/Creekwood","routes":["320"],"route_ids":["320"]}},{"type":"Feature","geometry":{"type":"Point","coordinates":[-97.69505,30.20686]},"properties":{"id":"6085","name":"Metropolis/Metlink","routes":["228"],"route_ids":["228"]}},{"type":"Feature","geometry":{"type":"Point","coordinates":[-97.73296,30.31068]},"properties":{"id":"609","name":"4413 Guadalupe/45th","routes":["1","481"],"route_ids":["1","481"]}},{"type":"Feature","geometry":{"type":"Point","coordinates":[-97.69867,30.29032]},"properties":{"id":"6091","name":"Mueller Tower NB (Berkman/Tom Miller)","routes":["335","485","800","837"],"route_ids":["335","485","800","837"]}},{"type":"Feature","geometry":{"type":"Point","coordinates":[-97.75014,30.39698]},"properties":{"id":"6093","name":"10300 Jollyville/Great Hills","routes":["3","383","982"],"route_ids":["3","383","982"]}},{"type":"Feature","geometry":{"type":"Point","coordinates":[-97.68116,30.50715]},"properties":{"id":"6094","name":"Bagdad/Brown","routes":["50","980"],"route_ids":["50","980"]}},{"type":"Feature","geometry":{"type":"Point","coordinates":[-97.6974,30.43522]},"properties":{"id":"6095","name":"New Life Park and Ride","routes":["980"],"route_ids":["980"]}},{"type":"Feature","geometry":{"type":"Point","coordinates":[-97.73227,30.3148]},"properties":{"id":"610","name":"Triangle Station (NB)","routes":["1","481","801","990"],"route_ids":["1","481","801","990"]}},{"type":"Feature","geometry":{"type":"Point","coordinates":[-97.73091,30.31846]},"properties":{"id":"611","name":"5007 Lamar/51st","routes":["1","481"],"route_ids":["1","481"]}},{"type":"Feature","geometry":{"type":"Point","coordinates":[-97.72911,30.32132]},"properties":{"id":"612","name":"North Loop East Rapid Station (NB)","routes":["1","481","801"],"route_ids":["1","481","801"]}},{"type":"Feature","geometry":{"type":"Point","coordinates":[-97.72821,30.32278]},"properties":{"id":"613","name":"5419 Lamar/Nelray","routes":["1","481"],"route_ids":["1","481"]}},{"type":"Feature","geometry":{"type":"Point","coordinates":[-97.72734,30.32416]},"properties":{"id":"614","name":"5555 Lamar/Nelray","routes":["1","481"],"route_ids":["1","481"]}},{"type":"Feature","geometry":{"type":"Point","coordinates":[-97.73957,30.28359]},"properties":{"id":"6159","name":"University/21st","routes":["640","663"],"route_ids":["640","663"]}},{"type":"Feature","geometry":{"type":"Point","coordinates":[-97.67048,30.48134]},"properties":{"id":"6160","name":"Louis Henna/Walmart","routes":["152"],"route_ids":["152"]}},{"type":"Feature","geometry":{"type":"Point","coordinates":[-97.6639,30.48524]},"properties":{"id":"6161","name":"Dell Way/Greenlawn","routes":["152","50"],"route_ids":["152","50"]}},{"type":"Feature","geometry":{"type":"Point","coordinates":[-97.72354,30.33018]},"properties":{"id":"617","name":"6201 Lamar/Denson","routes":["1","481"],"route_ids":["1","481"]}},{"type":"Feature","geometry":{"type":"Point","coordinates":[-97.7212,30.33386]},"properties":{"id":"618","name":"6541 Lamar/Brentwood","routes":["1","481"],"route_ids":["1","481"]}},{"type":"Feature","geometry":{"type":"Point","coordinates":[-97.62859,30.29167]},"properties":{"id":"6183","name":"Decker (Loyola/Decker)","routes":["18","233"],"route_ids":["18","233"]}},{"type":"Feature","geometry":{"type":"Point","coordinates":[-97.67552,30.49245]},"properties":{"id":"6190","name":"1816 Mays/Tower","routes":["50"],"route_ids":["50"]}},{"type":"Feature","geometry":{"type":"Point","coordinates":[-97.67575,30.49196]},"properties":{"id":"6191","name":"Mays/Tower","routes":["50"],"route_ids":["50"]}},{"type":"Feature","geometry":{"type":"Point","coordinates":[-97.67599,30.49641]},"properties":{"id":"6192","name":"Mays/Shipley","routes":["50"],"route_ids":["50"]}},{"type":"Feature","geometry":{"type":"Point","coordinates":[-97.67621,30.4998]},"properties":{"id":"6193","name":"Mays/Mays Crossing","routes":["50"],"route_ids":["50"]}},{"type":"Feature","geometry":{"type":"Point","coordinates":[-97.67606,30.50058]},"properties":{"id":"6194","name":"Mays/Mays Crossing","routes":["50"],"route_ids":["50"]}},{"type":"Feature","geometry":{"type":"Point","coordinates":[-97.67636,30.5092]},"properties":{"id":"6195","name":"Main/Burnet","routes":["50"],"route_ids":["50"]}},{"type":"Feature","geometry":{"type":"Point","coordinates":[-97.67599,30.50946]},"properties":{"id":"6196","name":"Main/Burnet","routes":["50"],"route_ids":["50"]}},{"type":"Feature","geometry":{"type":"Point","coordinates":[-97.67192,30.51044]},"properties":{"id":"6197","name":"Main St/Georgetown St","routes":["50"],"route_ids":["50"]}},{"type":"Feature","geometry":{"type":"Point","coordinates":[-97.6717,30.51075]},"properties":{"id":"6198","name":"104 Georgetown/Main","routes":["50"],"route_ids":["50"]}},{"type":"Feature","geometry":{"type":"Point","coordinates":[-97.67096,30.51663]},"properties":{"id":"6199","name":"Georgetown/Palm Valley","routes":["50"],"route_ids":["50"]}},{"type":"Feature","geometry":{"type":"Point","coordinates":[-97.71769,30.33996]},"properties":{"id":"620","name":"7240 Lamar/St Johns","routes":["1","481"],"route_ids":["1","481"]}},{"type":"Feature","geometry":{"type":"Point","coordinates":[-97.67096,30.51745]},"properties":{"id":"6200","name":"Georgetown/Palm Valley","routes":["50"],"route_ids":["50"]}},{"type":"Feature","geometry":{"type":"Point","coordinates":[-97.65724,30.52114]},"properties":{"id":"6201","name":"Plateau Vista/Aw Grimes","routes":["50"],"route_ids":["50"]}},{"type":"Feature","geometry":{"type":"Point","coordinates":[-97.65782,30.52099]},"properties":{"id":"6202","name":"Plateau Vista/Aw Grimes","routes":["50"],"route_ids":["50"]}},{"type":"Feature","geometry":{"type":"Point","coordinates":[-97.66143,30.52086]},"properties":{"id":"6203","name":"Mesa Park/Bayland","routes":["50"],"route_ids":["50"]}},{"type":"Feature","geometry":{"type":"Point","coordinates":[-97.66156,30.521]},"properties":{"id":"6204","name":"Mesa Park/Bayland","routes":["50"],"route_ids":["50"]}},{"type":"Feature","geometry":{"type":"Point","coordinates":[-97.66773,30.52261]},"properties":{"id":"6205","name":"Sunrise/Greenfield","routes":["50"],"route_ids":["50"]}},{"type":"Feature","geometry":{"type":"Point","coordinates":[-97.66789,30.52317]},"properties":{"id":"6206","name":"Sunrise/Greenfield","routes":["50"],"route_ids":["50"]}},{"type":"Feature","geometry":{"type":"Point","coordinates":[-97.66778,30.52615]},"properties":{"id":"6207","name":"Sunrise/Wayne","routes":["50"],"route_ids":["50"]}},{"type":"Feature","geometry":{"type":"Point","coordinates":[-97.66795,30.52652]},"properties":{"id":"6208","name":"Sunrise/Wayne","routes":["50"],"route_ids":["50"]}},{"type":"Feature","geometry":{"type":"Point","coordinates":[-97.6678,30.52975]},"properties":{"id":"6209","name":"Sunrise/Bowman (Tiger Trail)","routes":["50"],"route_ids":["50"]}},{"type":"Feature","geometry":{"type":"Point","coordinates":[-97.66801,30.53067]},"properties":{"id":"6210","name":"Sunrise/Bowman (Tiger Trail)","routes":["50"],"route_ids":["50"]}},{"type":"Feature","geometry":{"type":"Point","coordinates":[-97.66787,30.53473]},"properties":{"id":"6211","name":"Sunrise/Country Aire","routes":["50"],"route_ids":["50"]}},{"type":"Feature","geometry":{"type":"Point","coordinates":[-97.66806,30.53457]},"properties":{"id":"6212","name":"Sunrise/Country Aire","routes":["50"],"route_ids":["50"]}},{"type":"Feature","geometry":{"type":"Point","coordinates":[-97.66819,30.53756]},"properties":{"id":"6213","name":"Sunrise/Old Settlers","routes":["50"],"route_ids":["50"]}},{"type":"Feature","geometry":{"type":"Point","coordinates":[-97.66802,30.53805]},"properties":{"id":"6214","name":"Sunrise/Old Settlers","routes":["50"],"route_ids":["50"]}},{"type":"Feature","geometry":{"type":"Point","coordinates":[-97.671,30.54119]},"properties":{"id":"6215","name":"Sunrise/Double File","routes":["50"],"route_ids":["50"]}},{"type":"Feature","geometry":{"type":"Point","coordinates":[-97.67111,30.54104]},"properties":{"id":"6216","name":"Sunrise/Double File","routes":["50"],"route_ids":["50"]}},{"type":"Feature","geometry":{"type":"Point","coordinates":[-97.67656,30.55216]},"properties":{"id":"6219","name":"Sunrise/Eagles Nest","routes":["50"],"route_ids":["50"]}},{"type":"Feature","geometry":{"type":"Point","coordinates":[-97.71492,30.34385]},"properties":{"id":"622","name":"7545 Lamar/Morrow","routes":["1","481"],"route_ids":["1","481"]}},{"type":"Feature","geometry":{"type":"Point","coordinates":[-97.67682,30.55221]},"properties":{"id":"6220","name":"Sunrise/Eagles Nest","routes":["50"],"route_ids":["50"]}},{"type":"Feature","geometry":{"type":"Point","coordinates":[-97.67873,30.55775]},"properties":{"id":"6221","name":"Sunrise/Hidden Valley","routes":["50"],"route_ids":["50"]}},{"type":"Feature","geometry":{"type":"Point","coordinates":[-97.67937,30.55873]},"properties":{"id":"6222","name":"Sunrise/Hidden Valley","routes":["50"],"route_ids":["50"]}},{"type":"Feature","geometry":{"type":"Point","coordinates":[-97.68679,30.56808]},"properties":{"id":"6223","name":"Mays/Teravista","routes":["50"],"route_ids":["50"]}},{"type":"Feature","geometry":{"type":"Point","coordinates":[-97.68656,30.56841]},"properties":{"id":"6224","name":"N Mays St/Teravista Pkwy","routes":["50"],"route_ids":["50"]}},{"type":"Feature","geometry":{"type":"Point","coordinates":[-97.68717,30.56146]},"properties":{"id":"6225","name":"N Mays/University","routes":["50"],"route_ids":["50"]}},{"type":"Feature","geometry":{"type":"Point","coordinates":[-97.6869,30.56153]},"properties":{"id":"6226","name":"N Mays St/University","routes":["50"],"route_ids":["50"]}},{"type":"Feature","geometry":{"type":"Point","coordinates":[-97.6691,30.56584]},"properties":{"id":"6227","name":"University/Teravista Club","routes":["50"],"route_ids":["50"]}},{"type":"Feature","geometry":{"type":"Point","coordinates":[-97.66936,30.56597]},"properties":{"id":"6228","name":"University/Teravista Club","routes":["50"],"route_ids":["50"]}},{"type":"Feature","geometry":{"type":"Point","coordinates":[-97.66513,30.56701]},"properties":{"id":"6229","name":"University/Sandy Brook","routes":["50"],"route_ids":["50"]}},{"type":"Feature","geometry":{"type":"Point","coordinates":[-97.71156,30.34828]},"properties":{"id":"623","name":"8071 Lamar/Research","routes":["1"],"route_ids":["1"]}},{"type":"Feature","geometry":{"type":"Point","coordinates":[-97.66463,30.56737]},"properties":{"id":"6230","name":"University/Sandy Brook","routes":["50"],"route_ids":["50"]}},{"type":"Feature","geometry":{"type":"Point","coordinates":[-97.65849,30.56688]},"properties":{"id":"6232","name":"College Park/University","routes":["50"],"route_ids":["50"]}},{"type":"Feature","geometry":{"type":"Point","coordinates":[-97.70573,30.35312]},"properties":{"id":"624","name":"8415 Lamar/Thurmond","routes":["1"],"route_ids":["1"]}},{"type":"Feature","geometry":{"type":"Point","coordinates":[-97.67038,30.2194]},"properties":{"id":"6241","name":"1766 71/Thornberry","routes":["20","271","483"],"route_ids":["20","271","483"]}},{"type":"Feature","geometry":{"type":"Point","coordinates":[-97.69846,30.25195]},"properties":{"id":"6242","name":"408 Shady/5th","routes":["350"],"route_ids":["350"]}},{"type":"Feature","geometry":{"type":"Point","coordinates":[-97.76483,30.27503]},"properties":{"id":"6243","name":"504 Campbell/5th","routes":["4"],"route_ids":["4"]}},{"type":"Feature","geometry":{"type":"Point","coordinates":[-97.71852,30.31651]},"properties":{"id":"6248","name":"5302 Duval/53rd","routes":["7"],"route_ids":["7"]}},{"type":"Feature","geometry":{"type":"Point","coordinates":[-97.7028,30.37177]},"properties":{"id":"6250","name":"1300 Mearns Meadow/Parkfield","routes":["324"],"route_ids":["324"]}},{"type":"Feature","geometry":{"type":"Point","coordinates":[-97.70293,30.37171]},"properties":{"id":"6251","name":"1225 Mearns Meadow/Parkfield","routes":["324"],"route_ids":["324"]}},{"type":"Feature","geometry":{"type":"Point","coordinates":[-97.7052,30.37585]},"properties":{"id":"6252","name":"10014 Mountain Quail/Mearns Meadow","routes":["324"],"route_ids":["324"]}},{"type":"Feature","geometry":{"type":"Point","coordinates":[-97.70597,30.37573]},"properties":{"id":"6253","name":"10001 Mountain Quail/Oak Hollow","routes":["324"],"route_ids":["324"]}},{"type":"Feature","geometry":{"type":"Point","coordinates":[-97.70949,30.37133]},"properties":{"id":"6254","name":"9507 Mountain Quail/Rutland","routes":["324"],"route_ids":["324"]}},{"type":"Feature","geometry":{"type":"Point","coordinates":[-97.7093,30.37131]},"properties":{"id":"6255","name":"9512 Mountain Quail/Rutland","routes":["324"],"route_ids":["324"]}},{"type":"Feature","geometry":{"type":"Point","coordinates":[-97.70095,30.36991]},"properties":{"id":"6256","name":"1107 Mearns Meadow/Quail","routes":["324"],"route_ids":["324"]}},{"type":"Feature","geometry":{"type":"Point","coordinates":[-97.70104,30.36981]},"properties":{"id":"6257","name":"1106 Mearns Meadow/Quail","routes":["324"],"route_ids":["324"]}},{"type":"Feature","geometry":{"type":"Point","coordinates":[-97.70087,30.36675]},"properties":{"id":"6258","name":"1020 Mearns Meadow/Rutland","routes":["324"],"route_ids":["324"]}},{"type":"Feature","geometry":{"type":"Point","coordinates":[-97.7047,30.25203]},"properties":{"id":"6261","name":"3513 Cesar Chavez/Springdale","routes":["2","4"],"route_ids":["2","4"]}},{"type":"Feature","geometry":{"type":"Point","coordinates":[-97.7086,30.25174]},"properties":{"id":"6263","name":"3069 Cesar Chavez/Tillery","routes":["2","4"],"route_ids":["2","4"]}},{"type":"Feature","geometry":{"type":"Point","coordinates":[-97.71258,30.25301]},"properties":{"id":"6265","name":"2719 Cesar Chavez/Pleasant Valley","routes":["2","4"],"route_ids":["2","4"]}},{"type":"Feature","geometry":{"type":"Point","coordinates":[-97.713,30.25296]},"properties":{"id":"6266","name":"2723 Cesar Chavez/Pleasant Valley","routes":["2"],"route_ids":["2"]}},{"type":"Feature","geometry":{"type":"Point","coordinates":[-97.71728,30.25457]},"properties":{"id":"6267","name":"2411 Cesar Chavez/Pedernales","routes":["2"],"route_ids":["2"]}},{"type":"Feature","geometry":{"type":"Point","coordinates":[-97.71652,30.25421]},"properties":{"id":"6268","name":"2504 Cesar Chavez/Pedernales","routes":["2"],"route_ids":["2"]}},{"type":"Feature","geometry":{"type":"Point","coordinates":[-97.72059,30.25575]},"properties":{"id":"6269","name":"2111 Cesar Chavez/Robert Martinez","routes":["2"],"route_ids":["2"]}},{"type":"Feature","geometry":{"type":"Point","coordinates":[-97.70124,30.3564]},"properties":{"id":"627","name":"8745 Lamar/Deen","routes":["1"],"route_ids":["1"]}},{"type":"Feature","geometry":{"type":"Point","coordinates":[-97.72081,30.25572]},"properties":{"id":"6270","name":"2204 Cesar Chavez/Robert Martinez","routes":["2"],"route_ids":["2"]}},{"type":"Feature","geometry":{"type":"Point","coordinates":[-97.72484,30.25727]},"properties":{"id":"6271","name":"1801 Cesar Chavez/Chicon","routes":["2"],"route_ids":["2"]}},{"type":"Feature","geometry":{"type":"Point","coordinates":[-97.72408,30.25684]},"properties":{"id":"6272","name":"1906 Cesar Chavez/Chicon","routes":["2"],"route_ids":["2"]}},{"type":"Feature","geometry":{"type":"Point","coordinates":[-97.74614,30.26392]},"properties":{"id":"6274","name":"203 Cesar Chavez/Colorado","routes":["2"],"route_ids":["2"]}},{"type":"Feature","geometry":{"type":"Point","coordinates":[-97.74924,30.26711]},"properties":{"id":"6275","name":"321 Nueces/3rd","routes":["982"],"route_ids":["982"]}},{"type":"Feature","geometry":{"type":"Point","coordinates":[-97.73745,30.30227]},"properties":{"id":"6276","name":"467 38th/Guadalupe","routes":["335"],"route_ids":["335"]}},{"type":"Feature","geometry":{"type":"Point","coordinates":[-97.73382,30.30073]},"properties":{"id":"6277","name":"104 38th/Speedway","routes":["335"],"route_ids":["335"]}},{"type":"Feature","geometry":{"type":"Point","coordinates":[-97.7334,30.30039]},"properties":{"id":"6278","name":"101 38th/Speedway","routes":["335"],"route_ids":["335"]}},{"type":"Feature","geometry":{"type":"Point","coordinates":[-97.72958,30.29872]},"properties":{"id":"6279","name":"413 38th/Duval","routes":["335"],"route_ids":["335"]}},{"type":"Feature","geometry":{"type":"Point","coordinates":[-97.69963,30.35814]},"properties":{"id":"628","name":"8911 Lamar/Carpenter","routes":["1"],"route_ids":["1"]}},{"type":"Feature","geometry":{"type":"Point","coordinates":[-97.72969,30.29851]},"properties":{"id":"6280","name":"416 38th/Duval","routes":["335"],"route_ids":["335"]}},{"type":"Feature","geometry":{"type":"Point","coordinates":[-97.72345,30.29653]},"properties":{"id":"6281","name":"813 38th Half/Red River","routes":["335"],"route_ids":["335"]}},{"type":"Feature","geometry":{"type":"Point","coordinates":[-97.72343,30.29636]},"properties":{"id":"6282","name":"814 38th Half/Red River","routes":["335"],"route_ids":["335"]}},{"type":"Feature","geometry":{"type":"Point","coordinates":[-97.71378,30.29176]},"properties":{"id":"6285","name":"1612 38th Half/Cherrywood","routes":["335"],"route_ids":["335"]}},{"type":"Feature","geometry":{"type":"Point","coordinates":[-97.71064,30.29042]},"properties":{"id":"6286","name":"1801 38th Half/Brookview","routes":["335"],"route_ids":["335"]}},{"type":"Feature","geometry":{"type":"Point","coordinates":[-97.71002,30.28998]},"properties":{"id":"6287","name":"1802 38th Half/Basford","routes":["335"],"route_ids":["335"]}},{"type":"Feature","geometry":{"type":"Point","coordinates":[-97.70781,30.28924]},"properties":{"id":"6288","name":"1827 38th Half/Airport","routes":["335"],"route_ids":["335"]}},{"type":"Feature","geometry":{"type":"Point","coordinates":[-97.70045,30.28802]},"properties":{"id":"6289","name":"3504 Manor/Greenwood","routes":["320","335","485"],"route_ids":["320","335","485"]}},{"type":"Feature","geometry":{"type":"Point","coordinates":[-97.70671,30.28916]},"properties":{"id":"6290","name":"1906 38th Half/Airport","routes":["335"],"route_ids":["335"]}},{"type":"Feature","geometry":{"type":"Point","coordinates":[-97.69902,30.29021]},"properties":{"id":"6291","name":"Mueller Tower Station SB (Berkman/Tom Miller)","routes":["335","800","837"],"route_ids":["335","800","837"]}},{"type":"Feature","geometry":{"type":"Point","coordinates":[-97.70009,30.29634]},"properties":{"id":"6292","name":"Simond NB (Berkman/Simond)","routes":["335","485","800","837"],"route_ids":["335","485","800","837"]}},{"type":"Feature","geometry":{"type":"Point","coordinates":[-97.70038,30.29615]},"properties":{"id":"6293","name":"Simond SB (Berkman/Simond)","routes":["335","485","800","837"],"route_ids":["335","485","800","837"]}},{"type":"Feature","geometry":{"type":"Point","coordinates":[-97.69704,30.30666]},"properties":{"id":"6294","name":"5304 Berkman/Westmoor","routes":["10"],"route_ids":["10"]}},{"type":"Feature","geometry":{"type":"Point","coordinates":[-97.6972,30.30674]},"properties":{"id":"6295","name":"5305 Berkman/Broadmoor","routes":["10"],"route_ids":["10"]}},{"type":"Feature","geometry":{"type":"Point","coordinates":[-97.6783,30.29398]},"properties":{"id":"6296","name":"4281 51st/Springdale","routes":["300"],"route_ids":["300"]}},{"type":"Feature","geometry":{"type":"Point","coordinates":[-97.67813,30.29315]},"properties":{"id":"6297","name":"4918 Springdale/51st","routes":["300"],"route_ids":["300"]}},{"type":"Feature","geometry":{"type":"Point","coordinates":[-97.68233,30.29585]},"properties":{"id":"6298","name":"3105 51st/Pecan Springs","routes":["300"],"route_ids":["300"]}},{"type":"Feature","geometry":{"type":"Point","coordinates":[-97.68199,30.29551]},"properties":{"id":"6299","name":"3114 51st/Pecan Springs","routes":["300"],"route_ids":["300"]}},{"type":"Feature","geometry":{"type":"Point","coordinates":[-97.68691,30.29802]},"properties":{"id":"6300","name":"2785 51st/Manor","routes":["300"],"route_ids":["300"]}},{"type":"Feature","geometry":{"type":"Point","coordinates":[-97.68727,30.29834]},"properties":{"id":"6301","name":"2760 51st/Manor","routes":["300"],"route_ids":["300"]}},{"type":"Feature","geometry":{"type":"Point","coordinates":[-97.69811,30.30282]},"properties":{"id":"6303","name":"1828 51st/HEB","routes":["300"],"route_ids":["300"]}},{"type":"Feature","geometry":{"type":"Point","coordinates":[-97.70675,30.33412]},"properties":{"id":"6306","name":"467 St Johns/Duval","routes":["300"],"route_ids":["300"]}},{"type":"Feature","geometry":{"type":"Point","coordinates":[-97.7065,30.33382]},"properties":{"id":"6307","name":"576 St Johns/Roland Johnson","routes":["300"],"route_ids":["300"]}},{"type":"Feature","geometry":{"type":"Point","coordinates":[-97.74446,30.19728]},"properties":{"id":"6309","name":"4509 Teri/Pleasant Valley","routes":["7"],"route_ids":["7"]}},{"type":"Feature","geometry":{"type":"Point","coordinates":[-97.73952,30.31447]},"properties":{"id":"6310","name":"1115 45th/Bellvue","routes":["345"],"route_ids":["345"]}},{"type":"Feature","geometry":{"type":"Point","coordinates":[-97.74445,30.19701]},"properties":{"id":"6311","name":"4512 Teri/Pleasant Valley","routes":["7"],"route_ids":["7"]}},{"type":"Feature","geometry":{"type":"Point","coordinates":[-97.7469,30.1983]},"properties":{"id":"6312","name":"2332 Teri/Palo Blanco","routes":["7"],"route_ids":["7"]}},{"type":"Feature","geometry":{"type":"Point","coordinates":[-97.74904,30.20015]},"properties":{"id":"6313","name":"2303 Teri/Spruce","routes":["7"],"route_ids":["7"]}},{"type":"Feature","geometry":{"type":"Point","coordinates":[-97.74355,30.26923]},"properties":{"id":"6314","name":"115 7Th/Colorado","routes":["10","103","111","142","171","2","4","483","5","7","935"],"route_ids":["10","103","111","142","171","2","4","483","5","7","935"]}},{"type":"Feature","geometry":{"type":"Point","coordinates":[-97.73845,30.26922]},"properties":{"id":"6315","name":"8th Street NB (Trinity/8th)","routes":["10","103","111","142","171","2","5","7","837","935"],"route_ids":["10","103","111","142","171","2","5","7","837","935"]}},{"type":"Feature","geometry":{"type":"Point","coordinates":[-97.85097,30.23592]},"properties":{"id":"6316","name":"5976 290 Hwy/Harper Park","routes":["315"],"route_ids":["315"]}},{"type":"Feature","geometry":{"type":"Point","coordinates":[-97.83852,30.23606]},"properties":{"id":"6317","name":"5411 290 Hwy/Monterey Oaks","routes":["315"],"route_ids":["315"]}},{"type":"Feature","geometry":{"type":"Point","coordinates":[-97.82849,30.23569]},"properties":{"id":"6318","name":"5107 290 Hwy/Staggerbrush","routes":["315"],"route_ids":["315"]}},{"type":"Feature","geometry":{"type":"Point","coordinates":[-97.78407,30.16683]},"properties":{"id":"6319","name":"128 Slaughter/35","routes":["318"],"route_ids":["318"]}},{"type":"Feature","geometry":{"type":"Point","coordinates":[-97.69085,30.27366]},"properties":{"id":"632","name":"3810 OAK SPRINGS/SPRINGDALE","routes":["2"],"route_ids":["2"]}},{"type":"Feature","geometry":{"type":"Point","coordinates":[-97.84099,30.23716]},"properties":{"id":"6320","name":"5504 290 Hwy/Industrial Oaks","routes":["315"],"route_ids":["315"]}},{"type":"Feature","geometry":{"type":"Point","coordinates":[-97.7838,30.16711]},"properties":{"id":"6321","name":"149 Slaughter/35","routes":["318"],"route_ids":["318"]}},{"type":"Feature","geometry":{"type":"Point","coordinates":[-97.7891,30.16699]},"properties":{"id":"6322","name":"130 Slaughter/Congress","routes":["10","201","3","318"],"route_ids":["10","201","3","318"]}},{"type":"Feature","geometry":{"type":"Point","coordinates":[-97.77834,30.16293]},"properties":{"id":"6323","name":"626 Slaughter/Narrow Glen","routes":["318"],"route_ids":["318"]}},{"type":"Feature","geometry":{"type":"Point","coordinates":[-97.77848,30.16416]},"properties":{"id":"6324","name":"515 Slaughter/Narrow Glen","routes":["318"],"route_ids":["318"]}},{"type":"Feature","geometry":{"type":"Point","coordinates":[-97.77698,30.16035]},"properties":{"id":"6325","name":"732 Slaughter/E Slaughter To Brandt","routes":["318"],"route_ids":["318"]}},{"type":"Feature","geometry":{"type":"Point","coordinates":[-97.77673,30.16063]},"properties":{"id":"6326","name":"729 Slaughter/E Slaughter To Brandt","routes":["318"],"route_ids":["318"]}},{"type":"Feature","geometry":{"type":"Point","coordinates":[-97.78908,30.16729]},"properties":{"id":"6327","name":"132 Slaughter/Congress","routes":["318"],"route_ids":["318"]}},{"type":"Feature","geometry":{"type":"Point","coordinates":[-97.76863,30.15264]},"properties":{"id":"6328","name":"1708 Slaughter/Orchard Ridge","routes":["318"],"route_ids":["318"]}},{"type":"Feature","geometry":{"type":"Point","coordinates":[-97.76936,30.15311]},"properties":{"id":"6329","name":"1599 Slaughter/Orchard Ridge","routes":["318"],"route_ids":["318"]}},{"type":"Feature","geometry":{"type":"Point","coordinates":[-97.72466,30.25726]},"properties":{"id":"6330","name":"102 Chicon/Cesar Chavez","routes":["322"],"route_ids":["322"]}},{"type":"Feature","geometry":{"type":"Point","coordinates":[-97.72439,30.25749]},"properties":{"id":"6331","name":"107 Chicon/Cesar Chavez","routes":["322"],"route_ids":["322"]}},{"type":"Feature","geometry":{"type":"Point","coordinates":[-97.70562,30.30124]},"properties":{"id":"6332","name":"4804 Mueller/Philomena","routes":["10"],"route_ids":["10"]}},{"type":"Feature","geometry":{"type":"Point","coordinates":[-97.841,30.17911]},"properties":{"id":"6334","name":"3010 Slaughter/West Gate","routes":["318"],"route_ids":["318"]}},{"type":"Feature","geometry":{"type":"Point","coordinates":[-97.70039,30.30266]},"properties":{"id":"6335","name":"1716 Barbara Jordan/Berkman","routes":["10","335","485"],"route_ids":["10","335","485"]}},{"type":"Feature","geometry":{"type":"Point","coordinates":[-97.72155,30.30123]},"properties":{"id":"6336","name":"4121 Red River/Park","routes":["10","345"],"route_ids":["10","345"]}},{"type":"Feature","geometry":{"type":"Point","coordinates":[-97.7216,30.30162]},"properties":{"id":"6337","name":"4202 Red River/Park","routes":["10"],"route_ids":["10"]}},{"type":"Feature","geometry":{"type":"Point","coordinates":[-97.75283,30.15657]},"properties":{"id":"6338","name":"8630 Vertex/Charles Merle","routes":["333"],"route_ids":["333"]}},{"type":"Feature","geometry":{"type":"Point","coordinates":[-97.75308,30.15593]},"properties":{"id":"6339","name":"8707 Vertex/Cattle Baron","routes":["333"],"route_ids":["333"]}},{"type":"Feature","geometry":{"type":"Point","coordinates":[-97.69835,30.27361]},"properties":{"id":"634","name":"Oak Springs SB (Oak Springs/Airport)","routes":["2","800"],"route_ids":["2","800"]}},{"type":"Feature","geometry":{"type":"Point","coordinates":[-97.71534,30.31092]},"properties":{"id":"6340","name":"4923 Airport/50th","routes":["350"],"route_ids":["350"]}},{"type":"Feature","geometry":{"type":"Point","coordinates":[-97.68969,30.32486]},"properties":{"id":"6342","name":"1504 St Johns/Berkman","routes":["10"],"route_ids":["10"]}},{"type":"Feature","geometry":{"type":"Point","coordinates":[-97.69858,30.30354]},"properties":{"id":"6343","name":"1818 51st/Bartholomew Pool","routes":["300"],"route_ids":["300"]}},{"type":"Feature","geometry":{"type":"Point","coordinates":[-97.6918,30.32571]},"properties":{"id":"6346","name":"1423 St Johns/Cameron","routes":["10"],"route_ids":["10"]}},{"type":"Feature","geometry":{"type":"Point","coordinates":[-97.70224,30.35567]},"properties":{"id":"6348","name":"Fairfield Station (NB)","routes":["1","801"],"route_ids":["1","801"]}},{"type":"Feature","geometry":{"type":"Point","coordinates":[-97.70457,30.27256]},"properties":{"id":"635","name":"Oak Springs/Ridgeway","routes":["2"],"route_ids":["2"]}},{"type":"Feature","geometry":{"type":"Point","coordinates":[-97.76695,30.21778]},"properties":{"id":"6355","name":"St Elmo Station (NB)","routes":["1","486","801"],"route_ids":["1","486","801"]}},{"type":"Feature","geometry":{"type":"Point","coordinates":[-97.76802,30.2167]},"properties":{"id":"6356","name":"St Elmo Station (SB)","routes":["1","486","801"],"route_ids":["1","486","801"]}},{"type":"Feature","geometry":{"type":"Point","coordinates":[-97.78607,30.24074]},"properties":{"id":"6357","name":"Broken Spoke Station (NB)","routes":["300","484","803"],"route_ids":["300","484","803"]}},{"type":"Feature","geometry":{"type":"Point","coordinates":[-97.78618,30.24101]},"properties":{"id":"6358","name":"Broken Spoke Station (SB)","routes":["300","803"],"route_ids":["300","803"]}},{"type":"Feature","geometry":{"type":"Point","coordinates":[-97.72972,30.32079]},"properties":{"id":"6360","name":"North Loop East Station (SB)","routes":["1","481","801"],"route_ids":["1","481","801"]}},{"type":"Feature","geometry":{"type":"Point","coordinates":[-97.78787,30.16962]},"properties":{"id":"6361","name":"Slaughter Station (SB)","routes":["201","801"],"route_ids":["201","801"]}},{"type":"Feature","geometry":{"type":"Point","coordinates":[-97.78707,30.16996]},"properties":{"id":"6362","name":"Slaughter Station (NB)","routes":["201","801"],"route_ids":["201","801"]}},{"type":"Feature","geometry":{"type":"Point","coordinates":[-97.71705,30.33909]},"properties":{"id":"6363","name":"703 St Johns/Lamar","routes":["300"],"route_ids":["300"]}},{"type":"Feature","geometry":{"type":"Point","coordinates":[-97.75269,30.1724]},"properties":{"id":"6364","name":"5106 Quicksilver/Canella","routes":["333"],"route_ids":["333"]}},{"type":"Feature","geometry":{"type":"Point","coordinates":[-97.75239,30.1722]},"properties":{"id":"6365","name":"5109 Quicksilver/Pleasant Valley","routes":["333"],"route_ids":["333"]}},{"type":"Feature","geometry":{"type":"Point","coordinates":[-97.71203,30.25954]},"properties":{"id":"6366","name":"633 Calles/Diaz","routes":["493"],"route_ids":["493"]}},{"type":"Feature","geometry":{"type":"Point","coordinates":[-97.72071,30.23268]},"properties":{"id":"6367","name":"4522 Riverside/Wickersham","routes":["20","483"],"route_ids":["20","483"]}},{"type":"Feature","geometry":{"type":"Point","coordinates":[-97.70763,30.22674]},"properties":{"id":"6368","name":"5925 Riverside/Grove","routes":["20","350","483"],"route_ids":["20","350","483"]}},{"type":"Feature","geometry":{"type":"Point","coordinates":[-97.68032,30.27874]},"properties":{"id":"6369","name":"1411 Fort Branch/Meander","routes":["5"],"route_ids":["5"]}},{"type":"Feature","geometry":{"type":"Point","coordinates":[-97.7083,30.27232]},"properties":{"id":"637","name":"2420 Rosewood/Bedford","routes":["2"],"route_ids":["2"]}},{"type":"Feature","geometry":{"type":"Point","coordinates":[-97.73982,30.26816]},"properties":{"id":"6370","name":"303 7th/San Jacinto","routes":["4"],"route_ids":["4"]}},{"type":"Feature","geometry":{"type":"Point","coordinates":[-97.7903,30.23091]},"properties":{"id":"6373","name":"Westgate Transit Center - A","routes":["803"],"route_ids":["803"]}},{"type":"Feature","geometry":{"type":"Point","coordinates":[-97.79084,30.23111]},"properties":{"id":"6374","name":"Westgate Transit Center - B","routes":["300"],"route_ids":["300"]}},{"type":"Feature","geometry":{"type":"Point","coordinates":[-97.79113,30.23115]},"properties":{"id":"6375","name":"Westgate Transit Center - C","routes":["311"],"route_ids":["311"]}},{"type":"Feature","geometry":{"type":"Point","coordinates":[-97.79161,30.23153]},"properties":{"id":"6377","name":"Westgate Transit Center - E","routes":["315"],"route_ids":["315"]}},{"type":"Feature","geometry":{"type":"Point","coordinates":[-97.79059,30.2314]},"properties":{"id":"6379","name":"Westgate Transit Center - F","routes":["30","318"],"route_ids":["30","318"]}},{"type":"Feature","geometry":{"type":"Point","coordinates":[-97.71065,30.27124]},"properties":{"id":"638","name":"2370 Rosewood/Hargrave","routes":["2"],"route_ids":["2"]}},{"type":"Feature","geometry":{"type":"Point","coordinates":[-97.73498,30.27109]},"properties":{"id":"6382","name":"608 11th/Red River","routes":["2"],"route_ids":["2"]}},{"type":"Feature","geometry":{"type":"Point","coordinates":[-97.62879,30.29151]},"properties":{"id":"6384","name":"8473 Loyola/Decker","routes":["18"],"route_ids":["18"]}},{"type":"Feature","geometry":{"type":"Point","coordinates":[-97.67254,30.28139]},"properties":{"id":"6386","name":"4301 Tannehill/Webberville","routes":["5"],"route_ids":["5"]}},{"type":"Feature","geometry":{"type":"Point","coordinates":[-97.70346,30.30411]},"properties":{"id":"6387","name":"1508 Barbara Jordan/Mueller","routes":["335","485"],"route_ids":["335","485"]}},{"type":"Feature","geometry":{"type":"Point","coordinates":[-97.73804,30.35755]},"properties":{"id":"6388","name":"2751 Foster/Rockwood","routes":["324"],"route_ids":["324"]}},{"type":"Feature","geometry":{"type":"Point","coordinates":[-97.86838,30.22555]},"properties":{"id":"6390","name":"6188 Convict Hill/Escarpment","routes":["333"],"route_ids":["333"]}},{"type":"Feature","geometry":{"type":"Point","coordinates":[-97.86896,30.22603]},"properties":{"id":"6391","name":"6317 Convict Hill/Escarpment","routes":["333"],"route_ids":["333"]}},{"type":"Feature","geometry":{"type":"Point","coordinates":[-97.87863,30.23004]},"properties":{"id":"6392","name":"6959 Convict Hill/290","routes":["333"],"route_ids":["333"]}},{"type":"Feature","geometry":{"type":"Point","coordinates":[-97.87887,30.23006]},"properties":{"id":"6393","name":"6964 Convict Hill/290","routes":["333"],"route_ids":["333"]}},{"type":"Feature","geometry":{"type":"Point","coordinates":[-97.83078,30.23709]},"properties":{"id":"6395","name":"5169 290 Hwy/Boston","routes":["315"],"route_ids":["315"]}},{"type":"Feature","geometry":{"type":"Point","coordinates":[-97.84556,30.23595]},"properties":{"id":"6396","name":"5638 290 Hwy/Westcreek","routes":["315"],"route_ids":["315"]}},{"type":"Feature","geometry":{"type":"Point","coordinates":[-97.73556,30.25335]},"properties":{"id":"6404","name":"27 Waller/Flores","routes":["322","490","493"],"route_ids":["322","490","493"]}},{"type":"Feature","geometry":{"type":"Point","coordinates":[-97.7017,30.44047]},"properties":{"id":"6406","name":"Howard Station Bay B","routes":["980"],"route_ids":["980"]}},{"type":"Feature","geometry":{"type":"Point","coordinates":[-97.79972,30.17283]},"properties":{"id":"6407","name":"603 Slaughter/1st","routes":["3","318"],"route_ids":["3","318"]}},{"type":"Feature","geometry":{"type":"Point","coordinates":[-97.75509,30.3404]},"properties":{"id":"6408","name":"5843 Balcones/Northland","routes":["30","337"],"route_ids":["30","337"]}},{"type":"Feature","geometry":{"type":"Point","coordinates":[-97.70347,30.30387]},"properties":{"id":"6409","name":"1509 Barbara Jordan/Mueller","routes":["10","485"],"route_ids":["10","485"]}},{"type":"Feature","geometry":{"type":"Point","coordinates":[-97.69809,30.25216]},"properties":{"id":"6413","name":"5104 5th/Shady","routes":["350"],"route_ids":["350"]}},{"type":"Feature","geometry":{"type":"Point","coordinates":[-97.70393,30.25234]},"properties":{"id":"6414","name":"189 Springdale/Cesar Chavez","routes":["2"],"route_ids":["2"]}},{"type":"Feature","geometry":{"type":"Point","coordinates":[-97.68637,30.35721]},"properties":{"id":"6416","name":"841 Rundberg/Middle Fiskville","routes":["325"],"route_ids":["325"]}},{"type":"Feature","geometry":{"type":"Point","coordinates":[-97.68425,30.35581]},"properties":{"id":"6417","name":"1003 Rundberg/North Plaza","routes":["325"],"route_ids":["325"]}},{"type":"Feature","geometry":{"type":"Point","coordinates":[-97.68444,30.35617]},"properties":{"id":"6418","name":"928 Rundberg/North Plaza","routes":["325"],"route_ids":["325"]}},{"type":"Feature","geometry":{"type":"Point","coordinates":[-97.69134,30.3402]},"properties":{"id":"6419","name":"Norwood Transit Center - A","routes":["10","485"],"route_ids":["10","485"]}},{"type":"Feature","geometry":{"type":"Point","coordinates":[-97.69102,30.3404]},"properties":{"id":"6421","name":"Norwood Transit Center - C","routes":["325"],"route_ids":["325"]}},{"type":"Feature","geometry":{"type":"Point","coordinates":[-97.691,30.34047]},"properties":{"id":"6423","name":"Norwood Transit Center - E","routes":["339"],"route_ids":["339"]}},{"type":"Feature","geometry":{"type":"Point","coordinates":[-97.69116,30.34037]},"properties":{"id":"6424","name":"Norwood Transit Center - F","routes":["339"],"route_ids":["339"]}},{"type":"Feature","geometry":{"type":"Point","coordinates":[-97.72357,30.38522]},"properties":{"id":"6427","name":"10099 Burnet/Mc Hale","routes":["3","383"],"route_ids":["3","383"]}},{"type":"Feature","geometry":{"type":"Point","coordinates":[-97.72406,30.23346]},"properties":{"id":"6428","name":"2007 Pleasant Valley/Riverside","routes":["228","300","483"],"route_ids":["228","300","483"]}},{"type":"Feature","geometry":{"type":"Point","coordinates":[-97.69388,30.32378]},"properties":{"id":"6431","name":"6822 Cameron/Camino La Costa","routes":["300","337","485"],"route_ids":["300","337","485"]}},{"type":"Feature","geometry":{"type":"Point","coordinates":[-97.68439,30.23283]},"properties":{"id":"6432","name":"183/Patton (Esperanza Community)","routes":["217"],"route_ids":["217"]}},{"type":"Feature","geometry":{"type":"Point","coordinates":[-97.67183,30.37497]},"properties":{"id":"6433","name":"1031 Braker/Bluff Bend","routes":["392"],"route_ids":["392"]}},{"type":"Feature","geometry":{"type":"Point","coordinates":[-97.70704,30.20355]},"properties":{"id":"6434","name":"6749 Metropolis/Smith School","routes":["228"],"route_ids":["228"]}},{"type":"Feature","geometry":{"type":"Point","coordinates":[-97.70372,30.23618]},"properties":{"id":"6439","name":"ACC Riverside  @ Grove","routes":["310","311","350"],"route_ids":["310","311","350"]}},{"type":"Feature","geometry":{"type":"Point","coordinates":[-97.7263,30.16283]},"properties":{"id":"6441","name":"Easton Park SB (McKinney Falls/William Cannon)","routes":["800"],"route_ids":["800"]}},{"type":"Feature","geometry":{"type":"Point","coordinates":[-97.72324,30.23453]},"properties":{"id":"6442","name":"1971 Riverside /Pleasant Valley (WB)","routes":["20","228"],"route_ids":["20","228"]}},{"type":"Feature","geometry":{"type":"Point","coordinates":[-97.72947,30.2437]},"properties":{"id":"6443","name":"1770 Riverside/Shore District","routes":["20","483","7"],"route_ids":["20","483","7"]}},{"type":"Feature","geometry":{"type":"Point","coordinates":[-97.75294,30.21585]},"properties":{"id":"6444","name":"Ben White & SB I-35","routes":["310"],"route_ids":["310"]}},{"type":"Feature","geometry":{"type":"Point","coordinates":[-97.83518,30.23607]},"properties":{"id":"6446","name":"5328 290 Hwy/290","routes":["315"],"route_ids":["315"]}},{"type":"Feature","geometry":{"type":"Point","coordinates":[-97.69739,30.25158]},"properties":{"id":"6447","name":"5207 Eastside Bus Plaza Bay G","routes":["2"],"route_ids":["2"]}},{"type":"Feature","geometry":{"type":"Point","coordinates":[-97.69763,30.2517]},"properties":{"id":"6448","name":"5203 Eastside Bus Plaza Bay H","routes":["2"],"route_ids":["2"]}},{"type":"Feature","geometry":{"type":"Point","coordinates":[-97.69783,30.2518]},"properties":{"id":"6449","name":"5129 Eastside Bus Plaza Bay I","routes":["217"],"route_ids":["217"]}},{"type":"Feature","geometry":{"type":"Point","coordinates":[-97.69802,30.25189]},"properties":{"id":"6450","name":"5119 Eastside Bus Plaza Bay J","routes":["4"],"route_ids":["4"]}},{"type":"Feature","geometry":{"type":"Point","coordinates":[-97.7087,30.35096]},"properties":{"id":"6451","name":"8223 Lamar/Powell/NB","routes":["1"],"route_ids":["1"]}},{"type":"Feature","geometry":{"type":"Point","coordinates":[-97.70957,30.35075]},"properties":{"id":"6452","name":"8130 Lamar/Powell/SB","routes":["1","481"],"route_ids":["1","481"]}},{"type":"Feature","geometry":{"type":"Point","coordinates":[-97.67149,30.43913]},"properties":{"id":"6453","name":"1678 Wells Branch/Owen Tech","routes":["243"],"route_ids":["243"]}},{"type":"Feature","geometry":{"type":"Point","coordinates":[-97.72256,30.38863]},"properties":{"id":"6456","name":"10403 Burnet/Bright Verde","routes":["3","383"],"route_ids":["3","383"]}},{"type":"Feature","geometry":{"type":"Point","coordinates":[-97.72304,30.38791]},"properties":{"id":"6457","name":"10401 Burnet/Bright Verde","routes":["3","383"],"route_ids":["3","383"]}},{"type":"Feature","geometry":{"type":"Point","coordinates":[-97.78177,30.24237]},"properties":{"id":"6458","name":"2928 Menchaca/Lightsey","routes":["3"],"route_ids":["3"]}},{"type":"Feature","geometry":{"type":"Point","coordinates":[-97.7305,30.26556]},"properties":{"id":"6460","name":"1114 7th/Waller","routes":["4","485"],"route_ids":["4","485"]}},{"type":"Feature","geometry":{"type":"Point","coordinates":[-97.72934,30.26497]},"properties":{"id":"6461","name":"1225 7th/Attayac","routes":["4","485"],"route_ids":["4","485"]}},{"type":"Feature","geometry":{"type":"Point","coordinates":[-97.69236,30.30149]},"properties":{"id":"6462","name":"5030 Tilley/51st","routes":["300"],"route_ids":["300"]}},{"type":"Feature","geometry":{"type":"Point","coordinates":[-97.69172,30.30133]},"properties":{"id":"6463","name":"2121 51st/Tilley","routes":["300"],"route_ids":["300"]}},{"type":"Feature","geometry":{"type":"Point","coordinates":[-97.72084,30.20195]},"properties":{"id":"6467","name":"6218 Stassney/TX Dot Way SB","routes":["311"],"route_ids":["311"]}},{"type":"Feature","geometry":{"type":"Point","coordinates":[-97.71944,30.2025]},"properties":{"id":"6468","name":"6303 Stassney/TX Dot Way NB","routes":["311"],"route_ids":["311"]}},{"type":"Feature","geometry":{"type":"Point","coordinates":[-97.83837,30.17783]},"properties":{"id":"6469","name":"2784 Slaughter/Lindshire","routes":["318"],"route_ids":["318"]}},{"type":"Feature","geometry":{"type":"Point","coordinates":[-97.71839,30.28458]},"properties":{"id":"6471","name":"2914 Cherrywood/Manor","routes":["322"],"route_ids":["322"]}},{"type":"Feature","geometry":{"type":"Point","coordinates":[-97.73955,30.39925]},"properties":{"id":"6472","name":"4223 Braker/Stonelake","routes":["3"],"route_ids":["3"]}},{"type":"Feature","geometry":{"type":"Point","coordinates":[-97.66391,30.48545]},"properties":{"id":"6474","name":"376 Dellway /Greenlawn","routes":["152","50"],"route_ids":["152","50"]}},{"type":"Feature","geometry":{"type":"Point","coordinates":[-97.65603,30.56341]},"properties":{"id":"6476","name":"9999 College Park/ACC Round Rock","routes":["50"],"route_ids":["50"]}},{"type":"Feature","geometry":{"type":"Point","coordinates":[-97.6736,30.56411]},"properties":{"id":"6477","name":"9999 University/Orion/Goodwill","routes":["50"],"route_ids":["50"]}},{"type":"Feature","geometry":{"type":"Point","coordinates":[-97.65291,30.56782]},"properties":{"id":"6478","name":"9999 Seton/Chautauqua/TX State","routes":["50"],"route_ids":["50"]}},{"type":"Feature","geometry":{"type":"Point","coordinates":[-97.79335,30.1678]},"properties":{"id":"6479","name":"305 Slaughter/Alice Mae","routes":["10","3","318"],"route_ids":["10","3","318"]}},{"type":"Feature","geometry":{"type":"Point","coordinates":[-97.83169,30.17647]},"properties":{"id":"6480","name":"2507 Slaughter/Piping Rock","routes":["318"],"route_ids":["318"]}},{"type":"Feature","geometry":{"type":"Point","coordinates":[-97.7435,30.17546]},"properties":{"id":"6481","name":"5783 William Cannon/Onion Creek Soccer Field EB","routes":["333"],"route_ids":["333"]}},{"type":"Feature","geometry":{"type":"Point","coordinates":[-97.74341,30.17582]},"properties":{"id":"6482","name":"5764 William Cannon/Onion Creek Soccer Complex WB","routes":["333"],"route_ids":["333"]}},{"type":"Feature","geometry":{"type":"Point","coordinates":[-97.71122,30.21541]},"properties":{"id":"6483","name":"6143 Oltorf/Montopolis/EB","routes":["228"],"route_ids":["228"]}},{"type":"Feature","geometry":{"type":"Point","coordinates":[-97.83372,30.17646]},"properties":{"id":"6484","name":"2618 Slaughter/Curlew/EB","routes":["318"],"route_ids":["318"]}},{"type":"Feature","geometry":{"type":"Point","coordinates":[-97.7726,30.20905]},"properties":{"id":"6485","name":"5210 Congress/Ramble","routes":["1","486"],"route_ids":["1","486"]}},{"type":"Feature","geometry":{"type":"Point","coordinates":[-97.73916,30.33834]},"properties":{"id":"6486","name":"6303 Burnet/White Horse/NB","routes":["3"],"route_ids":["3"]}},{"type":"Feature","geometry":{"type":"Point","coordinates":[-97.70774,30.26771]},"properties":{"id":"6488","name":"ACC Eastview SB (Webberville/Govalle)","routes":["800"],"route_ids":["800"]}},{"type":"Feature","geometry":{"type":"Point","coordinates":[-97.70736,30.26809]},"properties":{"id":"6489","name":"ACC Eastview NB (Webberville/Govalle)","routes":["800"],"route_ids":["800"]}},{"type":"Feature","geometry":{"type":"Point","coordinates":[-97.74194,30.20409]},"properties":{"id":"6490","name":"Franklin Park NB (Pleasant Valley/St Elmo)","routes":["800"],"route_ids":["800"]}},{"type":"Feature","geometry":{"type":"Point","coordinates":[-97.74218,30.20412]},"properties":{"id":"6491","name":"Franklin Park SB (Pleasant Valley/St Elmo)","routes":["800"],"route_ids":["800"]}},{"type":"Feature","geometry":{"type":"Point","coordinates":[-97.66501,30.31337]},"properties":{"id":"6494","name":"Springdale Center SB (Manor/Susquehanna)","routes":["837"],"route_ids":["837"]}},{"type":"Feature","geometry":{"type":"Point","coordinates":[-97.68687,30.29834]},"properties":{"id":"6495","name":"51st/Manor NB (Manor/51st)","routes":["320","837"],"route_ids":["320","837"]}},{"type":"Feature","geometry":{"type":"Point","coordinates":[-97.70637,30.28595]},"properties":{"id":"6496","name":"Airport Blvd SB (Airport/Manor)","routes":["800"],"route_ids":["800"]}},{"type":"Feature","geometry":{"type":"Point","coordinates":[-97.70703,30.28627]},"properties":{"id":"6497","name":"Manor Westbound (Manor/Airport)","routes":["320","837"],"route_ids":["320","837"]}},{"type":"Feature","geometry":{"type":"Point","coordinates":[-97.72947,30.28885]},"properties":{"id":"6498","name":"East Dean Keeton SB (Dean Keeton/Medical Arts)","routes":["10","171","320","837"],"route_ids":["10","171","320","837"]}},{"type":"Feature","geometry":{"type":"Point","coordinates":[-97.73903,30.27137]},"properties":{"id":"6499","name":"Capitol/Waterloo SB (San Jacinto/10th)","routes":["10","103","111","142","171","2","5","7","837","935"],"route_ids":["10","103","111","142","171","2","5","7","837","935"]}},{"type":"Feature","geometry":{"type":"Point","coordinates":[-97.73744,30.27196]},"properties":{"id":"6500","name":"Capitol/Waterloo NB (Trinity/11th)","routes":["10","103","111","142","171","5","7","837","935"],"route_ids":["10","103","111","142","171","5","7","837","935"]}},{"type":"Feature","geometry":{"type":"Point","coordinates":[-97.73988,30.26896]},"properties":{"id":"6501","name":"8th Street SB (San Jacinto/8th)","routes":["837"],"route_ids":["837"]}},{"type":"Feature","geometry":{"type":"Point","coordinates":[-97.7409,30.26626]},"properties":{"id":"6502","name":"Brush Square SB (San Jacinto/5th)","routes":["837"],"route_ids":["837"]}},{"type":"Feature","geometry":{"type":"Point","coordinates":[-97.7398,30.26565]},"properties":{"id":"6503","name":"Brush Square NB (Trinity/4th)","routes":["454","837"],"route_ids":["454","837"]}},{"type":"Feature","geometry":{"type":"Point","coordinates":[-97.73413,30.21671]},"properties":{"id":"6505","name":"Mission Hill NB (Burleson/Mission Hill)","routes":["800"],"route_ids":["800"]}},{"type":"Feature","geometry":{"type":"Point","coordinates":[-97.73436,30.21674]},"properties":{"id":"6506","name":"Mission Hill SB (Burleson/Mission Hill)","routes":["800"],"route_ids":["800"]}},{"type":"Feature","geometry":{"type":"Point","coordinates":[-97.73538,30.228]},"properties":{"id":"6507","name":"Iroquois NB (Burleson/Iroquois)","routes":["800"],"route_ids":["800"]}},{"type":"Feature","geometry":{"type":"Point","coordinates":[-97.73548,30.22767]},"properties":{"id":"6508","name":"Iroquois SB (Burleson/Iroquois)","routes":["800"],"route_ids":["800"]}},{"type":"Feature","geometry":{"type":"Point","coordinates":[-97.74631,30.17902]},"properties":{"id":"6509","name":"Onion Creek SB (William Cannon/Pleasant Valley)","routes":["800"],"route_ids":["800"]}},{"type":"Feature","geometry":{"type":"Point","coordinates":[-97.74649,30.17956]},"properties":{"id":"6510","name":"Onion Creek NB (William Cannon/Pleasant Valley)","routes":["800"],"route_ids":["800"]}},{"type":"Feature","geometry":{"type":"Point","coordinates":[-97.73332,30.23075]},"properties":{"id":"6511","name":"Oltorf at Burton NB (Oltorf/Burton)","routes":["300","310","800"],"route_ids":["300","310","800"]}},{"type":"Feature","geometry":{"type":"Point","coordinates":[-97.73403,30.23107]},"properties":{"id":"6512","name":"Oltorf at Burton SB (Oltorf/Burton)","routes":["300","800"],"route_ids":["300","800"]}},{"type":"Feature","geometry":{"type":"Point","coordinates":[-97.71265,30.25316]},"properties":{"id":"6515","name":"Cesar Chavez NB (Pleasant Valley/Cesar Chavez)","routes":["300","800"],"route_ids":["300","800"]}},{"type":"Feature","geometry":{"type":"Point","coordinates":[-97.713,30.25282]},"properties":{"id":"6516","name":"Cesar Chavez SB (Pleasant Valley/Cesar Chavez)","routes":["300","800"],"route_ids":["300","800"]}},{"type":"Feature","geometry":{"type":"Point","coordinates":[-97.80557,30.47825]},"properties":{"id":"6517","name":"9999 Lakeline/N 183 Hwy SB","routes":["383"],"route_ids":["383"]}},{"type":"Feature","geometry":{"type":"Point","coordinates":[-97.73873,30.27657]},"properties":{"id":"6518","name":"117 15th/Brazos","routes":["985"],"route_ids":["985"]}},{"type":"Feature","geometry":{"type":"Point","coordinates":[-97.71755,30.38797]},"properties":{"id":"6519","name":"McKalla Station","routes":["550"],"route_ids":["550"]}},{"type":"Feature","geometry":{"type":"Point","coordinates":[-97.76818,30.18738]},"properties":{"id":"6520","name":"Bluff Springs/BitterCreek","routes":["333"],"route_ids":["333"]}},{"type":"Feature","geometry":{"type":"Point","coordinates":[-97.74264,30.16379]},"properties":{"id":"6521","name":"Salt Springs at Tara","routes":["333"],"route_ids":["333"]}},{"type":"Feature","geometry":{"type":"Point","coordinates":[-97.7442,30.16151]},"properties":{"id":"6522","name":"Salt Springs at Roseborough Dr","routes":["333"],"route_ids":["333"]}},{"type":"Feature","geometry":{"type":"Point","coordinates":[-97.65503,30.3098]},"properties":{"id":"6523","name":"Tumbleweed at Purplesage","routes":["320"],"route_ids":["320"]}},{"type":"Feature","geometry":{"type":"Point","coordinates":[-97.70831,30.22667]},"properties":{"id":"6524","name":"Grove at Riverside","routes":["311"],"route_ids":["311"]}},{"type":"Feature","geometry":{"type":"Point","coordinates":[-97.77449,30.20539]},"properties":{"id":"6525","name":"Stassney NB Rapid","routes":["1","801"],"route_ids":["1","801"]}},{"type":"Feature","geometry":{"type":"Point","coordinates":[-97.71554,30.32342]},"properties":{"id":"6526","name":"Airport at Clayton SB","routes":["337","350","7"],"route_ids":["337","350","7"]}},{"type":"Feature","geometry":{"type":"Point","coordinates":[-97.71566,30.3242]},"properties":{"id":"6527","name":"Airport at Clayton NB","routes":["337","350","7"],"route_ids":["337","350","7"]}},{"type":"Feature","geometry":{"type":"Point","coordinates":[-97.68634,30.38231]},"properties":{"id":"6528","name":"Braker Station (SB)","routes":["1","801"],"route_ids":["1","801"]}},{"type":"Feature","geometry":{"type":"Point","coordinates":[-97.72684,30.16143]},"properties":{"id":"6530","name":"Easton Park NB (McKinney Falls/William Cannon)","routes":["800"],"route_ids":["800"]}},{"type":"Feature","geometry":{"type":"Point","coordinates":[-97.70738,30.2916]},"properties":{"id":"6531","name":"4001 Airport/Antone","routes":["350"],"route_ids":["350"]}},{"type":"Feature","geometry":{"type":"Point","coordinates":[-97.70769,30.29128]},"properties":{"id":"6532","name":"3952 Airport/Antone","routes":["350"],"route_ids":["350"]}},{"type":"Feature","geometry":{"type":"Point","coordinates":[-97.72432,30.24114]},"properties":{"id":"6534","name":"2220 Elmont/Town Lake","routes":["670"],"route_ids":["670"]}},{"type":"Feature","geometry":{"type":"Point","coordinates":[-97.72324,30.23338]},"properties":{"id":"6536","name":"4405 Riverside/Pleasant Valley","routes":["483"],"route_ids":["483"]}},{"type":"Feature","geometry":{"type":"Point","coordinates":[-97.72157,30.23984]},"properties":{"id":"6542","name":"2428 Elmont/Town Lake","routes":["670"],"route_ids":["670"]}},{"type":"Feature","geometry":{"type":"Point","coordinates":[-97.62501,30.29425]},"properties":{"id":"6551","name":"Expo Center Bay D","routes":["837"],"route_ids":["837"]}},{"type":"Feature","geometry":{"type":"Point","coordinates":[-97.62486,30.29397]},"properties":{"id":"6553","name":"Expo Center Bay F","routes":["337"],"route_ids":["337"]}},{"type":"Feature","geometry":{"type":"Point","coordinates":[-97.62459,30.29386]},"properties":{"id":"6554","name":"Expo Center Bay G","routes":["18"],"route_ids":["18"]}},{"type":"Feature","geometry":{"type":"Point","coordinates":[-97.75827,30.15153]},"properties":{"id":"6555","name":"Goodnight Ranch Bay D","routes":["333"],"route_ids":["333"]}},{"type":"Feature","geometry":{"type":"Point","coordinates":[-97.75901,30.15153]},"properties":{"id":"6558","name":"Goodnight Ranch Bay A","routes":["800"],"route_ids":["800"]}},{"type":"Feature","geometry":{"type":"Point","coordinates":[-97.62432,30.29376]},"properties":{"id":"6559","name":"Expo Center Bay H","routes":["233"],"route_ids":["233"]}},{"type":"Feature","geometry":{"type":"Point","coordinates":[-97.75864,30.15179]},"properties":{"id":"6560","name":"2501 Slaughter/Goodnight Ranch","routes":["318"],"route_ids":["318"]}},{"type":"Feature","geometry":{"type":"Point","coordinates":[-97.76445,30.15191]},"properties":{"id":"6561","name":"2022 Slaughter/Old Lockhart","routes":["318"],"route_ids":["318"]}},{"type":"Feature","geometry":{"type":"Point","coordinates":[-97.76457,30.1516]},"properties":{"id":"6562","name":"2001 Slaughter/Old Lockhart","routes":["318"],"route_ids":["318"]}},{"type":"Feature","geometry":{"type":"Point","coordinates":[-97.76783,30.22932]},"properties":{"id":"6564","name":"3700 S 1st/S Center","routes":["10"],"route_ids":["10"]}},{"type":"Feature","geometry":{"type":"Point","coordinates":[-97.70606,30.23004]},"properties":{"id":"6569","name":"Fairway/Grove","routes":["217","271"],"route_ids":["217","271"]}},{"type":"Feature","geometry":{"type":"Point","coordinates":[-97.73124,30.26986]},"properties":{"id":"657","name":"907 11th/Branch","routes":["2"],"route_ids":["2"]}},{"type":"Feature","geometry":{"type":"Point","coordinates":[-97.70162,30.25595]},"properties":{"id":"6570","name":"7th/Springdale","routes":["2","4","485"],"route_ids":["2","4","485"]}},{"type":"Feature","geometry":{"type":"Point","coordinates":[-97.72968,30.26927]},"properties":{"id":"658","name":"11th/Waller","routes":["2"],"route_ids":["2"]}},{"type":"Feature","geometry":{"type":"Point","coordinates":[-97.72782,30.26861]},"properties":{"id":"659","name":"1201 11th/Lydia","routes":["2"],"route_ids":["2"]}},{"type":"Feature","geometry":{"type":"Point","coordinates":[-97.72446,30.26878]},"properties":{"id":"661","name":"1319 Rosewood/Angelina","routes":["2"],"route_ids":["2"]}},{"type":"Feature","geometry":{"type":"Point","coordinates":[-97.7186,30.2697]},"properties":{"id":"663","name":"1909 Rosewood/Chicon","routes":["2"],"route_ids":["2"]}},{"type":"Feature","geometry":{"type":"Point","coordinates":[-97.71054,30.27111]},"properties":{"id":"665","name":"2399 ROSEWOOD/HARGRAVE","routes":["2"],"route_ids":["2"]}},{"type":"Feature","geometry":{"type":"Point","coordinates":[-97.70514,30.27236]},"properties":{"id":"666","name":"Rosewood/Webberville","routes":["2"],"route_ids":["2"]}},{"type":"Feature","geometry":{"type":"Point","coordinates":[-97.70232,30.27279]},"properties":{"id":"667","name":"2807 Oak Springs/Webberville","routes":["2","493"],"route_ids":["2","493"]}},{"type":"Feature","geometry":{"type":"Point","coordinates":[-97.69813,30.27348]},"properties":{"id":"668","name":"3201 Oak Springs/Airport","routes":["2","493"],"route_ids":["2","493"]}},{"type":"Feature","geometry":{"type":"Point","coordinates":[-97.6913,30.27353]},"properties":{"id":"669","name":"Oak Springs/Springdale","routes":["2"],"route_ids":["2"]}},{"type":"Feature","geometry":{"type":"Point","coordinates":[-97.73436,30.35066]},"properties":{"id":"675","name":"7500 Burnet/Richcreek","routes":["3"],"route_ids":["3"]}},{"type":"Feature","geometry":{"type":"Point","coordinates":[-97.73867,30.34269]},"properties":{"id":"678","name":"Burnet/Twin Oaks Dr.","routes":["3"],"route_ids":["3"]}},{"type":"Feature","geometry":{"type":"Point","coordinates":[-97.73968,30.325]},"properties":{"id":"684","name":"North Loop Station (SB)","routes":["3","803"],"route_ids":["3","803"]}},{"type":"Feature","geometry":{"type":"Point","coordinates":[-97.73944,30.32221]},"properties":{"id":"685","name":"Burnet/Hancock","routes":["3"],"route_ids":["3"]}},{"type":"Feature","geometry":{"type":"Point","coordinates":[-97.73931,30.32033]},"properties":{"id":"686","name":"Burnet/W. 49th","routes":["3"],"route_ids":["3"]}},{"type":"Feature","geometry":{"type":"Point","coordinates":[-97.73995,30.31813]},"properties":{"id":"687","name":"Burnet/W. 47th","routes":["3"],"route_ids":["3"]}},{"type":"Feature","geometry":{"type":"Point","coordinates":[-97.74162,30.31553]},"properties":{"id":"688","name":"Burnet/W. 45th","routes":["3"],"route_ids":["3"]}},{"type":"Feature","geometry":{"type":"Point","coordinates":[-97.74237,30.31247]},"properties":{"id":"689","name":"4214 Medical Parkway/43rd","routes":["3"],"route_ids":["3"]}},{"type":"Feature","geometry":{"type":"Point","coordinates":[-97.74267,30.3109]},"properties":{"id":"690","name":"4112 Medical Parkway/42nd","routes":["3"],"route_ids":["3"]}},{"type":"Feature","geometry":{"type":"Point","coordinates":[-97.74274,30.30857]},"properties":{"id":"691","name":"Medical Pkwy/W. 40th","routes":["3"],"route_ids":["3"]}},{"type":"Feature","geometry":{"type":"Point","coordinates":[-97.75241,30.26574]},"properties":{"id":"716","name":"800 Cesar Chavez/West","routes":["111","171","3","803","935","980","985"],"route_ids":["111","171","3","803","935","980","985"]}},{"type":"Feature","geometry":{"type":"Point","coordinates":[-97.75658,30.2674]},"properties":{"id":"717","name":"B R Reynolds/Lamar","routes":["3"],"route_ids":["3"]}},{"type":"Feature","geometry":{"type":"Point","coordinates":[-97.76411,30.25247]},"properties":{"id":"722","name":"1414 Lamar/Collier/SB","routes":["3","484"],"route_ids":["3","484"]}},{"type":"Feature","geometry":{"type":"Point","coordinates":[-97.78163,30.24303]},"properties":{"id":"728","name":"2806 Menchaca/Lightsey","routes":["3","484"],"route_ids":["3","484"]}},{"type":"Feature","geometry":{"type":"Point","coordinates":[-97.78224,30.24035]},"properties":{"id":"729","name":"3204 Menchaca/Glen Allen","routes":["3","484"],"route_ids":["3","484"]}},{"type":"Feature","geometry":{"type":"Point","coordinates":[-97.78357,30.23745]},"properties":{"id":"730","name":"3624 Menchaca/Larchmont","routes":["3","484"],"route_ids":["3","484"]}},{"type":"Feature","geometry":{"type":"Point","coordinates":[-97.78576,30.23397]},"properties":{"id":"732","name":"3906 Menchaca/Prather","routes":["3","484"],"route_ids":["3","484"]}},{"type":"Feature","geometry":{"type":"Point","coordinates":[-97.78811,30.2305]},"properties":{"id":"733","name":"4308 Menchaca/Ben White","routes":["3","484"],"route_ids":["3","484"]}},{"type":"Feature","geometry":{"type":"Point","coordinates":[-97.78938,30.22846]},"properties":{"id":"734","name":"4430 Menchaca/Redd","routes":["103","3"],"route_ids":["103","3"]}},{"type":"Feature","geometry":{"type":"Point","coordinates":[-97.79092,30.22599]},"properties":{"id":"735","name":"4616 Menchaca/Forest Hill","routes":["3"],"route_ids":["3"]}},{"type":"Feature","geometry":{"type":"Point","coordinates":[-97.79235,30.22374]},"properties":{"id":"736","name":"4804 Menchaca/Frontier","routes":["3"],"route_ids":["3"]}},{"type":"Feature","geometry":{"type":"Point","coordinates":[-97.79407,30.22097]},"properties":{"id":"737","name":"5000 Menchaca/Jones","routes":["3"],"route_ids":["3"]}},{"type":"Feature","geometry":{"type":"Point","coordinates":[-97.79609,30.21768]},"properties":{"id":"739","name":"5322 Menchaca/Inverness","routes":["3"],"route_ids":["3"]}},{"type":"Feature","geometry":{"type":"Point","coordinates":[-97.79716,30.21606]},"properties":{"id":"740","name":"5532 Menchaca/Stassney","routes":["3"],"route_ids":["3"]}},{"type":"Feature","geometry":{"type":"Point","coordinates":[-97.79952,30.21439]},"properties":{"id":"742","name":"5720 Menchaca/Whitestone","routes":["103","3"],"route_ids":["103","3"]}},{"type":"Feature","geometry":{"type":"Point","coordinates":[-97.80363,30.21067]},"properties":{"id":"743","name":"6212 Menchaca/Berkett","routes":["103","3"],"route_ids":["103","3"]}},{"type":"Feature","geometry":{"type":"Point","coordinates":[-97.80471,30.20895]},"properties":{"id":"744","name":"6372 Menchaca/Berkeley","routes":["103","3"],"route_ids":["103","3"]}},{"type":"Feature","geometry":{"type":"Point","coordinates":[-97.80593,30.20708]},"properties":{"id":"745","name":"6514 Menchaca/Miles","routes":["103","3"],"route_ids":["103","3"]}},{"type":"Feature","geometry":{"type":"Point","coordinates":[-97.80716,30.20203]},"properties":{"id":"746","name":"Menchaca/William Cannon SW Corner","routes":["3"],"route_ids":["3"]}},{"type":"Feature","geometry":{"type":"Point","coordinates":[-97.80682,30.20269]},"properties":{"id":"750","name":"Menchaca/William Cannon SE Corner","routes":["3"],"route_ids":["3"]}},{"type":"Feature","geometry":{"type":"Point","coordinates":[-97.80584,30.2069]},"properties":{"id":"751","name":"6601 Menchaca/Miles","routes":["103","3"],"route_ids":["103","3"]}},{"type":"Feature","geometry":{"type":"Point","coordinates":[-97.8045,30.20902]},"properties":{"id":"752","name":"6305 Menchaca/Berkeley","routes":["103","3"],"route_ids":["103","3"]}},{"type":"Feature","geometry":{"type":"Point","coordinates":[-97.80188,30.21281]},"properties":{"id":"754","name":"6001 Menchaca/Independence","routes":["3"],"route_ids":["3"]}},{"type":"Feature","geometry":{"type":"Point","coordinates":[-97.79886,30.21449]},"properties":{"id":"755","name":"5701 Menchaca/Whitestone","routes":["3"],"route_ids":["3"]}},{"type":"Feature","geometry":{"type":"Point","coordinates":[-97.79572,30.21795]},"properties":{"id":"757","name":"Menchaca/Inverness","routes":["3"],"route_ids":["3"]}},{"type":"Feature","geometry":{"type":"Point","coordinates":[-97.795,30.21906]},"properties":{"id":"758","name":"5309 Menchaca/Fair Oaks","routes":["3"],"route_ids":["3"]}},{"type":"Feature","geometry":{"type":"Point","coordinates":[-97.7876,30.23086]},"properties":{"id":"764","name":"4301 Menchaca/Fort View","routes":["3"],"route_ids":["3"]}},{"type":"Feature","geometry":{"type":"Point","coordinates":[-97.78551,30.23405]},"properties":{"id":"765","name":"3909 Menchaca/Prather","routes":["103","3"],"route_ids":["103","3"]}},{"type":"Feature","geometry":{"type":"Point","coordinates":[-97.78292,30.2383]},"properties":{"id":"767","name":"3505 Menchaca/Larchmont","routes":["3"],"route_ids":["3"]}},{"type":"Feature","geometry":{"type":"Point","coordinates":[-97.78208,30.24051]},"properties":{"id":"768","name":"3201 Menchaca/Glen Allen","routes":["3"],"route_ids":["3"]}},{"type":"Feature","geometry":{"type":"Point","coordinates":[-97.77969,30.24538]},"properties":{"id":"771","name":"2639 Lamar/Dickson","routes":["3","300","484"],"route_ids":["3","300","484"]}},{"type":"Feature","geometry":{"type":"Point","coordinates":[-97.77739,30.24675]},"properties":{"id":"772","name":"2401 Lamar/Bluebonnet","routes":["3","300","484"],"route_ids":["3","300","484"]}},{"type":"Feature","geometry":{"type":"Point","coordinates":[-97.77428,30.24728]},"properties":{"id":"773","name":"2201 Lamar/Kinney","routes":["3","300","484"],"route_ids":["3","300","484"]}},{"type":"Feature","geometry":{"type":"Point","coordinates":[-97.76397,30.25229]},"properties":{"id":"776","name":"1458 Lamar/Collier","routes":["3","484"],"route_ids":["3","484"]}},{"type":"Feature","geometry":{"type":"Point","coordinates":[-97.76259,30.25403]},"properties":{"id":"777","name":"Lamar Square Station (NB)","routes":["3","484","803"],"route_ids":["3","484","803"]}},{"type":"Feature","geometry":{"type":"Point","coordinates":[-97.75805,30.26163]},"properties":{"id":"781","name":"Barton Springs Station (NB)","routes":["3","484","803"],"route_ids":["3","484","803"]}},{"type":"Feature","geometry":{"type":"Point","coordinates":[-97.74595,30.30053]},"properties":{"id":"806","name":"3105 Lamar/31st","routes":["5"],"route_ids":["5"]}},{"type":"Feature","geometry":{"type":"Point","coordinates":[-97.74468,30.30255]},"properties":{"id":"807","name":"3317 Lamar/34th","routes":["5"],"route_ids":["5"]}},{"type":"Feature","geometry":{"type":"Point","coordinates":[-97.74388,30.30569]},"properties":{"id":"809","name":"38th/Medical Pkwy","routes":["3","30","335","982"],"route_ids":["3","30","335","982"]}},{"type":"Feature","geometry":{"type":"Point","coordinates":[-97.74258,30.30973]},"properties":{"id":"811","name":"Medical Pkwy/41st","routes":["3"],"route_ids":["3"]}},{"type":"Feature","geometry":{"type":"Point","coordinates":[-97.74192,30.31405]},"properties":{"id":"813","name":"Medical Pkwy/44th","routes":["3"],"route_ids":["3"]}},{"type":"Feature","geometry":{"type":"Point","coordinates":[-97.74103,30.31602]},"properties":{"id":"814","name":"Burnet/45th","routes":["3","345"],"route_ids":["3","345"]}},{"type":"Feature","geometry":{"type":"Point","coordinates":[-97.73914,30.32049]},"properties":{"id":"815","name":"Burnet/49th","routes":["3"],"route_ids":["3"]}},{"type":"Feature","geometry":{"type":"Point","coordinates":[-97.73924,30.32177]},"properties":{"id":"816","name":"5011 Burnet/Hancock","routes":["3"],"route_ids":["3"]}},{"type":"Feature","geometry":{"type":"Point","coordinates":[-97.73957,30.32628]},"properties":{"id":"817","name":"North Loop Station (NB)","routes":["3","803"],"route_ids":["3","803"]}},{"type":"Feature","geometry":{"type":"Point","coordinates":[-97.73988,30.33045]},"properties":{"id":"820","name":"Burnet/Adams","routes":["3","491"],"route_ids":["3","491"]}},{"type":"Feature","geometry":{"type":"Point","coordinates":[-97.7398,30.3342]},"properties":{"id":"822","name":"Allandale Station (NB)","routes":["3","491","803"],"route_ids":["3","491","803"]}},{"type":"Feature","geometry":{"type":"Point","coordinates":[-97.7389,30.33997]},"properties":{"id":"824","name":"6425 Burnet/Whitehorse","routes":["3"],"route_ids":["3"]}},{"type":"Feature","geometry":{"type":"Point","coordinates":[-97.73755,30.34518]},"properties":{"id":"826","name":"Justin Station (NB)","routes":["3","803"],"route_ids":["3","803"]}},{"type":"Feature","geometry":{"type":"Point","coordinates":[-97.73545,30.34851]},"properties":{"id":"827","name":"Burnet/Greenlawn Pkwy","routes":["3"],"route_ids":["3"]}},{"type":"Feature","geometry":{"type":"Point","coordinates":[-97.73424,30.3504]},"properties":{"id":"828","name":"7439 Burnet/Richcreek","routes":["3"],"route_ids":["3"]}},{"type":"Feature","geometry":{"type":"Point","coordinates":[-97.73208,30.35386]},"properties":{"id":"829","name":"Northcross Station (NB)","routes":["3","803"],"route_ids":["3","803"]}},{"type":"Feature","geometry":{"type":"Point","coordinates":[-97.73427,30.35578]},"properties":{"id":"830","name":"Northcross Mall","routes":["491"],"route_ids":["491"]}},{"type":"Feature","geometry":{"type":"Point","coordinates":[-97.69877,30.23243]},"properties":{"id":"834","name":"1214 Montopolis/Larch","routes":["350"],"route_ids":["350"]}},{"type":"Feature","geometry":{"type":"Point","coordinates":[-97.70068,30.22448]},"properties":{"id":"836","name":"1501 Vargas/Riverside","routes":["217"],"route_ids":["217"]}},{"type":"Feature","geometry":{"type":"Point","coordinates":[-97.69819,30.22786]},"properties":{"id":"837","name":"1413 Vargas/Cruz","routes":["217"],"route_ids":["217"]}},{"type":"Feature","geometry":{"type":"Point","coordinates":[-97.69537,30.23165]},"properties":{"id":"839","name":"1101 Vargas/Montana","routes":["217"],"route_ids":["217"]}},{"type":"Feature","geometry":{"type":"Point","coordinates":[-97.6919,30.23635]},"properties":{"id":"841","name":"603 Vargas/Ponca","routes":["217"],"route_ids":["217"]}},{"type":"Feature","geometry":{"type":"Point","coordinates":[-97.70139,30.25596]},"properties":{"id":"844","name":"4600 7Th/Springdale","routes":["2","485"],"route_ids":["2","485"]}},{"type":"Feature","geometry":{"type":"Point","coordinates":[-97.71152,30.26066]},"properties":{"id":"847","name":"2700 7th/Calles","routes":["4","485"],"route_ids":["4","485"]}},{"type":"Feature","geometry":{"type":"Point","coordinates":[-97.71356,30.26096]},"properties":{"id":"848","name":"2500 7th/Pedernales","routes":["4","485"],"route_ids":["4","485"]}},{"type":"Feature","geometry":{"type":"Point","coordinates":[-97.7354,30.27751]},"properties":{"id":"866","name":"Medical School NB (Trinity/17th)","routes":["10","103","111","142","171","7","837","935","985"],"route_ids":["10","103","111","142","171","7","837","935","985"]}},{"type":"Feature","geometry":{"type":"Point","coordinates":[-97.7247,30.27907]},"properties":{"id":"870","name":"1509 Martin Luther King/Comal","routes":["18"],"route_ids":["18"]}},{"type":"Feature","geometry":{"type":"Point","coordinates":[-97.72137,30.2797]},"properties":{"id":"872","name":"1813 Martin Luther King/Chicon","routes":["18"],"route_ids":["18"]}},{"type":"Feature","geometry":{"type":"Point","coordinates":[-97.71814,30.28023]},"properties":{"id":"873","name":"2207 Martin Luther King/Ferdinand","routes":["18"],"route_ids":["18"]}},{"type":"Feature","geometry":{"type":"Point","coordinates":[-97.71595,30.28059]},"properties":{"id":"874","name":"2401 Martin Luther King/Maple","routes":["18"],"route_ids":["18"]}},{"type":"Feature","geometry":{"type":"Point","coordinates":[-97.71346,30.28097]},"properties":{"id":"875","name":"2615 Martin Luther King/Walnut","routes":["18"],"route_ids":["18"]}},{"type":"Feature","geometry":{"type":"Point","coordinates":[-97.7078,30.28187]},"properties":{"id":"877","name":"2915 Martin Luther King/Clifford","routes":["18"],"route_ids":["18"]}},{"type":"Feature","geometry":{"type":"Point","coordinates":[-97.6982,30.28332]},"properties":{"id":"880","name":"3431 Martin Luther King/Greenwood","routes":["18"],"route_ids":["18"]}},{"type":"Feature","geometry":{"type":"Point","coordinates":[-97.69571,30.2837]},"properties":{"id":"881","name":"3601 Martin Luther King/EM Franklin","routes":["18"],"route_ids":["18"]}},{"type":"Feature","geometry":{"type":"Point","coordinates":[-97.69316,30.28409]},"properties":{"id":"882","name":"3815 Martin Luther King/Perez","routes":["18"],"route_ids":["18"]}},{"type":"Feature","geometry":{"type":"Point","coordinates":[-97.68302,30.28587]},"properties":{"id":"898","name":"4600 Martin Luther King/Springdale","routes":["18"],"route_ids":["18"]}},{"type":"Feature","geometry":{"type":"Point","coordinates":[-97.69295,30.28434]},"properties":{"id":"902","name":"3900 Martin Luther King/Perez","routes":["18"],"route_ids":["18"]}},{"type":"Feature","geometry":{"type":"Point","coordinates":[-97.70154,30.28302]},"properties":{"id":"905","name":"3300 Martin Luther King/Tillery","routes":["18"],"route_ids":["18"]}},{"type":"Feature","geometry":{"type":"Point","coordinates":[-97.71332,30.28113]},"properties":{"id":"909","name":"2700 Martin Luther King/Walnut","routes":["18"],"route_ids":["18"]}},{"type":"Feature","geometry":{"type":"Point","coordinates":[-97.71714,30.28055]},"properties":{"id":"910","name":"2300 Martin Luther King/Chestnut","routes":["18"],"route_ids":["18"]}},{"type":"Feature","geometry":{"type":"Point","coordinates":[-97.7211,30.27988]},"properties":{"id":"911","name":"1900 Martin Luther King/Chicon","routes":["18"],"route_ids":["18"]}},{"type":"Feature","geometry":{"type":"Point","coordinates":[-97.7256,30.27907]},"properties":{"id":"913","name":"1498 Martin Luther King/Comal","routes":["18"],"route_ids":["18"]}},{"type":"Feature","geometry":{"type":"Point","coordinates":[-97.73664,30.27772]},"properties":{"id":"916","name":"Medical School SB (San Jacinto/17th)","routes":["10","103","111","142","171","7","837","935","985"],"route_ids":["10","103","111","142","171","7","837","935","985"]}},{"type":"Feature","geometry":{"type":"Point","coordinates":[-97.73753,30.27545]},"properties":{"id":"919","name":"San Jacinto/14th","routes":["10","103","111","142","171","7"],"route_ids":["10","103","111","142","171","7"]}},{"type":"Feature","geometry":{"type":"Point","coordinates":[-97.74022,30.26827]},"properties":{"id":"924","name":"7th/San Jacinto","routes":["485"],"route_ids":["485"]}},{"type":"Feature","geometry":{"type":"Point","coordinates":[-97.73717,30.26746]},"properties":{"id":"928","name":"511 7th/Red River","routes":["4","485"],"route_ids":["4","485"]}},{"type":"Feature","geometry":{"type":"Point","coordinates":[-97.73227,30.26597]},"properties":{"id":"929","name":"7th/San Marcos","routes":["4","485"],"route_ids":["4","485"]}},{"type":"Feature","geometry":{"type":"Point","coordinates":[-97.72233,30.26251]},"properties":{"id":"934","name":"Chicon/East 7th","routes":["4","485","493"],"route_ids":["4","485","493"]}},{"type":"Feature","geometry":{"type":"Point","coordinates":[-97.71819,30.26153]},"properties":{"id":"935","name":"7th/Robert T Martinez Jr","routes":["4","485"],"route_ids":["4","485"]}},{"type":"Feature","geometry":{"type":"Point","coordinates":[-97.7139,30.26085]},"properties":{"id":"936","name":"2425 7th/Pedernales","routes":["4","485"],"route_ids":["4","485"]}},{"type":"Feature","geometry":{"type":"Point","coordinates":[-97.71183,30.26053]},"properties":{"id":"937","name":"2621 7th/Calles","routes":["4","485"],"route_ids":["4","485"]}},{"type":"Feature","geometry":{"type":"Point","coordinates":[-97.70967,30.26005]},"properties":{"id":"938","name":"2789 7th/Pleasant Valley","routes":["4","485"],"route_ids":["4","485"]}},{"type":"Feature","geometry":{"type":"Point","coordinates":[-97.70451,30.25776]},"properties":{"id":"939","name":"3223 7th/Allen","routes":["4","485"],"route_ids":["4","485"]}},{"type":"Feature","geometry":{"type":"Point","coordinates":[-97.69789,30.2534]},"properties":{"id":"942","name":"4999 7th/Shady","routes":["2","4","485"],"route_ids":["2","4","485"]}},{"type":"Feature","geometry":{"type":"Point","coordinates":[-97.69256,30.23574]},"properties":{"id":"944","name":"618 Vargas/Ponca","routes":["217"],"route_ids":["217"]}},{"type":"Feature","geometry":{"type":"Point","coordinates":[-97.69572,30.23142]},"properties":{"id":"946","name":"1100 VARGAS/MONTANA","routes":["217"],"route_ids":["217"]}},{"type":"Feature","geometry":{"type":"Point","coordinates":[-97.69854,30.22764]},"properties":{"id":"948","name":"1420 VARGAS/SANTOS","routes":["217"],"route_ids":["217"]}},{"type":"Feature","geometry":{"type":"Point","coordinates":[-97.70378,30.2252]},"properties":{"id":"950","name":"6306 RIVERSIDE/MONTOPOLIS","routes":["20","217","271","483"],"route_ids":["20","217","271","483"]}},{"type":"Feature","geometry":{"type":"Point","coordinates":[-97.70671,30.22659]},"properties":{"id":"951","name":"6000 Riverside/Clubview","routes":["20","217","271","350"],"route_ids":["20","217","271","350"]}},{"type":"Feature","geometry":{"type":"Point","coordinates":[-97.70418,30.23501]},"properties":{"id":"953","name":"1101 Grove (ACC Riverside)","routes":["310","311","350"],"route_ids":["310","311","350"]}},{"type":"Feature","geometry":{"type":"Point","coordinates":[-97.72762,30.35447]},"properties":{"id":"954","name":"2007 Anderson/Burnet","routes":["339","5"],"route_ids":["339","5"]}},{"type":"Feature","geometry":{"type":"Point","coordinates":[-97.7234,30.35245]},"properties":{"id":"956","name":"Woodrow/Anderson","routes":["339","5"],"route_ids":["339","5"]}},{"type":"Feature","geometry":{"type":"Point","coordinates":[-97.72319,30.34988]},"properties":{"id":"958","name":"Woodrow/Princeton","routes":["5"],"route_ids":["5"]}},{"type":"Feature","geometry":{"type":"Point","coordinates":[-97.7248,30.34607]},"properties":{"id":"960","name":"Woodrow/Richcreek","routes":["5"],"route_ids":["5"]}},{"type":"Feature","geometry":{"type":"Point","coordinates":[-97.72512,30.34298]},"properties":{"id":"962","name":"7100 Woodrow/Piedmont","routes":["5"],"route_ids":["5"]}},{"type":"Feature","geometry":{"type":"Point","coordinates":[-97.7259,30.34152]},"properties":{"id":"963","name":"7000 Woodrow/Cullen","routes":["5"],"route_ids":["5"]}},{"type":"Feature","geometry":{"type":"Point","coordinates":[-97.72738,30.33921]},"properties":{"id":"964","name":"6800 Woodrow/Choquette","routes":["5"],"route_ids":["5"]}},{"type":"Feature","geometry":{"type":"Point","coordinates":[-97.72846,30.33748]},"properties":{"id":"965","name":"6600 Woodrow/Brentwood","routes":["5"],"route_ids":["5"]}},{"type":"Feature","geometry":{"type":"Point","coordinates":[-97.72945,30.33592]},"properties":{"id":"966","name":"Woodrow/Payne","routes":["5"],"route_ids":["5"]}},{"type":"Feature","geometry":{"type":"Point","coordinates":[-97.73068,30.33364]},"properties":{"id":"967","name":"Woodrow/Romeria","routes":["5"],"route_ids":["5"]}},{"type":"Feature","geometry":{"type":"Point","coordinates":[-97.7316,30.33102]},"properties":{"id":"968","name":"5900 Woodrow/Koenig","routes":["5"],"route_ids":["5"]}},{"type":"Feature","geometry":{"type":"Point","coordinates":[-97.73296,30.32887]},"properties":{"id":"969","name":"5626 Woodrow/Theckla","routes":["5"],"route_ids":["5"]}},{"type":"Feature","geometry":{"type":"Point","coordinates":[-97.7345,30.32646]},"properties":{"id":"970","name":"5500 Woodrow/Houston","routes":["5"],"route_ids":["5"]}},{"type":"Feature","geometry":{"type":"Point","coordinates":[-97.73585,30.3243]},"properties":{"id":"971","name":"5300 Woodrow/North Loop","routes":["5"],"route_ids":["5"]}},{"type":"Feature","geometry":{"type":"Point","coordinates":[-97.73695,30.32257]},"properties":{"id":"972","name":"5200 Woodrow/North","routes":["5"],"route_ids":["5"]}},{"type":"Feature","geometry":{"type":"Point","coordinates":[-97.73587,30.32054]},"properties":{"id":"973","name":"1215 51st/Grover","routes":["5"],"route_ids":["5"]}},{"type":"Feature","geometry":{"type":"Point","coordinates":[-97.73646,30.31855]},"properties":{"id":"974","name":"1143 49th/Grover","routes":["345","5"],"route_ids":["345","5"]}},{"type":"Feature","geometry":{"type":"Point","coordinates":[-97.73689,30.31298]},"properties":{"id":"977","name":"909 45th/Lamar","routes":["345"],"route_ids":["345"]}},{"type":"Feature","geometry":{"type":"Point","coordinates":[-97.73262,30.31061]},"properties":{"id":"978","name":"507 45th/Guadalupe","routes":["345"],"route_ids":["345"]}},{"type":"Feature","geometry":{"type":"Point","coordinates":[-97.73039,30.30954]},"properties":{"id":"979","name":"301 45th/Avenue C","routes":["345","656"],"route_ids":["345","656"]}},{"type":"Feature","geometry":{"type":"Point","coordinates":[-97.72867,30.30835]},"properties":{"id":"980","name":"Speedway/45th","routes":["656"],"route_ids":["656"]}},{"type":"Feature","geometry":{"type":"Point","coordinates":[-97.72973,30.3067]},"properties":{"id":"981","name":"4300 Speedway/43rd","routes":["656"],"route_ids":["656"]}},{"type":"Feature","geometry":{"type":"Point","coordinates":[-97.73179,30.3035]},"properties":{"id":"982","name":"4004 Speedway/40th","routes":["656"],"route_ids":["656"]}},{"type":"Feature","geometry":{"type":"Point","coordinates":[-97.73313,30.30138]},"properties":{"id":"983","name":"3812 Speedway/38th Half","routes":["656"],"route_ids":["656"]}},{"type":"Feature","geometry":{"type":"Point","coordinates":[-97.73582,30.29713]},"properties":{"id":"985","name":"3204 Speedway/33rd","routes":["656"],"route_ids":["656"]}},{"type":"Feature","geometry":{"type":"Point","coordinates":[-97.74336,30.26297]},"properties":{"id":"993","name":"Cesar Chavez/Brazos","routes":["2"],"route_ids":["2"]}},{"type":"Feature","geometry":{"type":"Point","coordinates":[-97.73184,30.24598]},"properties":{"id":"999","name":"Riverside/Summit","routes":["20","483","7"],"route_ids":["20","483","7"]}}]}